freq,unit,power_type,country,year,registrations
Annual,Number,Alternative energy,Albania,2019,3757
Annual,Number,Alternative energy,Albania,2020,372
Annual,Number,Alternative energy,Albania,2021,5703
Annual,Number,Alternative energy,Albania,2022,4114
Annual,Number,Alternative energy,Albania,2023,6088
Annual,Number,Alternative energy,Albania,2024,11047
Annual,Number,Alternative energy,Austria,2013,1285
Annual,Number,Alternative energy,Austria,2014,2074
Annual,Number,Alternative energy,Austria,2015,2389
Annual,Number,Alternative energy,Austria,2016,4317
Annual,Number,Alternative energy,Austria,2017,5868
Annual,Number,Alternative energy,Austria,2018,7406
Annual,Number,Alternative energy,Austria,2019,9841
Annual,Number,Alternative energy,Austria,2020,16393
Annual,Number,Alternative energy,Austria,2021,33466
Annual,Number,Alternative energy,Austria,2022,34242
Annual,Number,Alternative energy,Austria,2023,47642
Annual,Number,Alternative energy,Austria,2024,44635
Annual,Number,Alternative energy,Austria,2025,60653
Annual,Number,Alternative energy,Bosnia and Herzegovina,2013,39
Annual,Number,Alternative energy,Bosnia and Herzegovina,2014,46
Annual,Number,Alternative energy,Bosnia and Herzegovina,2015,49
Annual,Number,Alternative energy,Bosnia and Herzegovina,2016,141
Annual,Number,Alternative energy,Bosnia and Herzegovina,2017,136
Annual,Number,Alternative energy,Bosnia and Herzegovina,2018,101
Annual,Number,Alternative energy,Bosnia and Herzegovina,2019,137
Annual,Number,Alternative energy,Bosnia and Herzegovina,2020,73
Annual,Number,Alternative energy,Bosnia and Herzegovina,2021,229
Annual,Number,Alternative energy,Bosnia and Herzegovina,2022,300
Annual,Number,Alternative energy,Bosnia and Herzegovina,2023,333
Annual,Number,Alternative energy,Bosnia and Herzegovina,2024,300
Annual,Number,Alternative energy,Bosnia and Herzegovina,2025,244
Annual,Number,Alternative energy,Belgium,2013,843
Annual,Number,Alternative energy,Belgium,2014,2234
Annual,Number,Alternative energy,Belgium,2015,2146
Annual,Number,Alternative energy,Belgium,2016,4453
Annual,Number,Alternative energy,Belgium,2017,5408
Annual,Number,Alternative energy,Belgium,2018,7931
Annual,Number,Alternative energy,Belgium,2019,12525
Annual,Number,Alternative energy,Belgium,2020,18919
Annual,Number,Alternative energy,Belgium,2021,25866
Annual,Number,Alternative energy,Belgium,2022,40652
Annual,Number,Alternative energy,Belgium,2023,97043
Annual,Number,Alternative energy,Belgium,2024,131433
Annual,Number,Alternative energy,Belgium,2025,147179
Annual,Number,Alternative energy,Bulgaria,2020,303
Annual,Number,Alternative energy,Bulgaria,2021,416
Annual,Number,Alternative energy,Bulgaria,2022,1042
Annual,Number,Alternative energy,Bulgaria,2023,1783
Annual,Number,Alternative energy,Bulgaria,2024,1786
Annual,Number,Alternative energy,Bulgaria,2025,2620
Annual,Number,Alternative energy,Switzerland,2013,2272
Annual,Number,Alternative energy,Switzerland,2014,3012
Annual,Number,Alternative energy,Switzerland,2015,4993
Annual,Number,Alternative energy,Switzerland,2016,4484
Annual,Number,Alternative energy,Switzerland,2017,5704
Annual,Number,Alternative energy,Switzerland,2018,6172
Annual,Number,Alternative energy,Switzerland,2019,14460
Annual,Number,Alternative energy,Switzerland,2020,20378
Annual,Number,Alternative energy,Switzerland,2021,32394
Annual,Number,Alternative energy,Switzerland,2022,40730
Annual,Number,Alternative energy,Switzerland,2023,53031
Annual,Number,Alternative energy,Switzerland,2024,46636
Annual,Number,Alternative energy,Switzerland,2025,52880
Annual,Number,Alternative energy,Cyprus,2013,8
Annual,Number,Alternative energy,Cyprus,2014,1
Annual,Number,Alternative energy,Cyprus,2015,4
Annual,Number,Alternative energy,Cyprus,2016,7
Annual,Number,Alternative energy,Cyprus,2017,18
Annual,Number,Alternative energy,Cyprus,2018,5
Annual,Number,Alternative energy,Cyprus,2019,58
Annual,Number,Alternative energy,Cyprus,2020,42
Annual,Number,Alternative energy,Cyprus,2021,80
Annual,Number,Alternative energy,Cyprus,2022,403
Annual,Number,Alternative energy,Cyprus,2023,788
Annual,Number,Alternative energy,Cyprus,2024,1193
Annual,Number,Alternative energy,Cyprus,2025,1474
Annual,Number,Alternative energy,Czechia,2020,5870
Annual,Number,Alternative energy,Czechia,2021,6726
Annual,Number,Alternative energy,Czechia,2022,8584
Annual,Number,Alternative energy,Czechia,2023,10661
Annual,Number,Alternative energy,Czechia,2024,15523
Annual,Number,Alternative energy,Czechia,2025,19517
Annual,Number,Alternative energy,Germany,2013,46534
Annual,Number,Alternative energy,Germany,2014,50482
Annual,Number,Alternative energy,Germany,2015,56202
Annual,Number,Alternative energy,Germany,2016,65703
Annual,Number,Alternative energy,Germany,2017,33326
Annual,Number,Alternative energy,Germany,2018,51711
Annual,Number,Alternative energy,Germany,2019,78487
Annual,Number,Alternative energy,Germany,2020,208271
Annual,Number,Alternative energy,Germany,2021,370529
Annual,Number,Alternative energy,Germany,2022,488321
Annual,Number,Alternative energy,Germany,2023,539070
Annual,Number,Alternative energy,Germany,2024,394733
Annual,Number,Alternative energy,Germany,2025,557437
Annual,Number,Alternative energy,Denmark,2013,549
Annual,Number,Alternative energy,Denmark,2014,1608
Annual,Number,Alternative energy,Denmark,2015,1315
Annual,Number,Alternative energy,Denmark,2016,1315
Annual,Number,Alternative energy,Denmark,2017,753
Annual,Number,Alternative energy,Denmark,2018,1557
Annual,Number,Alternative energy,Denmark,2019,5515
Annual,Number,Alternative energy,Denmark,2020,14263
Annual,Number,Alternative energy,Denmark,2021,24951
Annual,Number,Alternative energy,Denmark,2022,30805
Annual,Number,Alternative energy,Denmark,2023,62577
Annual,Number,Alternative energy,Denmark,2024,89058
Annual,Number,Alternative energy,Denmark,2025,126472
Annual,Number,Alternative energy,Estonia,2013,137
Annual,Number,Alternative energy,Estonia,2014,348
Annual,Number,Alternative energy,Estonia,2015,46
Annual,Number,Alternative energy,Estonia,2016,35
Annual,Number,Alternative energy,Estonia,2017,35
Annual,Number,Alternative energy,Estonia,2018,86
Annual,Number,Alternative energy,Estonia,2019,655
Annual,Number,Alternative energy,Estonia,2020,1008
Annual,Number,Alternative energy,Estonia,2021,954
Annual,Number,Alternative energy,Estonia,2022,979
Annual,Number,Alternative energy,Estonia,2023,1515
Annual,Number,Alternative energy,Estonia,2024,1469
Annual,Number,Alternative energy,Estonia,2025,872
Annual,Number,Alternative energy,Greece,2021,5568
Annual,Number,Alternative energy,Greece,2022,6536
Annual,Number,Alternative energy,Greece,2023,10154
Annual,Number,Alternative energy,Greece,2024,12143
Annual,Number,Alternative energy,Greece,2025,13607
Annual,Number,Alternative energy,Spain,2013,2088
Annual,Number,Alternative energy,Spain,2014,2589
Annual,Number,Alternative energy,Spain,2015,5121
Annual,Number,Alternative energy,Spain,2016,5522
Annual,Number,Alternative energy,Spain,2017,12531
Annual,Number,Alternative energy,Spain,2018,34090
Annual,Number,Alternative energy,Spain,2019,42864
Annual,Number,Alternative energy,Spain,2020,33560
Annual,Number,Alternative energy,Spain,2021,40091
Annual,Number,Alternative energy,Spain,2022,47636
Annual,Number,Alternative energy,Spain,2023,82720
Annual,Number,Alternative energy,Spain,2024,93935
Annual,Number,Alternative energy,Spain,2025,165220
Annual,Number,Alternative energy,European Union - 27 countries (from 2020),2021,1159117
Annual,Number,Alternative energy,European Union - 27 countries (from 2020),2022,1399095
Annual,Number,Alternative energy,European Union - 27 countries (from 2020),2023,1863473
Annual,Number,Alternative energy,European Union - 27 countries (from 2020),2024,1780365
Annual,Number,Alternative energy,European Union - 27 countries (from 2020),2025,2245205
Annual,Number,Alternative energy,Finland,2013,559
Annual,Number,Alternative energy,Finland,2014,650
Annual,Number,Alternative energy,Finland,2015,506
Annual,Number,Alternative energy,Finland,2016,402
Annual,Number,Alternative energy,Finland,2017,936
Annual,Number,Alternative energy,Finland,2018,1937
Annual,Number,Alternative energy,Finland,2019,4039
Annual,Number,Alternative energy,Finland,2020,6086
Annual,Number,Alternative energy,Finland,2021,11075
Annual,Number,Alternative energy,Finland,2022,15153
Annual,Number,Alternative energy,Finland,2023,30007
Annual,Number,Alternative energy,Finland,2024,22027
Annual,Number,Alternative energy,Finland,2025,26777
Annual,Number,Alternative energy,France,2013,11975
Annual,Number,Alternative energy,France,2014,13201
Annual,Number,Alternative energy,France,2015,19181
Annual,Number,Alternative energy,France,2016,23419
Annual,Number,Alternative energy,France,2017,26597
Annual,Number,Alternative energy,France,2018,34030
Annual,Number,Alternative energy,France,2019,45968
Annual,Number,Alternative energy,France,2020,129367
Annual,Number,Alternative energy,France,2021,212089
Annual,Number,Alternative energy,France,2022,254315
Annual,Number,Alternative energy,France,2023,366779
Annual,Number,Alternative energy,France,2024,352309
Annual,Number,Alternative energy,France,2025,387050
Annual,Number,Alternative energy,Georgia,2017,83
Annual,Number,Alternative energy,Georgia,2018,22
Annual,Number,Alternative energy,Georgia,2019,109
Annual,Number,Alternative energy,Georgia,2020,23
Annual,Number,Alternative energy,Georgia,2021,44
Annual,Number,Alternative energy,Georgia,2022,206
Annual,Number,Alternative energy,Georgia,2023,245
Annual,Number,Alternative energy,Georgia,2024,513
Annual,Number,Alternative energy,Georgia,2025,824
Annual,Number,Alternative energy,Croatia,2013,272
Annual,Number,Alternative energy,Croatia,2014,971
Annual,Number,Alternative energy,Croatia,2015,1063
Annual,Number,Alternative energy,Croatia,2016,1544
Annual,Number,Alternative energy,Croatia,2017,1542
Annual,Number,Alternative energy,Croatia,2018,2404
Annual,Number,Alternative energy,Croatia,2019,3341
Annual,Number,Alternative energy,Croatia,2020,1248
Annual,Number,Alternative energy,Croatia,2021,2916
Annual,Number,Alternative energy,Croatia,2022,2638
Annual,Number,Alternative energy,Croatia,2023,2413
Annual,Number,Alternative energy,Croatia,2024,1676
Annual,Number,Alternative energy,Croatia,2025,1603
Annual,Number,Alternative energy,Hungary,2013,283
Annual,Number,Alternative energy,Hungary,2014,176
Annual,Number,Alternative energy,Hungary,2015,270
Annual,Number,Alternative energy,Hungary,2016,282
Annual,Number,Alternative energy,Hungary,2017,808
Annual,Number,Alternative energy,Hungary,2018,1382
Annual,Number,Alternative energy,Hungary,2019,1962
Annual,Number,Alternative energy,Hungary,2020,3413
Annual,Number,Alternative energy,Hungary,2021,5040
Annual,Number,Alternative energy,Hungary,2022,5603
Annual,Number,Alternative energy,Hungary,2023,6370
Annual,Number,Alternative energy,Hungary,2024,8933
Annual,Number,Alternative energy,Hungary,2025,11641
Annual,Number,Alternative energy,Ireland,2013,640
Annual,Number,Alternative energy,Ireland,2014,1152
Annual,Number,Alternative energy,Ireland,2015,2212
Annual,Number,Alternative energy,Ireland,2016,3346
Annual,Number,Alternative energy,Ireland,2017,631
Annual,Number,Alternative energy,Ireland,2018,1252
Annual,Number,Alternative energy,Ireland,2019,3666
Annual,Number,Alternative energy,Ireland,2020,4075
Annual,Number,Alternative energy,Ireland,2021,9515
Annual,Number,Alternative energy,Ireland,2022,16597
Annual,Number,Alternative energy,Ireland,2023,23181
Annual,Number,Alternative energy,Ireland,2024,17781
Annual,Number,Alternative energy,Ireland,2025,23742
Annual,Number,Alternative energy,Iceland,2017,862
Annual,Number,Alternative energy,Iceland,2018,790
Annual,Number,Alternative energy,Iceland,2019,1149
Annual,Number,Alternative energy,Iceland,2020,2586
Annual,Number,Alternative energy,Iceland,2021,4254
Annual,Number,Alternative energy,Iceland,2022,5571
Annual,Number,Alternative energy,Iceland,2023,8787
Annual,Number,Alternative energy,Iceland,2024,2665
Annual,Number,Alternative energy,Iceland,2025,5988
Annual,Number,Alternative energy,Italy,2013,184666
Annual,Number,Alternative energy,Italy,2014,197644
Annual,Number,Alternative energy,Italy,2015,185333
Annual,Number,Alternative energy,Italy,2016,146790
Annual,Number,Alternative energy,Italy,2017,163320
Annual,Number,Alternative energy,Italy,2018,169393
Annual,Number,Alternative energy,Italy,2019,185884
Annual,Number,Alternative energy,Italy,2020,158381
Annual,Number,Alternative energy,Italy,2021,208973
Annual,Number,Alternative energy,Italy,2022,178126
Annual,Number,Alternative energy,Italy,2023,209366
Annual,Number,Alternative energy,Italy,2024,214533
Annual,Number,Alternative energy,Italy,2025,237988
Annual,Number,Alternative energy,Liechtenstein,2013,21
Annual,Number,Alternative energy,Liechtenstein,2014,21
Annual,Number,Alternative energy,Liechtenstein,2015,40
Annual,Number,Alternative energy,Liechtenstein,2016,48
Annual,Number,Alternative energy,Liechtenstein,2017,59
Annual,Number,Alternative energy,Liechtenstein,2018,53
Annual,Number,Alternative energy,Liechtenstein,2019,104
Annual,Number,Alternative energy,Liechtenstein,2020,166
Annual,Number,Alternative energy,Liechtenstein,2021,295
Annual,Number,Alternative energy,Liechtenstein,2022,319
Annual,Number,Alternative energy,Liechtenstein,2023,338
Annual,Number,Alternative energy,Liechtenstein,2024,368
Annual,Number,Alternative energy,Liechtenstein,2025,355
Annual,Number,Alternative energy,Lithuania,2013,2
Annual,Number,Alternative energy,Lithuania,2014,60
Annual,Number,Alternative energy,Lithuania,2015,65
Annual,Number,Alternative energy,Lithuania,2016,81
Annual,Number,Alternative energy,Lithuania,2017,56
Annual,Number,Alternative energy,Lithuania,2018,244
Annual,Number,Alternative energy,Lithuania,2019,430
Annual,Number,Alternative energy,Lithuania,2020,914
Annual,Number,Alternative energy,Lithuania,2021,1611
Annual,Number,Alternative energy,Lithuania,2022,1877
Annual,Number,Alternative energy,Lithuania,2023,2215
Annual,Number,Alternative energy,Lithuania,2024,2453
Annual,Number,Alternative energy,Lithuania,2025,3871
Annual,Number,Alternative energy,Luxembourg,2013,177
Annual,Number,Alternative energy,Luxembourg,2014,350
Annual,Number,Alternative energy,Luxembourg,2015,92
Annual,Number,Alternative energy,Luxembourg,2016,158
Annual,Number,Alternative energy,Luxembourg,2017,396
Annual,Number,Alternative energy,Luxembourg,2018,441
Annual,Number,Alternative energy,Luxembourg,2019,991
Annual,Number,Alternative energy,Luxembourg,2020,2490
Annual,Number,Alternative energy,Luxembourg,2021,4671
Annual,Number,Alternative energy,Luxembourg,2022,6417
Annual,Number,Alternative energy,Luxembourg,2023,11082
Annual,Number,Alternative energy,Luxembourg,2024,12861
Annual,Number,Alternative energy,Luxembourg,2025,12701
Annual,Number,Alternative energy,Latvia,2014,385
Annual,Number,Alternative energy,Latvia,2015,157
Annual,Number,Alternative energy,Latvia,2016,100
Annual,Number,Alternative energy,Latvia,2017,130
Annual,Number,Alternative energy,Latvia,2018,138
Annual,Number,Alternative energy,Latvia,2019,251
Annual,Number,Alternative energy,Latvia,2020,492
Annual,Number,Alternative energy,Latvia,2021,763
Annual,Number,Alternative energy,Latvia,2022,1413
Annual,Number,Alternative energy,Latvia,2023,2020
Annual,Number,Alternative energy,Latvia,2024,1638
Annual,Number,Alternative energy,Latvia,2025,2018
Annual,Number,Alternative energy,Moldova,2013,2119
Annual,Number,Alternative energy,Moldova,2014,2357
Annual,Number,Alternative energy,Moldova,2015,2081
Annual,Number,Alternative energy,Moldova,2016,2530
Annual,Number,Alternative energy,Moldova,2017,5158
Annual,Number,Alternative energy,Moldova,2018,4580
Annual,Number,Alternative energy,Moldova,2019,6296
Annual,Number,Alternative energy,Moldova,2020,5571
Annual,Number,Alternative energy,Moldova,2021,8988
Annual,Number,Alternative energy,Moldova,2022,6520
Annual,Number,Alternative energy,Moldova,2023,8974
Annual,Number,Alternative energy,Moldova,2024,14065
Annual,Number,Alternative energy,Moldova,2025,18505
Annual,Number,Alternative energy,Montenegro,2016,13
Annual,Number,Alternative energy,Montenegro,2017,4
Annual,Number,Alternative energy,Montenegro,2018,1
Annual,Number,Alternative energy,Montenegro,2019,6
Annual,Number,Alternative energy,Montenegro,2021,22
Annual,Number,Alternative energy,Montenegro,2024,238
Annual,Number,Alternative energy,Montenegro,2025,167
Annual,Number,Alternative energy,Malta,2013,27
Annual,Number,Alternative energy,Malta,2014,94
Annual,Number,Alternative energy,Malta,2015,38
Annual,Number,Alternative energy,Malta,2016,24
Annual,Number,Alternative energy,Malta,2017,27
Annual,Number,Alternative energy,Malta,2018,286
Annual,Number,Alternative energy,Malta,2019,283
Annual,Number,Alternative energy,Malta,2020,198
Annual,Number,Alternative energy,Malta,2021,429
Annual,Number,Alternative energy,Malta,2022,999
Annual,Number,Alternative energy,Malta,2023,1522
Annual,Number,Alternative energy,Malta,2024,2893
Annual,Number,Alternative energy,Malta,2025,2456
Annual,Number,Alternative energy,Netherlands,2013,5248
Annual,Number,Alternative energy,Netherlands,2014,7135
Annual,Number,Alternative energy,Netherlands,2015,4256
Annual,Number,Alternative energy,Netherlands,2016,5514
Annual,Number,Alternative energy,Netherlands,2017,10432
Annual,Number,Alternative energy,Netherlands,2018,25960
Annual,Number,Alternative energy,Netherlands,2019,62518
Annual,Number,Alternative energy,Netherlands,2020,74987
Annual,Number,Alternative energy,Netherlands,2021,66048
Annual,Number,Alternative energy,Netherlands,2022,75641
Annual,Number,Alternative energy,Netherlands,2023,116375
Annual,Number,Alternative energy,Netherlands,2024,134356
Annual,Number,Alternative energy,Netherlands,2025,157329
Annual,Number,Alternative energy,Norway,2013,9021
Annual,Number,Alternative energy,Norway,2014,18573
Annual,Number,Alternative energy,Norway,2015,25942
Annual,Number,Alternative energy,Norway,2016,24257
Annual,Number,Alternative energy,Norway,2017,33120
Annual,Number,Alternative energy,Norway,2018,46209
Annual,Number,Alternative energy,Norway,2019,60320
Annual,Number,Alternative energy,Norway,2020,82239
Annual,Number,Alternative energy,Norway,2021,116436
Annual,Number,Alternative energy,Norway,2022,142531
Annual,Number,Alternative energy,Norway,2023,104729
Annual,Number,Alternative energy,Norway,2024,114823
Annual,Number,Alternative energy,Norway,2025,173080
Annual,Number,Alternative energy,Poland,2013,3525
Annual,Number,Alternative energy,Poland,2014,4873
Annual,Number,Alternative energy,Poland,2015,5614
Annual,Number,Alternative energy,Poland,2016,6659
Annual,Number,Alternative energy,Poland,2017,10619
Annual,Number,Alternative energy,Poland,2018,8243
Annual,Number,Alternative energy,Poland,2019,9964
Annual,Number,Alternative energy,Poland,2020,13010
Annual,Number,Alternative energy,Poland,2021,20671
Annual,Number,Alternative energy,Poland,2022,23534
Annual,Number,Alternative energy,Poland,2023,29674
Annual,Number,Alternative energy,Poland,2024,33126
Annual,Number,Alternative energy,Poland,2025,63588
Annual,Number,Alternative energy,Portugal,2017,3723
Annual,Number,Alternative energy,Portugal,2018,6383
Annual,Number,Alternative energy,Portugal,2019,9173
Annual,Number,Alternative energy,Portugal,2020,9822
Annual,Number,Alternative energy,Portugal,2021,17198
Annual,Number,Alternative energy,Portugal,2022,24138
Annual,Number,Alternative energy,Portugal,2023,47805
Annual,Number,Alternative energy,Portugal,2024,56902
Annual,Number,Alternative energy,Portugal,2025,72814
Annual,Number,Alternative energy,Romania,2013,392
Annual,Number,Alternative energy,Romania,2014,802
Annual,Number,Alternative energy,Romania,2015,762
Annual,Number,Alternative energy,Romania,2016,1068
Annual,Number,Alternative energy,Romania,2017,1141
Annual,Number,Alternative energy,Romania,2018,1964
Annual,Number,Alternative energy,Romania,2019,2922
Annual,Number,Alternative energy,Romania,2020,12122
Annual,Number,Alternative energy,Romania,2021,22296
Annual,Number,Alternative energy,Romania,2022,25203
Annual,Number,Alternative energy,Romania,2023,33036
Annual,Number,Alternative energy,Romania,2024,25196
Annual,Number,Alternative energy,Romania,2025,31719
Annual,Number,Alternative energy,Serbia,2019,1238
Annual,Number,Alternative energy,Serbia,2020,1176
Annual,Number,Alternative energy,Serbia,2021,1192
Annual,Number,Alternative energy,Serbia,2022,1513
Annual,Number,Alternative energy,Serbia,2023,2522
Annual,Number,Alternative energy,Serbia,2024,2284
Annual,Number,Alternative energy,Serbia,2025,1885
Annual,Number,Alternative energy,Sweden,2013,7610
Annual,Number,Alternative energy,Sweden,2014,9013
Annual,Number,Alternative energy,Sweden,2015,9434
Annual,Number,Alternative energy,Sweden,2016,7711
Annual,Number,Alternative energy,Sweden,2017,9477
Annual,Number,Alternative energy,Sweden,2018,11487
Annual,Number,Alternative energy,Sweden,2019,21958
Annual,Number,Alternative energy,Sweden,2020,31525
Annual,Number,Alternative energy,Sweden,2021,60416
Annual,Number,Alternative energy,Sweden,2022,99960
Annual,Number,Alternative energy,Sweden,2023,118536
Annual,Number,Alternative energy,Sweden,2024,99629
Annual,Number,Alternative energy,Sweden,2025,101886
Annual,Number,Alternative energy,Slovenia,2013,10
Annual,Number,Alternative energy,Slovenia,2014,407
Annual,Number,Alternative energy,Slovenia,2015,599
Annual,Number,Alternative energy,Slovenia,2016,881
Annual,Number,Alternative energy,Slovenia,2017,1838
Annual,Number,Alternative energy,Slovenia,2018,2401
Annual,Number,Alternative energy,Slovenia,2019,3274
Annual,Number,Alternative energy,Slovenia,2020,3162
Annual,Number,Alternative energy,Slovenia,2021,4466
Annual,Number,Alternative energy,Slovenia,2022,5074
Annual,Number,Alternative energy,Slovenia,2023,4810
Annual,Number,Alternative energy,Slovenia,2024,3987
Annual,Number,Alternative energy,Slovenia,2025,6913
Annual,Number,Alternative energy,Slovakia,2016,536
Annual,Number,Alternative energy,Slovakia,2017,979
Annual,Number,Alternative energy,Slovakia,2018,1051
Annual,Number,Alternative energy,Slovakia,2019,557
Annual,Number,Alternative energy,Slovakia,2020,1864
Annual,Number,Alternative energy,Slovakia,2021,2293
Annual,Number,Alternative energy,Slovakia,2022,3207
Annual,Number,Alternative energy,Slovakia,2023,4329
Annual,Number,Alternative energy,Slovakia,2024,4157
Annual,Number,Alternative energy,Slovakia,2025,6058
Annual,Number,Alternative energy,Türkiye,2013,14495
Annual,Number,Alternative energy,Türkiye,2014,11404
Annual,Number,Alternative energy,Türkiye,2015,13442
Annual,Number,Alternative energy,Türkiye,2016,13792
Annual,Number,Alternative energy,Türkiye,2017,25508
Annual,Number,Alternative energy,Türkiye,2018,26652
Annual,Number,Alternative energy,Türkiye,2019,22779
Annual,Number,Alternative energy,Türkiye,2020,34876
Annual,Number,Alternative energy,Türkiye,2021,35216
Annual,Number,Alternative energy,Türkiye,2022,19481
Annual,Number,Alternative energy,Türkiye,2023,78659
Annual,Number,Alternative energy,Türkiye,2024,114434
Annual,Number,Alternative energy,Türkiye,2025,199064
Annual,Number,Alternative energy,Ukraine,2019,7647
Annual,Number,Alternative energy,Ukraine,2020,2055
Annual,Number,Alternative energy,Ukraine,2021,3202
Annual,Number,Alternative energy,Ukraine,2022,2659
Annual,Number,Alternative energy,Ukraine,2023,7647
Annual,Number,Alternative energy,Ukraine,2024,10541
Annual,Number,Alternative energy,Ukraine,2025,22976
Annual,Number,Alternative energy,United Kingdom,2015,10119
Annual,Number,Alternative energy,United Kingdom,2016,10589
Annual,Number,Alternative energy,United Kingdom,2017,13744
Annual,Number,Alternative energy,United Kingdom,2018,15715
Annual,Number,Alternative energy,United Kingdom,2021,190471
Annual,Number,Alternative energy,United Kingdom,2022,266796
Annual,Number,Alternative energy,United Kingdom,2023,311630
Annual,Number,Alternative energy,United Kingdom,2024,376406
Annual,Number,Alternative energy,Kosovo*,2017,4
Annual,Number,Alternative energy,Kosovo*,2018,2
Annual,Number,Alternative energy,Kosovo*,2019,0
Annual,Number,Alternative energy,Kosovo*,2021,20
Annual,Number,Alternative energy,Kosovo*,2025,539
Annual,Number,Diesel,Albania,2019,33064
Annual,Number,Diesel,Albania,2020,32953
Annual,Number,Diesel,Albania,2021,42914
Annual,Number,Diesel,Albania,2022,36523
Annual,Number,Diesel,Albania,2023,47440
Annual,Number,Diesel,Albania,2024,56773
Annual,Number,Diesel,Austria,2013,181061
Annual,Number,Diesel,Austria,2014,172574
Annual,Number,Diesel,Austria,2015,180510
Annual,Number,Diesel,Austria,2016,189139
Annual,Number,Diesel,Austria,2017,175590
Annual,Number,Diesel,Austria,2018,141159
Annual,Number,Diesel,Austria,2019,130468
Annual,Number,Diesel,Austria,2020,99196
Annual,Number,Diesel,Austria,2021,71808
Annual,Number,Diesel,Austria,2022,61537
Annual,Number,Diesel,Austria,2023,61187
Annual,Number,Diesel,Austria,2024,58478
Annual,Number,Diesel,Austria,2025,47725
Annual,Number,Diesel,Bosnia and Herzegovina,2013,4049
Annual,Number,Diesel,Bosnia and Herzegovina,2014,4097
Annual,Number,Diesel,Bosnia and Herzegovina,2015,3835
Annual,Number,Diesel,Bosnia and Herzegovina,2016,4932
Annual,Number,Diesel,Bosnia and Herzegovina,2017,5123
Annual,Number,Diesel,Bosnia and Herzegovina,2018,5028
Annual,Number,Diesel,Bosnia and Herzegovina,2019,4685
Annual,Number,Diesel,Bosnia and Herzegovina,2020,3481
Annual,Number,Diesel,Bosnia and Herzegovina,2021,3385
Annual,Number,Diesel,Bosnia and Herzegovina,2022,3058
Annual,Number,Diesel,Bosnia and Herzegovina,2023,3136
Annual,Number,Diesel,Bosnia and Herzegovina,2024,3192
Annual,Number,Diesel,Bosnia and Herzegovina,2025,3115
Annual,Number,Diesel,Belgium,2013,319863
Annual,Number,Diesel,Belgium,2014,303953
Annual,Number,Diesel,Belgium,2015,305838
Annual,Number,Diesel,Belgium,2016,285653
Annual,Number,Diesel,Belgium,2017,259790
Annual,Number,Diesel,Belgium,2018,202272
Annual,Number,Diesel,Belgium,2019,179716
Annual,Number,Diesel,Belgium,2020,151970
Annual,Number,Diesel,Belgium,2021,103914
Annual,Number,Diesel,Belgium,2022,70559
Annual,Number,Diesel,Belgium,2023,50855
Annual,Number,Diesel,Belgium,2024,30286
Annual,Number,Diesel,Belgium,2025,21570
Annual,Number,Diesel,Bulgaria,2020,2635
Annual,Number,Diesel,Bulgaria,2021,3032
Annual,Number,Diesel,Bulgaria,2022,5330
Annual,Number,Diesel,Bulgaria,2023,6032
Annual,Number,Diesel,Bulgaria,2024,6986
Annual,Number,Diesel,Bulgaria,2025,5313
Annual,Number,Diesel,Switzerland,2013,119767
Annual,Number,Diesel,Switzerland,2014,117318
Annual,Number,Diesel,Switzerland,2015,132789
Annual,Number,Diesel,Switzerland,2016,130457
Annual,Number,Diesel,Switzerland,2017,118800
Annual,Number,Diesel,Switzerland,2018,95612
Annual,Number,Diesel,Switzerland,2019,88965
Annual,Number,Diesel,Switzerland,2020,64475
Annual,Number,Diesel,Switzerland,2021,51670
Annual,Number,Diesel,Switzerland,2022,45069
Annual,Number,Diesel,Switzerland,2023,44501
Annual,Number,Diesel,Switzerland,2024,43218
Annual,Number,Diesel,Switzerland,2025,31311
Annual,Number,Diesel,Cyprus,2013,1255
Annual,Number,Diesel,Cyprus,2014,3184
Annual,Number,Diesel,Cyprus,2015,4157
Annual,Number,Diesel,Cyprus,2016,5327
Annual,Number,Diesel,Cyprus,2017,5450
Annual,Number,Diesel,Cyprus,2018,5264
Annual,Number,Diesel,Cyprus,2019,4532
Annual,Number,Diesel,Cyprus,2020,3065
Annual,Number,Diesel,Cyprus,2021,1460
Annual,Number,Diesel,Cyprus,2022,541
Annual,Number,Diesel,Cyprus,2023,909
Annual,Number,Diesel,Cyprus,2024,836
Annual,Number,Diesel,Cyprus,2025,842
Annual,Number,Diesel,Czechia,2020,59767
Annual,Number,Diesel,Czechia,2021,56933
Annual,Number,Diesel,Czechia,2022,46078
Annual,Number,Diesel,Czechia,2023,54687
Annual,Number,Diesel,Czechia,2024,55084
Annual,Number,Diesel,Czechia,2025,46050
Annual,Number,Diesel,Germany,2013,1403113
Annual,Number,Diesel,Germany,2014,1452565
Annual,Number,Diesel,Germany,2015,1538451
Annual,Number,Diesel,Germany,2016,1539596
Annual,Number,Diesel,Germany,2017,1336195
Annual,Number,Diesel,Germany,2018,1129025
Annual,Number,Diesel,Germany,2019,1230267
Annual,Number,Diesel,Germany,2020,949336
Annual,Number,Diesel,Germany,2021,691261
Annual,Number,Diesel,Germany,2022,642418
Annual,Number,Diesel,Germany,2023,703839
Annual,Number,Diesel,Germany,2024,684509
Annual,Number,Diesel,Germany,2025,580059
Annual,Number,Diesel,Denmark,2013,57435
Annual,Number,Diesel,Denmark,2014,59545
Annual,Number,Diesel,Denmark,2015,64203
Annual,Number,Diesel,Denmark,2016,80216
Annual,Number,Diesel,Denmark,2017,77493
Annual,Number,Diesel,Denmark,2018,72475
Annual,Number,Diesel,Denmark,2019,60475
Annual,Number,Diesel,Denmark,2020,46295
Annual,Number,Diesel,Denmark,2021,26648
Annual,Number,Diesel,Denmark,2022,17441
Annual,Number,Diesel,Denmark,2023,15258
Annual,Number,Diesel,Denmark,2024,12308
Annual,Number,Diesel,Denmark,2025,10937
Annual,Number,Diesel,Estonia,2013,7345
Annual,Number,Diesel,Estonia,2014,7726
Annual,Number,Diesel,Estonia,2015,6949
Annual,Number,Diesel,Estonia,2016,6393
Annual,Number,Diesel,Estonia,2017,6409
Annual,Number,Diesel,Estonia,2018,6527
Annual,Number,Diesel,Estonia,2019,6414
Annual,Number,Diesel,Estonia,2020,5123
Annual,Number,Diesel,Estonia,2021,5242
Annual,Number,Diesel,Estonia,2022,4256
Annual,Number,Diesel,Estonia,2023,4114
Annual,Number,Diesel,Estonia,2024,5879
Annual,Number,Diesel,Estonia,2025,1738
Annual,Number,Diesel,Greece,2021,18717
Annual,Number,Diesel,Greece,2022,18602
Annual,Number,Diesel,Greece,2023,19785
Annual,Number,Diesel,Greece,2024,11611
Annual,Number,Diesel,Greece,2025,7239
Annual,Number,Diesel,Spain,2014,590360
Annual,Number,Diesel,Spain,2015,658757
Annual,Number,Diesel,Spain,2016,725997
Annual,Number,Diesel,Spain,2017,690660
Annual,Number,Diesel,Spain,2018,573370
Annual,Number,Diesel,Spain,2019,455468
Annual,Number,Diesel,Spain,2020,332422
Annual,Number,Diesel,Spain,2021,265643
Annual,Number,Diesel,Spain,2022,205650
Annual,Number,Diesel,Spain,2023,186368
Annual,Number,Diesel,Spain,2024,184510
Annual,Number,Diesel,Spain,2025,160946
Annual,Number,Diesel,European Union - 27 countries (from 2020),2021,2394522
Annual,Number,Diesel,European Union - 27 countries (from 2020),2022,1947531
Annual,Number,Diesel,European Union - 27 countries (from 2020),2023,1957434
Annual,Number,Diesel,European Union - 27 countries (from 2020),2024,1818403
Annual,Number,Diesel,European Union - 27 countries (from 2020),2025,1504479
Annual,Number,Diesel,Finland,2013,38697
Annual,Number,Diesel,Finland,2014,41404
Annual,Number,Diesel,Finland,2015,38844
Annual,Number,Diesel,Finland,2016,39556
Annual,Number,Diesel,Finland,2017,36216
Annual,Number,Diesel,Finland,2018,29071
Annual,Number,Diesel,Finland,2019,22022
Annual,Number,Diesel,Finland,2020,14567
Annual,Number,Diesel,Finland,2021,11252
Annual,Number,Diesel,Finland,2022,7447
Annual,Number,Diesel,Finland,2023,5277
Annual,Number,Diesel,Finland,2024,4008
Annual,Number,Diesel,Finland,2025,3242
Annual,Number,Diesel,France,2013,1182129
Annual,Number,Diesel,France,2014,1129453
Annual,Number,Diesel,France,2015,1089403
Annual,Number,Diesel,France,2016,1032695
Annual,Number,Diesel,France,2017,1014418
Annual,Number,Diesel,France,2018,859623
Annual,Number,Diesel,France,2019,773411
Annual,Number,Diesel,France,2020,539142
Annual,Number,Diesel,France,2021,399164
Annual,Number,Diesel,France,2022,273570
Annual,Number,Diesel,France,2023,223258
Annual,Number,Diesel,France,2024,173114
Annual,Number,Diesel,France,2025,123172
Annual,Number,Diesel,Georgia,2017,680
Annual,Number,Diesel,Georgia,2018,1242
Annual,Number,Diesel,Georgia,2019,1346
Annual,Number,Diesel,Georgia,2020,994
Annual,Number,Diesel,Georgia,2021,1358
Annual,Number,Diesel,Georgia,2022,1760
Annual,Number,Diesel,Georgia,2023,1514
Annual,Number,Diesel,Georgia,2024,2520
Annual,Number,Diesel,Georgia,2025,1826
Annual,Number,Diesel,Croatia,2020,12885
Annual,Number,Diesel,Croatia,2021,8904
Annual,Number,Diesel,Croatia,2022,7788
Annual,Number,Diesel,Croatia,2023,9219
Annual,Number,Diesel,Croatia,2024,10691
Annual,Number,Diesel,Croatia,2025,10047
Annual,Number,Diesel,Hungary,2013,25769
Annual,Number,Diesel,Hungary,2014,30219
Annual,Number,Diesel,Hungary,2015,32271
Annual,Number,Diesel,Hungary,2016,34700
Annual,Number,Diesel,Hungary,2017,37039
Annual,Number,Diesel,Hungary,2018,32655
Annual,Number,Diesel,Hungary,2019,32299
Annual,Number,Diesel,Hungary,2020,31606
Annual,Number,Diesel,Hungary,2021,27065
Annual,Number,Diesel,Hungary,2022,20567
Annual,Number,Diesel,Hungary,2023,19836
Annual,Number,Diesel,Hungary,2024,20521
Annual,Number,Diesel,Hungary,2025,21239
Annual,Number,Diesel,Ireland,2013,54428
Annual,Number,Diesel,Ireland,2014,61917
Annual,Number,Diesel,Ireland,2015,92436
Annual,Number,Diesel,Ireland,2016,105257
Annual,Number,Diesel,Ireland,2017,87644
Annual,Number,Diesel,Ireland,2018,70743
Annual,Number,Diesel,Ireland,2019,59884
Annual,Number,Diesel,Ireland,2020,41688
Annual,Number,Diesel,Ireland,2021,40292
Annual,Number,Diesel,Ireland,2022,31336
Annual,Number,Diesel,Ireland,2023,32255
Annual,Number,Diesel,Ireland,2024,32220
Annual,Number,Diesel,Ireland,2025,25211
Annual,Number,Diesel,Iceland,2017,11091
Annual,Number,Diesel,Iceland,2018,8219
Annual,Number,Diesel,Iceland,2019,4253
Annual,Number,Diesel,Iceland,2020,2327
Annual,Number,Diesel,Iceland,2021,2584
Annual,Number,Diesel,Iceland,2022,3107
Annual,Number,Diesel,Iceland,2023,3039
Annual,Number,Diesel,Iceland,2024,2750
Annual,Number,Diesel,Iceland,2025,1967
Annual,Number,Diesel,Italy,2013,707641
Annual,Number,Diesel,Italy,2014,757895
Annual,Number,Diesel,Italy,2015,887074
Annual,Number,Diesel,Italy,2016,1058886
Annual,Number,Diesel,Italy,2017,1130434
Annual,Number,Diesel,Italy,2018,1000494
Annual,Number,Diesel,Italy,2019,793367
Annual,Number,Diesel,Italy,2020,505406
Annual,Number,Diesel,Italy,2021,403271
Annual,Number,Diesel,Italy,2022,323829
Annual,Number,Diesel,Italy,2023,357239
Annual,Number,Diesel,Italy,2024,310312
Annual,Number,Diesel,Italy,2025,237079
Annual,Number,Diesel,Liechtenstein,2013,858
Annual,Number,Diesel,Liechtenstein,2014,800
Annual,Number,Diesel,Liechtenstein,2015,937
Annual,Number,Diesel,Liechtenstein,2016,985
Annual,Number,Diesel,Liechtenstein,2017,849
Annual,Number,Diesel,Liechtenstein,2018,644
Annual,Number,Diesel,Liechtenstein,2019,663
Annual,Number,Diesel,Liechtenstein,2020,422
Annual,Number,Diesel,Liechtenstein,2021,355
Annual,Number,Diesel,Liechtenstein,2022,315
Annual,Number,Diesel,Liechtenstein,2023,294
Annual,Number,Diesel,Liechtenstein,2024,299
Annual,Number,Diesel,Liechtenstein,2025,244
Annual,Number,Diesel,Lithuania,2013,7019
Annual,Number,Diesel,Lithuania,2014,6879
Annual,Number,Diesel,Lithuania,2015,7690
Annual,Number,Diesel,Lithuania,2016,7587
Annual,Number,Diesel,Lithuania,2017,7865
Annual,Number,Diesel,Lithuania,2018,7210
Annual,Number,Diesel,Lithuania,2019,7262
Annual,Number,Diesel,Lithuania,2020,7042
Annual,Number,Diesel,Lithuania,2021,4706
Annual,Number,Diesel,Lithuania,2022,3183
Annual,Number,Diesel,Lithuania,2023,3684
Annual,Number,Diesel,Lithuania,2024,5473
Annual,Number,Diesel,Lithuania,2025,4480
Annual,Number,Diesel,Luxembourg,2013,34299
Annual,Number,Diesel,Luxembourg,2014,35889
Annual,Number,Diesel,Luxembourg,2015,32934
Annual,Number,Diesel,Luxembourg,2016,32780
Annual,Number,Diesel,Luxembourg,2017,28488
Annual,Number,Diesel,Luxembourg,2018,24915
Annual,Number,Diesel,Luxembourg,2019,23897
Annual,Number,Diesel,Luxembourg,2020,18151
Annual,Number,Diesel,Luxembourg,2021,14569
Annual,Number,Diesel,Luxembourg,2022,12338
Annual,Number,Diesel,Luxembourg,2023,10265
Annual,Number,Diesel,Luxembourg,2024,8085
Annual,Number,Diesel,Luxembourg,2025,7408
Annual,Number,Diesel,Latvia,2014,7029
Annual,Number,Diesel,Latvia,2015,6923
Annual,Number,Diesel,Latvia,2016,7287
Annual,Number,Diesel,Latvia,2017,7446
Annual,Number,Diesel,Latvia,2018,6807
Annual,Number,Diesel,Latvia,2019,6893
Annual,Number,Diesel,Latvia,2020,4870
Annual,Number,Diesel,Latvia,2021,3923
Annual,Number,Diesel,Latvia,2022,3445
Annual,Number,Diesel,Latvia,2023,3729
Annual,Number,Diesel,Latvia,2024,3720
Annual,Number,Diesel,Latvia,2025,3139
Annual,Number,Diesel,Moldova,2013,12453
Annual,Number,Diesel,Moldova,2014,12611
Annual,Number,Diesel,Moldova,2015,8407
Annual,Number,Diesel,Moldova,2016,7908
Annual,Number,Diesel,Moldova,2017,24132
Annual,Number,Diesel,Moldova,2018,13821
Annual,Number,Diesel,Moldova,2019,17550
Annual,Number,Diesel,Moldova,2020,17019
Annual,Number,Diesel,Moldova,2021,21624
Annual,Number,Diesel,Moldova,2022,16781
Annual,Number,Diesel,Moldova,2023,26266
Annual,Number,Diesel,Moldova,2024,25755
Annual,Number,Diesel,Moldova,2025,19778
Annual,Number,Diesel,Montenegro,2016,1288
Annual,Number,Diesel,Montenegro,2017,1662
Annual,Number,Diesel,Montenegro,2018,1599
Annual,Number,Diesel,Montenegro,2019,1164
Annual,Number,Diesel,Montenegro,2020,500
Annual,Number,Diesel,Montenegro,2021,1181
Annual,Number,Diesel,Montenegro,2022,699
Annual,Number,Diesel,Montenegro,2023,429
Annual,Number,Diesel,Montenegro,2024,1982
Annual,Number,Diesel,Montenegro,2025,1757
Annual,Number,Diesel,Malta,2015,2712
Annual,Number,Diesel,Malta,2016,2603
Annual,Number,Diesel,Malta,2017,2616
Annual,Number,Diesel,Malta,2018,2412
Annual,Number,Diesel,Malta,2019,2088
Annual,Number,Diesel,Malta,2020,1062
Annual,Number,Diesel,Malta,2021,595
Annual,Number,Diesel,Malta,2022,497
Annual,Number,Diesel,Malta,2023,724
Annual,Number,Diesel,Malta,2024,387
Annual,Number,Diesel,Malta,2025,325
Annual,Number,Diesel,Netherlands,2013,103557
Annual,Number,Diesel,Netherlands,2014,105014
Annual,Number,Diesel,Netherlands,2015,129768
Annual,Number,Diesel,Netherlands,2016,72355
Annual,Number,Diesel,Netherlands,2017,72265
Annual,Number,Diesel,Netherlands,2018,56996
Annual,Number,Diesel,Netherlands,2019,32685
Annual,Number,Diesel,Netherlands,2020,12963
Annual,Number,Diesel,Netherlands,2021,6920
Annual,Number,Diesel,Netherlands,2022,4638
Annual,Number,Diesel,Netherlands,2023,3966
Annual,Number,Diesel,Netherlands,2024,3765
Annual,Number,Diesel,Netherlands,2025,3993
Annual,Number,Diesel,Norway,2013,83067
Annual,Number,Diesel,Norway,2014,76478
Annual,Number,Diesel,Norway,2015,76985
Annual,Number,Diesel,Norway,2016,53516
Annual,Number,Diesel,Norway,2017,44498
Annual,Number,Diesel,Norway,2018,34305
Annual,Number,Diesel,Norway,2019,28398
Annual,Number,Diesel,Norway,2020,19709
Annual,Number,Diesel,Norway,2021,11972
Annual,Number,Diesel,Norway,2022,8148
Annual,Number,Diesel,Norway,2023,4936
Annual,Number,Diesel,Norway,2024,4477
Annual,Number,Diesel,Norway,2025,3511
Annual,Number,Diesel,Poland,2013,102495
Annual,Number,Diesel,Poland,2014,121588
Annual,Number,Diesel,Poland,2015,120373
Annual,Number,Diesel,Poland,2016,134037
Annual,Number,Diesel,Poland,2017,139474
Annual,Number,Diesel,Poland,2018,136952
Annual,Number,Diesel,Poland,2019,121385
Annual,Number,Diesel,Poland,2020,94592
Annual,Number,Diesel,Poland,2021,86455
Annual,Number,Diesel,Poland,2022,73990
Annual,Number,Diesel,Poland,2023,83234
Annual,Number,Diesel,Poland,2024,97953
Annual,Number,Diesel,Poland,2025,100971
Annual,Number,Diesel,Portugal,2017,139241
Annual,Number,Diesel,Portugal,2018,124059
Annual,Number,Diesel,Portugal,2019,91437
Annual,Number,Diesel,Portugal,2020,51887
Annual,Number,Diesel,Portugal,2021,38051
Annual,Number,Diesel,Portugal,2022,33362
Annual,Number,Diesel,Portugal,2023,29010
Annual,Number,Diesel,Portugal,2024,24072
Annual,Number,Diesel,Portugal,2025,18095
Annual,Number,Diesel,Romania,2013,31501
Annual,Number,Diesel,Romania,2014,39797
Annual,Number,Diesel,Romania,2015,44904
Annual,Number,Diesel,Romania,2016,48696
Annual,Number,Diesel,Romania,2017,54178
Annual,Number,Diesel,Romania,2018,53371
Annual,Number,Diesel,Romania,2019,44078
Annual,Number,Diesel,Romania,2020,34963
Annual,Number,Diesel,Romania,2021,24057
Annual,Number,Diesel,Romania,2022,19178
Annual,Number,Diesel,Romania,2023,20455
Annual,Number,Diesel,Romania,2024,22796
Annual,Number,Diesel,Romania,2025,16760
Annual,Number,Diesel,Serbia,2019,20403
Annual,Number,Diesel,Serbia,2020,16454
Annual,Number,Diesel,Serbia,2021,12341
Annual,Number,Diesel,Serbia,2022,11738
Annual,Number,Diesel,Serbia,2023,12486
Annual,Number,Diesel,Serbia,2024,13818
Annual,Number,Diesel,Serbia,2025,12652
Annual,Number,Diesel,Sweden,2013,176485
Annual,Number,Diesel,Sweden,2014,188998
Annual,Number,Diesel,Sweden,2015,207091
Annual,Number,Diesel,Sweden,2016,202383
Annual,Number,Diesel,Sweden,2017,192191
Annual,Number,Diesel,Sweden,2018,138666
Annual,Number,Diesel,Sweden,2019,123708
Annual,Number,Diesel,Sweden,2020,67981
Annual,Number,Diesel,Sweden,2021,53988
Annual,Number,Diesel,Sweden,2022,36432
Annual,Number,Diesel,Sweden,2023,25820
Annual,Number,Diesel,Sweden,2024,23290
Annual,Number,Diesel,Sweden,2025,21600
Annual,Number,Diesel,Slovenia,2013,28016
Annual,Number,Diesel,Slovenia,2014,29763
Annual,Number,Diesel,Slovenia,2015,31031
Annual,Number,Diesel,Slovenia,2016,32589
Annual,Number,Diesel,Slovenia,2017,32410
Annual,Number,Diesel,Slovenia,2018,23877
Annual,Number,Diesel,Slovenia,2019,21499
Annual,Number,Diesel,Slovenia,2020,16918
Annual,Number,Diesel,Slovenia,2021,11743
Annual,Number,Diesel,Slovenia,2022,7739
Annual,Number,Diesel,Slovenia,2023,7355
Annual,Number,Diesel,Slovenia,2024,8113
Annual,Number,Diesel,Slovenia,2025,7896
Annual,Number,Diesel,Slovakia,2020,19082
Annual,Number,Diesel,Slovakia,2021,14909
Annual,Number,Diesel,Slovakia,2022,15780
Annual,Number,Diesel,Slovakia,2023,19074
Annual,Number,Diesel,Slovakia,2024,19396
Annual,Number,Diesel,Slovakia,2025,17403
Annual,Number,Diesel,Türkiye,2013,383904
Annual,Number,Diesel,Türkiye,2014,364242
Annual,Number,Diesel,Türkiye,2015,462191
Annual,Number,Diesel,Türkiye,2016,460829
Annual,Number,Diesel,Türkiye,2017,457069
Annual,Number,Diesel,Türkiye,2018,320452
Annual,Number,Diesel,Türkiye,2019,211961
Annual,Number,Diesel,Türkiye,2020,247626
Annual,Number,Diesel,Türkiye,2021,149611
Annual,Number,Diesel,Türkiye,2022,107792
Annual,Number,Diesel,Türkiye,2023,162855
Annual,Number,Diesel,Türkiye,2024,122014
Annual,Number,Diesel,Türkiye,2025,101989
Annual,Number,Diesel,Ukraine,2019,18351
Annual,Number,Diesel,Ukraine,2020,29605
Annual,Number,Diesel,Ukraine,2021,31099
Annual,Number,Diesel,Ukraine,2022,10768
Annual,Number,Diesel,Ukraine,2023,18351
Annual,Number,Diesel,Ukraine,2024,20399
Annual,Number,Diesel,Ukraine,2025,17613
Annual,Number,Diesel,United Kingdom,2015,1257152
Annual,Number,Diesel,United Kingdom,2016,1264307
Annual,Number,Diesel,United Kingdom,2017,1049086
Annual,Number,Diesel,United Kingdom,2018,736172
Annual,Number,Diesel,United Kingdom,2021,223460
Annual,Number,Diesel,United Kingdom,2022,151936
Annual,Number,Diesel,United Kingdom,2023,141438
Annual,Number,Diesel,United Kingdom,2024,124534
Annual,Number,Diesel,Kosovo*,2017,16568
Annual,Number,Diesel,Kosovo*,2018,7714
Annual,Number,Diesel,Kosovo*,2019,22587
Annual,Number,Diesel,Kosovo*,2021,24300
Annual,Number,Diesel,Kosovo*,2025,33986
Annual,Number,Diesel (excluding hybrids)  ,Albania,2019,33041
Annual,Number,Diesel (excluding hybrids)  ,Albania,2020,32906
Annual,Number,Diesel (excluding hybrids)  ,Albania,2021,42736
Annual,Number,Diesel (excluding hybrids)  ,Albania,2022,36189
Annual,Number,Diesel (excluding hybrids)  ,Albania,2023,46857
Annual,Number,Diesel (excluding hybrids)  ,Albania,2024,56043
Annual,Number,Diesel (excluding hybrids)  ,Austria,2013,180901
Annual,Number,Diesel (excluding hybrids)  ,Austria,2014,172381
Annual,Number,Diesel (excluding hybrids)  ,Austria,2015,179822
Annual,Number,Diesel (excluding hybrids)  ,Austria,2016,188820
Annual,Number,Diesel (excluding hybrids)  ,Austria,2017,175458
Annual,Number,Diesel (excluding hybrids)  ,Austria,2018,140111
Annual,Number,Diesel (excluding hybrids)  ,Austria,2019,126311
Annual,Number,Diesel (excluding hybrids)  ,Austria,2020,90909
Annual,Number,Diesel (excluding hybrids)  ,Austria,2021,58263
Annual,Number,Diesel (excluding hybrids)  ,Austria,2022,48115
Annual,Number,Diesel (excluding hybrids)  ,Austria,2023,46568
Annual,Number,Diesel (excluding hybrids)  ,Austria,2024,44132
Annual,Number,Diesel (excluding hybrids)  ,Austria,2025,33004
Annual,Number,Diesel (excluding hybrids)  ,Bosnia and Herzegovina,2013,4049
Annual,Number,Diesel (excluding hybrids)  ,Bosnia and Herzegovina,2014,4096
Annual,Number,Diesel (excluding hybrids)  ,Bosnia and Herzegovina,2015,3835
Annual,Number,Diesel (excluding hybrids)  ,Bosnia and Herzegovina,2016,4930
Annual,Number,Diesel (excluding hybrids)  ,Bosnia and Herzegovina,2017,5123
Annual,Number,Diesel (excluding hybrids)  ,Bosnia and Herzegovina,2018,5027
Annual,Number,Diesel (excluding hybrids)  ,Bosnia and Herzegovina,2019,4674
Annual,Number,Diesel (excluding hybrids)  ,Bosnia and Herzegovina,2020,3473
Annual,Number,Diesel (excluding hybrids)  ,Bosnia and Herzegovina,2021,3363
Annual,Number,Diesel (excluding hybrids)  ,Bosnia and Herzegovina,2022,2948
Annual,Number,Diesel (excluding hybrids)  ,Bosnia and Herzegovina,2023,3007
Annual,Number,Diesel (excluding hybrids)  ,Bosnia and Herzegovina,2024,3024
Annual,Number,Diesel (excluding hybrids)  ,Bosnia and Herzegovina,2025,2650
Annual,Number,Diesel (excluding hybrids)  ,Belgium,2013,318951
Annual,Number,Diesel (excluding hybrids)  ,Belgium,2014,303212
Annual,Number,Diesel (excluding hybrids)  ,Belgium,2015,303345
Annual,Number,Diesel (excluding hybrids)  ,Belgium,2016,284352
Annual,Number,Diesel (excluding hybrids)  ,Belgium,2017,258956
Annual,Number,Diesel (excluding hybrids)  ,Belgium,2018,201023
Annual,Number,Diesel (excluding hybrids)  ,Belgium,2019,173704
Annual,Number,Diesel (excluding hybrids)  ,Belgium,2020,137015
Annual,Number,Diesel (excluding hybrids)  ,Belgium,2021,82566
Annual,Number,Diesel (excluding hybrids)  ,Belgium,2022,54759
Annual,Number,Diesel (excluding hybrids)  ,Belgium,2023,39275
Annual,Number,Diesel (excluding hybrids)  ,Belgium,2024,23547
Annual,Number,Diesel (excluding hybrids)  ,Belgium,2025,14481
Annual,Number,Diesel (excluding hybrids)  ,Bulgaria,2020,2635
Annual,Number,Diesel (excluding hybrids)  ,Bulgaria,2021,3032
Annual,Number,Diesel (excluding hybrids)  ,Bulgaria,2022,5330
Annual,Number,Diesel (excluding hybrids)  ,Bulgaria,2023,6032
Annual,Number,Diesel (excluding hybrids)  ,Bulgaria,2024,6986
Annual,Number,Diesel (excluding hybrids)  ,Bulgaria,2025,5313
Annual,Number,Diesel (excluding hybrids)  ,Switzerland,2013,118801
Annual,Number,Diesel (excluding hybrids)  ,Switzerland,2014,116590
Annual,Number,Diesel (excluding hybrids)  ,Switzerland,2015,131679
Annual,Number,Diesel (excluding hybrids)  ,Switzerland,2016,129819
Annual,Number,Diesel (excluding hybrids)  ,Switzerland,2017,118518
Annual,Number,Diesel (excluding hybrids)  ,Switzerland,2018,94748
Annual,Number,Diesel (excluding hybrids)  ,Switzerland,2019,85105
Annual,Number,Diesel (excluding hybrids)  ,Switzerland,2020,58947
Annual,Number,Diesel (excluding hybrids)  ,Switzerland,2021,41406
Annual,Number,Diesel (excluding hybrids)  ,Switzerland,2022,33849
Annual,Number,Diesel (excluding hybrids)  ,Switzerland,2023,31391
Annual,Number,Diesel (excluding hybrids)  ,Switzerland,2024,29910
Annual,Number,Diesel (excluding hybrids)  ,Switzerland,2025,20316
Annual,Number,Diesel (excluding hybrids)  ,Cyprus,2013,1255
Annual,Number,Diesel (excluding hybrids)  ,Cyprus,2014,3184
Annual,Number,Diesel (excluding hybrids)  ,Cyprus,2015,4157
Annual,Number,Diesel (excluding hybrids)  ,Cyprus,2016,5327
Annual,Number,Diesel (excluding hybrids)  ,Cyprus,2017,5450
Annual,Number,Diesel (excluding hybrids)  ,Cyprus,2018,5264
Annual,Number,Diesel (excluding hybrids)  ,Cyprus,2019,4532
Annual,Number,Diesel (excluding hybrids)  ,Cyprus,2020,3065
Annual,Number,Diesel (excluding hybrids)  ,Cyprus,2021,1460
Annual,Number,Diesel (excluding hybrids)  ,Cyprus,2022,541
Annual,Number,Diesel (excluding hybrids)  ,Cyprus,2023,443
Annual,Number,Diesel (excluding hybrids)  ,Cyprus,2024,373
Annual,Number,Diesel (excluding hybrids)  ,Cyprus,2025,400
Annual,Number,Diesel (excluding hybrids)  ,Czechia,2020,59767
Annual,Number,Diesel (excluding hybrids)  ,Czechia,2021,56111
Annual,Number,Diesel (excluding hybrids)  ,Czechia,2022,44991
Annual,Number,Diesel (excluding hybrids)  ,Czechia,2023,50098
Annual,Number,Diesel (excluding hybrids)  ,Czechia,2024,54423
Annual,Number,Diesel (excluding hybrids)  ,Czechia,2025,45374
Annual,Number,Diesel (excluding hybrids)  ,Germany,2017,1336776
Annual,Number,Diesel (excluding hybrids)  ,Germany,2018,1111130
Annual,Number,Diesel (excluding hybrids)  ,Germany,2019,1152733
Annual,Number,Diesel (excluding hybrids)  ,Germany,2020,819896
Annual,Number,Diesel (excluding hybrids)  ,Germany,2021,524446
Annual,Number,Diesel (excluding hybrids)  ,Germany,2022,472274
Annual,Number,Diesel (excluding hybrids)  ,Germany,2023,486581
Annual,Number,Diesel (excluding hybrids)  ,Germany,2024,483261
Annual,Number,Diesel (excluding hybrids)  ,Germany,2025,395022
Annual,Number,Diesel (excluding hybrids)  ,Denmark,2013,57435
Annual,Number,Diesel (excluding hybrids)  ,Denmark,2014,59544
Annual,Number,Diesel (excluding hybrids)  ,Denmark,2015,64203
Annual,Number,Diesel (excluding hybrids)  ,Denmark,2016,80211
Annual,Number,Diesel (excluding hybrids)  ,Denmark,2017,77492
Annual,Number,Diesel (excluding hybrids)  ,Denmark,2018,72474
Annual,Number,Diesel (excluding hybrids)  ,Denmark,2019,60362
Annual,Number,Diesel (excluding hybrids)  ,Denmark,2020,44709
Annual,Number,Diesel (excluding hybrids)  ,Denmark,2021,23904
Annual,Number,Diesel (excluding hybrids)  ,Denmark,2022,10104
Annual,Number,Diesel (excluding hybrids)  ,Denmark,2023,8132
Annual,Number,Diesel (excluding hybrids)  ,Denmark,2024,7048
Annual,Number,Diesel (excluding hybrids)  ,Denmark,2025,5972
Annual,Number,Diesel (excluding hybrids)  ,Estonia,2013,7341
Annual,Number,Diesel (excluding hybrids)  ,Estonia,2014,7723
Annual,Number,Diesel (excluding hybrids)  ,Estonia,2015,6949
Annual,Number,Diesel (excluding hybrids)  ,Estonia,2016,6392
Annual,Number,Diesel (excluding hybrids)  ,Estonia,2017,6408
Annual,Number,Diesel (excluding hybrids)  ,Estonia,2018,6454
Annual,Number,Diesel (excluding hybrids)  ,Estonia,2019,6180
Annual,Number,Diesel (excluding hybrids)  ,Estonia,2020,4863
Annual,Number,Diesel (excluding hybrids)  ,Estonia,2021,4251
Annual,Number,Diesel (excluding hybrids)  ,Estonia,2022,3336
Annual,Number,Diesel (excluding hybrids)  ,Estonia,2023,2867
Annual,Number,Diesel (excluding hybrids)  ,Estonia,2024,4508
Annual,Number,Diesel (excluding hybrids)  ,Estonia,2025,1200
Annual,Number,Diesel (excluding hybrids)  ,Greece,2021,17004
Annual,Number,Diesel (excluding hybrids)  ,Greece,2022,17047
Annual,Number,Diesel (excluding hybrids)  ,Greece,2023,17691
Annual,Number,Diesel (excluding hybrids)  ,Greece,2024,9827
Annual,Number,Diesel (excluding hybrids)  ,Greece,2025,4950
Annual,Number,Diesel (excluding hybrids)  ,Spain,2014,590198
Annual,Number,Diesel (excluding hybrids)  ,Spain,2015,658725
Annual,Number,Diesel (excluding hybrids)  ,Spain,2016,725953
Annual,Number,Diesel (excluding hybrids)  ,Spain,2017,690523
Annual,Number,Diesel (excluding hybrids)  ,Spain,2018,572154
Annual,Number,Diesel (excluding hybrids)  ,Spain,2019,440448
Annual,Number,Diesel (excluding hybrids)  ,Spain,2020,305013
Annual,Number,Diesel (excluding hybrids)  ,Spain,2021,224708
Annual,Number,Diesel (excluding hybrids)  ,Spain,2022,170932
Annual,Number,Diesel (excluding hybrids)  ,Spain,2023,143811
Annual,Number,Diesel (excluding hybrids)  ,Spain,2024,137867
Annual,Number,Diesel (excluding hybrids)  ,Spain,2025,109024
Annual,Number,Diesel (excluding hybrids)  ,European Union - 27 countries (from 2020),2021,1972230
Annual,Number,Diesel (excluding hybrids)  ,European Union - 27 countries (from 2020),2022,1550511
Annual,Number,Diesel (excluding hybrids)  ,European Union - 27 countries (from 2020),2023,1497870
Annual,Number,Diesel (excluding hybrids)  ,European Union - 27 countries (from 2020),2024,1372947
Annual,Number,Diesel (excluding hybrids)  ,European Union - 27 countries (from 2020),2025,1070839
Annual,Number,Diesel (excluding hybrids)  ,Finland,2014,41278
Annual,Number,Diesel (excluding hybrids)  ,Finland,2015,38800
Annual,Number,Diesel (excluding hybrids)  ,Finland,2016,39452
Annual,Number,Diesel (excluding hybrids)  ,Finland,2017,36062
Annual,Number,Diesel (excluding hybrids)  ,Finland,2018,28712
Annual,Number,Diesel (excluding hybrids)  ,Finland,2019,20873
Annual,Number,Diesel (excluding hybrids)  ,Finland,2020,12778
Annual,Number,Diesel (excluding hybrids)  ,Finland,2021,8397
Annual,Number,Diesel (excluding hybrids)  ,Finland,2022,5420
Annual,Number,Diesel (excluding hybrids)  ,Finland,2023,3890
Annual,Number,Diesel (excluding hybrids)  ,Finland,2024,3401
Annual,Number,Diesel (excluding hybrids)  ,Finland,2025,2904
Annual,Number,Diesel (excluding hybrids)  ,France,2013,1168194
Annual,Number,Diesel (excluding hybrids)  ,France,2014,1119954
Annual,Number,Diesel (excluding hybrids)  ,France,2015,1070443
Annual,Number,Diesel (excluding hybrids)  ,France,2016,1027912
Annual,Number,Diesel (excluding hybrids)  ,France,2017,1013099
Annual,Number,Diesel (excluding hybrids)  ,France,2018,856583
Annual,Number,Diesel (excluding hybrids)  ,France,2019,761198
Annual,Number,Diesel (excluding hybrids)  ,France,2020,513168
Annual,Number,Diesel (excluding hybrids)  ,France,2021,354949
Annual,Number,Diesel (excluding hybrids)  ,France,2022,241783
Annual,Number,Diesel (excluding hybrids)  ,France,2023,196837
Annual,Number,Diesel (excluding hybrids)  ,France,2024,152223
Annual,Number,Diesel (excluding hybrids)  ,France,2025,105372
Annual,Number,Diesel (excluding hybrids)  ,Georgia,2017,680
Annual,Number,Diesel (excluding hybrids)  ,Georgia,2018,1242
Annual,Number,Diesel (excluding hybrids)  ,Georgia,2019,1346
Annual,Number,Diesel (excluding hybrids)  ,Georgia,2020,994
Annual,Number,Diesel (excluding hybrids)  ,Georgia,2021,1358
Annual,Number,Diesel (excluding hybrids)  ,Georgia,2022,1760
Annual,Number,Diesel (excluding hybrids)  ,Georgia,2023,1514
Annual,Number,Diesel (excluding hybrids)  ,Georgia,2024,2520
Annual,Number,Diesel (excluding hybrids)  ,Georgia,2025,1826
Annual,Number,Diesel (excluding hybrids)  ,Croatia,2020,12885
Annual,Number,Diesel (excluding hybrids)  ,Croatia,2021,8904
Annual,Number,Diesel (excluding hybrids)  ,Croatia,2022,7788
Annual,Number,Diesel (excluding hybrids)  ,Croatia,2023,9219
Annual,Number,Diesel (excluding hybrids)  ,Croatia,2024,10691
Annual,Number,Diesel (excluding hybrids)  ,Croatia,2025,10047
Annual,Number,Diesel (excluding hybrids)  ,Hungary,2013,25769
Annual,Number,Diesel (excluding hybrids)  ,Hungary,2014,30219
Annual,Number,Diesel (excluding hybrids)  ,Hungary,2015,32265
Annual,Number,Diesel (excluding hybrids)  ,Hungary,2016,34688
Annual,Number,Diesel (excluding hybrids)  ,Hungary,2017,37022
Annual,Number,Diesel (excluding hybrids)  ,Hungary,2018,32408
Annual,Number,Diesel (excluding hybrids)  ,Hungary,2019,31221
Annual,Number,Diesel (excluding hybrids)  ,Hungary,2020,27711
Annual,Number,Diesel (excluding hybrids)  ,Hungary,2021,19092
Annual,Number,Diesel (excluding hybrids)  ,Hungary,2022,14322
Annual,Number,Diesel (excluding hybrids)  ,Hungary,2023,13105
Annual,Number,Diesel (excluding hybrids)  ,Hungary,2024,14693
Annual,Number,Diesel (excluding hybrids)  ,Hungary,2025,14374
Annual,Number,Diesel (excluding hybrids)  ,Ireland,2017,87640
Annual,Number,Diesel (excluding hybrids)  ,Ireland,2018,70732
Annual,Number,Diesel (excluding hybrids)  ,Ireland,2019,59879
Annual,Number,Diesel (excluding hybrids)  ,Ireland,2020,41134
Annual,Number,Diesel (excluding hybrids)  ,Ireland,2021,37772
Annual,Number,Diesel (excluding hybrids)  ,Ireland,2022,29803
Annual,Number,Diesel (excluding hybrids)  ,Ireland,2023,29503
Annual,Number,Diesel (excluding hybrids)  ,Ireland,2024,30320
Annual,Number,Diesel (excluding hybrids)  ,Ireland,2025,23131
Annual,Number,Diesel (excluding hybrids)  ,Iceland,2017,10957
Annual,Number,Diesel (excluding hybrids)  ,Iceland,2018,7978
Annual,Number,Diesel (excluding hybrids)  ,Iceland,2019,4046
Annual,Number,Diesel (excluding hybrids)  ,Iceland,2021,1923
Annual,Number,Diesel (excluding hybrids)  ,Iceland,2022,2385
Annual,Number,Diesel (excluding hybrids)  ,Iceland,2023,2409
Annual,Number,Diesel (excluding hybrids)  ,Iceland,2024,2281
Annual,Number,Diesel (excluding hybrids)  ,Iceland,2025,1245
Annual,Number,Diesel (excluding hybrids)  ,Italy,2013,707641
Annual,Number,Diesel (excluding hybrids)  ,Italy,2014,757895
Annual,Number,Diesel (excluding hybrids)  ,Italy,2015,887074
Annual,Number,Diesel (excluding hybrids)  ,Italy,2016,1058886
Annual,Number,Diesel (excluding hybrids)  ,Italy,2017,1130434
Annual,Number,Diesel (excluding hybrids)  ,Italy,2018,1000494
Annual,Number,Diesel (excluding hybrids)  ,Italy,2019,779857
Annual,Number,Diesel (excluding hybrids)  ,Italy,2020,485245
Annual,Number,Diesel (excluding hybrids)  ,Italy,2021,343952
Annual,Number,Diesel (excluding hybrids)  ,Italy,2022,261466
Annual,Number,Diesel (excluding hybrids)  ,Italy,2023,275753
Annual,Number,Diesel (excluding hybrids)  ,Italy,2024,221402
Annual,Number,Diesel (excluding hybrids)  ,Italy,2025,151203
Annual,Number,Diesel (excluding hybrids)  ,Liechtenstein,2013,857
Annual,Number,Diesel (excluding hybrids)  ,Liechtenstein,2014,796
Annual,Number,Diesel (excluding hybrids)  ,Liechtenstein,2015,934
Annual,Number,Diesel (excluding hybrids)  ,Liechtenstein,2016,984
Annual,Number,Diesel (excluding hybrids)  ,Liechtenstein,2017,846
Annual,Number,Diesel (excluding hybrids)  ,Liechtenstein,2018,634
Annual,Number,Diesel (excluding hybrids)  ,Liechtenstein,2019,621
Annual,Number,Diesel (excluding hybrids)  ,Liechtenstein,2020,371
Annual,Number,Diesel (excluding hybrids)  ,Liechtenstein,2021,251
Annual,Number,Diesel (excluding hybrids)  ,Liechtenstein,2022,200
Annual,Number,Diesel (excluding hybrids)  ,Liechtenstein,2023,176
Annual,Number,Diesel (excluding hybrids)  ,Liechtenstein,2024,173
Annual,Number,Diesel (excluding hybrids)  ,Liechtenstein,2025,121
Annual,Number,Diesel (excluding hybrids)  ,Lithuania,2013,7019
Annual,Number,Diesel (excluding hybrids)  ,Lithuania,2014,6879
Annual,Number,Diesel (excluding hybrids)  ,Lithuania,2015,7690
Annual,Number,Diesel (excluding hybrids)  ,Lithuania,2016,7587
Annual,Number,Diesel (excluding hybrids)  ,Lithuania,2017,7865
Annual,Number,Diesel (excluding hybrids)  ,Lithuania,2018,7210
Annual,Number,Diesel (excluding hybrids)  ,Lithuania,2019,7260
Annual,Number,Diesel (excluding hybrids)  ,Lithuania,2020,7037
Annual,Number,Diesel (excluding hybrids)  ,Lithuania,2021,3806
Annual,Number,Diesel (excluding hybrids)  ,Lithuania,2022,2389
Annual,Number,Diesel (excluding hybrids)  ,Lithuania,2023,2739
Annual,Number,Diesel (excluding hybrids)  ,Lithuania,2024,3868
Annual,Number,Diesel (excluding hybrids)  ,Lithuania,2025,3325
Annual,Number,Diesel (excluding hybrids)  ,Luxembourg,2013,34243
Annual,Number,Diesel (excluding hybrids)  ,Luxembourg,2014,35845
Annual,Number,Diesel (excluding hybrids)  ,Luxembourg,2015,32867
Annual,Number,Diesel (excluding hybrids)  ,Luxembourg,2016,32713
Annual,Number,Diesel (excluding hybrids)  ,Luxembourg,2017,28461
Annual,Number,Diesel (excluding hybrids)  ,Luxembourg,2018,24761
Annual,Number,Diesel (excluding hybrids)  ,Luxembourg,2019,23022
Annual,Number,Diesel (excluding hybrids)  ,Luxembourg,2020,16628
Annual,Number,Diesel (excluding hybrids)  ,Luxembourg,2021,11194
Annual,Number,Diesel (excluding hybrids)  ,Luxembourg,2022,9236
Annual,Number,Diesel (excluding hybrids)  ,Luxembourg,2023,7482
Annual,Number,Diesel (excluding hybrids)  ,Luxembourg,2024,5749
Annual,Number,Diesel (excluding hybrids)  ,Luxembourg,2025,5305
Annual,Number,Diesel (excluding hybrids)  ,Latvia,2014,7029
Annual,Number,Diesel (excluding hybrids)  ,Latvia,2015,6923
Annual,Number,Diesel (excluding hybrids)  ,Latvia,2016,7287
Annual,Number,Diesel (excluding hybrids)  ,Latvia,2017,7445
Annual,Number,Diesel (excluding hybrids)  ,Latvia,2018,6807
Annual,Number,Diesel (excluding hybrids)  ,Latvia,2019,6893
Annual,Number,Diesel (excluding hybrids)  ,Latvia,2020,4870
Annual,Number,Diesel (excluding hybrids)  ,Latvia,2021,3923
Annual,Number,Diesel (excluding hybrids)  ,Latvia,2022,2606
Annual,Number,Diesel (excluding hybrids)  ,Latvia,2023,2700
Annual,Number,Diesel (excluding hybrids)  ,Latvia,2024,2518
Annual,Number,Diesel (excluding hybrids)  ,Latvia,2025,2123
Annual,Number,Diesel (excluding hybrids)  ,Moldova,2017,0
Annual,Number,Diesel (excluding hybrids)  ,Montenegro,2016,1288
Annual,Number,Diesel (excluding hybrids)  ,Montenegro,2018,1599
Annual,Number,Diesel (excluding hybrids)  ,Montenegro,2019,1164
Annual,Number,Diesel (excluding hybrids)  ,Montenegro,2020,500
Annual,Number,Diesel (excluding hybrids)  ,Montenegro,2021,1181
Annual,Number,Diesel (excluding hybrids)  ,Montenegro,2022,699
Annual,Number,Diesel (excluding hybrids)  ,Montenegro,2023,429
Annual,Number,Diesel (excluding hybrids)  ,Montenegro,2024,1577
Annual,Number,Diesel (excluding hybrids)  ,Montenegro,2025,1228
Annual,Number,Diesel (excluding hybrids)  ,Malta,2015,2709
Annual,Number,Diesel (excluding hybrids)  ,Malta,2016,2601
Annual,Number,Diesel (excluding hybrids)  ,Malta,2017,2613
Annual,Number,Diesel (excluding hybrids)  ,Malta,2018,2409
Annual,Number,Diesel (excluding hybrids)  ,Malta,2019,2074
Annual,Number,Diesel (excluding hybrids)  ,Malta,2020,1036
Annual,Number,Diesel (excluding hybrids)  ,Malta,2021,528
Annual,Number,Diesel (excluding hybrids)  ,Malta,2022,406
Annual,Number,Diesel (excluding hybrids)  ,Malta,2023,623
Annual,Number,Diesel (excluding hybrids)  ,Malta,2024,301
Annual,Number,Diesel (excluding hybrids)  ,Malta,2025,273
Annual,Number,Diesel (excluding hybrids)  ,Netherlands,2019,32685
Annual,Number,Diesel (excluding hybrids)  ,Netherlands,2020,12963
Annual,Number,Diesel (excluding hybrids)  ,Netherlands,2021,6920
Annual,Number,Diesel (excluding hybrids)  ,Netherlands,2022,4638
Annual,Number,Diesel (excluding hybrids)  ,Netherlands,2023,3966
Annual,Number,Diesel (excluding hybrids)  ,Netherlands,2024,3765
Annual,Number,Diesel (excluding hybrids)  ,Netherlands,2025,3993
Annual,Number,Diesel (excluding hybrids)  ,Norway,2016,52313
Annual,Number,Diesel (excluding hybrids)  ,Norway,2017,42015
Annual,Number,Diesel (excluding hybrids)  ,Norway,2018,32340
Annual,Number,Diesel (excluding hybrids)  ,Norway,2019,26871
Annual,Number,Diesel (excluding hybrids)  ,Norway,2020,17331
Annual,Number,Diesel (excluding hybrids)  ,Norway,2021,9576
Annual,Number,Diesel (excluding hybrids)  ,Norway,2022,6968
Annual,Number,Diesel (excluding hybrids)  ,Norway,2023,4477
Annual,Number,Diesel (excluding hybrids)  ,Norway,2024,4286
Annual,Number,Diesel (excluding hybrids)  ,Norway,2025,3232
Annual,Number,Diesel (excluding hybrids)  ,Poland,2013,102260
Annual,Number,Diesel (excluding hybrids)  ,Poland,2014,121102
Annual,Number,Diesel (excluding hybrids)  ,Poland,2015,119613
Annual,Number,Diesel (excluding hybrids)  ,Poland,2016,132663
Annual,Number,Diesel (excluding hybrids)  ,Poland,2017,137213
Annual,Number,Diesel (excluding hybrids)  ,Poland,2018,133738
Annual,Number,Diesel (excluding hybrids)  ,Poland,2019,115838
Annual,Number,Diesel (excluding hybrids)  ,Poland,2020,85610
Annual,Number,Diesel (excluding hybrids)  ,Poland,2021,71053
Annual,Number,Diesel (excluding hybrids)  ,Poland,2022,59875
Annual,Number,Diesel (excluding hybrids)  ,Poland,2023,63610
Annual,Number,Diesel (excluding hybrids)  ,Poland,2024,72510
Annual,Number,Diesel (excluding hybrids)  ,Poland,2025,70695
Annual,Number,Diesel (excluding hybrids)  ,Portugal,2017,138712
Annual,Number,Diesel (excluding hybrids)  ,Portugal,2018,123326
Annual,Number,Diesel (excluding hybrids)  ,Portugal,2019,89376
Annual,Number,Diesel (excluding hybrids)  ,Portugal,2020,47564
Annual,Number,Diesel (excluding hybrids)  ,Portugal,2021,31766
Annual,Number,Diesel (excluding hybrids)  ,Portugal,2022,27881
Annual,Number,Diesel (excluding hybrids)  ,Portugal,2023,23900
Annual,Number,Diesel (excluding hybrids)  ,Portugal,2024,18261
Annual,Number,Diesel (excluding hybrids)  ,Portugal,2025,12648
Annual,Number,Diesel (excluding hybrids)  ,Romania,2013,31481
Annual,Number,Diesel (excluding hybrids)  ,Romania,2014,39774
Annual,Number,Diesel (excluding hybrids)  ,Romania,2015,44861
Annual,Number,Diesel (excluding hybrids)  ,Romania,2016,48591
Annual,Number,Diesel (excluding hybrids)  ,Romania,2017,53979
Annual,Number,Diesel (excluding hybrids)  ,Romania,2018,53239
Annual,Number,Diesel (excluding hybrids)  ,Romania,2019,43365
Annual,Number,Diesel (excluding hybrids)  ,Romania,2020,33826
Annual,Number,Diesel (excluding hybrids)  ,Romania,2021,20393
Annual,Number,Diesel (excluding hybrids)  ,Romania,2022,16413
Annual,Number,Diesel (excluding hybrids)  ,Romania,2023,16322
Annual,Number,Diesel (excluding hybrids)  ,Romania,2024,18435
Annual,Number,Diesel (excluding hybrids)  ,Romania,2025,12477
Annual,Number,Diesel (excluding hybrids)  ,Serbia,2019,20379
Annual,Number,Diesel (excluding hybrids)  ,Serbia,2020,16104
Annual,Number,Diesel (excluding hybrids)  ,Serbia,2021,10951
Annual,Number,Diesel (excluding hybrids)  ,Serbia,2022,9568
Annual,Number,Diesel (excluding hybrids)  ,Serbia,2023,9584
Annual,Number,Diesel (excluding hybrids)  ,Serbia,2024,10036
Annual,Number,Diesel (excluding hybrids)  ,Serbia,2025,8679
Annual,Number,Diesel (excluding hybrids)  ,Sweden,2013,175422
Annual,Number,Diesel (excluding hybrids)  ,Sweden,2014,188028
Annual,Number,Diesel (excluding hybrids)  ,Sweden,2015,206377
Annual,Number,Diesel (excluding hybrids)  ,Sweden,2016,201040
Annual,Number,Diesel (excluding hybrids)  ,Sweden,2017,191059
Annual,Number,Diesel (excluding hybrids)  ,Sweden,2018,137387
Annual,Number,Diesel (excluding hybrids)  ,Sweden,2019,117760
Annual,Number,Diesel (excluding hybrids)  ,Sweden,2020,54132
Annual,Number,Diesel (excluding hybrids)  ,Sweden,2021,27184
Annual,Number,Diesel (excluding hybrids)  ,Sweden,2022,18379
Annual,Number,Diesel (excluding hybrids)  ,Sweden,2023,24115
Annual,Number,Diesel (excluding hybrids)  ,Sweden,2024,19917
Annual,Number,Diesel (excluding hybrids)  ,Sweden,2025,18259
Annual,Number,Diesel (excluding hybrids)  ,Slovenia,2014,29763
Annual,Number,Diesel (excluding hybrids)  ,Slovenia,2015,31031
Annual,Number,Diesel (excluding hybrids)  ,Slovenia,2016,32589
Annual,Number,Diesel (excluding hybrids)  ,Slovenia,2017,32410
Annual,Number,Diesel (excluding hybrids)  ,Slovenia,2018,23877
Annual,Number,Diesel (excluding hybrids)  ,Slovenia,2019,21499
Annual,Number,Diesel (excluding hybrids)  ,Slovenia,2020,16918
Annual,Number,Diesel (excluding hybrids)  ,Slovenia,2021,11743
Annual,Number,Diesel (excluding hybrids)  ,Slovenia,2022,7739
Annual,Number,Diesel (excluding hybrids)  ,Slovenia,2023,7355
Annual,Number,Diesel (excluding hybrids)  ,Slovenia,2024,8113
Annual,Number,Diesel (excluding hybrids)  ,Slovenia,2025,7896
Annual,Number,Diesel (excluding hybrids)  ,Slovakia,2020,19082
Annual,Number,Diesel (excluding hybrids)  ,Slovakia,2021,14909
Annual,Number,Diesel (excluding hybrids)  ,Slovakia,2022,12938
Annual,Number,Diesel (excluding hybrids)  ,Slovakia,2023,15253
Annual,Number,Diesel (excluding hybrids)  ,Slovakia,2024,14808
Annual,Number,Diesel (excluding hybrids)  ,Slovakia,2025,12074
Annual,Number,Diesel (excluding hybrids)  ,Türkiye,2013,383904
Annual,Number,Diesel (excluding hybrids)  ,Türkiye,2014,364241
Annual,Number,Diesel (excluding hybrids)  ,Türkiye,2015,462119
Annual,Number,Diesel (excluding hybrids)  ,Türkiye,2016,460781
Annual,Number,Diesel (excluding hybrids)  ,Türkiye,2017,457060
Annual,Number,Diesel (excluding hybrids)  ,Türkiye,2018,320349
Annual,Number,Diesel (excluding hybrids)  ,Türkiye,2019,211027
Annual,Number,Diesel (excluding hybrids)  ,Türkiye,2020,246016
Annual,Number,Diesel (excluding hybrids)  ,Türkiye,2021,144640
Annual,Number,Diesel (excluding hybrids)  ,Türkiye,2022,101808
Annual,Number,Diesel (excluding hybrids)  ,Türkiye,2023,153675
Annual,Number,Diesel (excluding hybrids)  ,Türkiye,2024,114264
Annual,Number,Diesel (excluding hybrids)  ,Türkiye,2025,94916
Annual,Number,Diesel (excluding hybrids)  ,Ukraine,2019,15805
Annual,Number,Diesel (excluding hybrids)  ,Ukraine,2020,28777
Annual,Number,Diesel (excluding hybrids)  ,Ukraine,2021,28817
Annual,Number,Diesel (excluding hybrids)  ,Ukraine,2022,9614
Annual,Number,Diesel (excluding hybrids)  ,Ukraine,2023,15805
Annual,Number,Diesel (excluding hybrids)  ,Ukraine,2024,17521
Annual,Number,Diesel (excluding hybrids)  ,Ukraine,2025,13999
Annual,Number,Diesel (excluding hybrids)  ,United Kingdom,2015,1253393
Annual,Number,Diesel (excluding hybrids)  ,United Kingdom,2016,1262512
Annual,Number,Diesel (excluding hybrids)  ,United Kingdom,2017,1047685
Annual,Number,Diesel (excluding hybrids)  ,United Kingdom,2018,735720
Annual,Number,Diesel (excluding hybrids)  ,United Kingdom,2021,188492
Annual,Number,Diesel (excluding hybrids)  ,United Kingdom,2022,122987
Annual,Number,Diesel (excluding hybrids)  ,United Kingdom,2023,122159
Annual,Number,Diesel (excluding hybrids)  ,United Kingdom,2024,107138
Annual,Number,Diesel (excluding hybrids)  ,Kosovo*,2017,16564
Annual,Number,Diesel (excluding hybrids)  ,Kosovo*,2018,7686
Annual,Number,Diesel (excluding hybrids)  ,Kosovo*,2019,22587
Annual,Number,Diesel (excluding hybrids)  ,Kosovo*,2021,24003
Annual,Number,Diesel (excluding hybrids)  ,Kosovo*,2025,31911
Annual,Number,Electricity,Albania,2019,24
Annual,Number,Electricity,Albania,2020,239
Annual,Number,Electricity,Albania,2021,262
Annual,Number,Electricity,Albania,2022,624
Annual,Number,Electricity,Albania,2023,1671
Annual,Number,Electricity,Albania,2024,2843
Annual,Number,Electricity,Austria,2013,654
Annual,Number,Electricity,Austria,2014,1281
Annual,Number,Electricity,Austria,2015,1677
Annual,Number,Electricity,Austria,2016,3826
Annual,Number,Electricity,Austria,2017,5433
Annual,Number,Electricity,Austria,2018,6757
Annual,Number,Electricity,Austria,2019,9242
Annual,Number,Electricity,Austria,2020,15972
Annual,Number,Electricity,Austria,2021,33366
Annual,Number,Electricity,Austria,2022,34165
Annual,Number,Electricity,Austria,2023,47621
Annual,Number,Electricity,Austria,2024,44622
Annual,Number,Electricity,Austria,2025,60651
Annual,Number,Electricity,Bosnia and Herzegovina,2013,0
Annual,Number,Electricity,Bosnia and Herzegovina,2014,0
Annual,Number,Electricity,Bosnia and Herzegovina,2015,1
Annual,Number,Electricity,Bosnia and Herzegovina,2016,0
Annual,Number,Electricity,Bosnia and Herzegovina,2017,7
Annual,Number,Electricity,Bosnia and Herzegovina,2018,3
Annual,Number,Electricity,Bosnia and Herzegovina,2019,13
Annual,Number,Electricity,Bosnia and Herzegovina,2020,8
Annual,Number,Electricity,Bosnia and Herzegovina,2021,28
Annual,Number,Electricity,Bosnia and Herzegovina,2022,33
Annual,Number,Electricity,Bosnia and Herzegovina,2023,135
Annual,Number,Electricity,Bosnia and Herzegovina,2024,96
Annual,Number,Electricity,Bosnia and Herzegovina,2025,71
Annual,Number,Electricity,Belgium,2013,501
Annual,Number,Electricity,Belgium,2014,1167
Annual,Number,Electricity,Belgium,2015,1360
Annual,Number,Electricity,Belgium,2016,2061
Annual,Number,Electricity,Belgium,2017,2717
Annual,Number,Electricity,Belgium,2018,3763
Annual,Number,Electricity,Belgium,2019,8892
Annual,Number,Electricity,Belgium,2020,15044
Annual,Number,Electricity,Belgium,2021,22774
Annual,Number,Electricity,Belgium,2022,37760
Annual,Number,Electricity,Belgium,2023,93482
Annual,Number,Electricity,Belgium,2024,127915
Annual,Number,Electricity,Belgium,2025,144003
Annual,Number,Electricity,Bulgaria,2013,0
Annual,Number,Electricity,Bulgaria,2014,0
Annual,Number,Electricity,Bulgaria,2015,10
Annual,Number,Electricity,Bulgaria,2016,11
Annual,Number,Electricity,Bulgaria,2017,13
Annual,Number,Electricity,Bulgaria,2018,145
Annual,Number,Electricity,Bulgaria,2019,188
Annual,Number,Electricity,Bulgaria,2020,139
Annual,Number,Electricity,Bulgaria,2021,321
Annual,Number,Electricity,Bulgaria,2022,1021
Annual,Number,Electricity,Bulgaria,2023,1754
Annual,Number,Electricity,Bulgaria,2024,1665
Annual,Number,Electricity,Bulgaria,2025,2420
Annual,Number,Electricity,Switzerland,2013,1393
Annual,Number,Electricity,Switzerland,2014,1948
Annual,Number,Electricity,Switzerland,2015,3882
Annual,Number,Electricity,Switzerland,2016,3525
Annual,Number,Electricity,Switzerland,2017,4929
Annual,Number,Electricity,Switzerland,2018,5349
Annual,Number,Electricity,Switzerland,2019,13177
Annual,Number,Electricity,Switzerland,2020,19753
Annual,Number,Electricity,Switzerland,2021,32025
Annual,Number,Electricity,Switzerland,2022,40518
Annual,Number,Electricity,Switzerland,2023,52947
Annual,Number,Electricity,Switzerland,2024,46608
Annual,Number,Electricity,Switzerland,2025,52868
Annual,Number,Electricity,Cyprus,2013,8
Annual,Number,Electricity,Cyprus,2014,1
Annual,Number,Electricity,Cyprus,2015,4
Annual,Number,Electricity,Cyprus,2016,7
Annual,Number,Electricity,Cyprus,2017,18
Annual,Number,Electricity,Cyprus,2018,5
Annual,Number,Electricity,Cyprus,2019,58
Annual,Number,Electricity,Cyprus,2020,42
Annual,Number,Electricity,Cyprus,2021,78
Annual,Number,Electricity,Cyprus,2022,401
Annual,Number,Electricity,Cyprus,2023,788
Annual,Number,Electricity,Cyprus,2024,1193
Annual,Number,Electricity,Cyprus,2025,1474
Annual,Number,Electricity,Czechia,2013,33
Annual,Number,Electricity,Czechia,2014,58
Annual,Number,Electricity,Czechia,2015,312
Annual,Number,Electricity,Czechia,2016,210
Annual,Number,Electricity,Czechia,2017,376
Annual,Number,Electricity,Czechia,2018,731
Annual,Number,Electricity,Czechia,2019,778
Annual,Number,Electricity,Czechia,2020,3284
Annual,Number,Electricity,Czechia,2021,3172
Annual,Number,Electricity,Czechia,2022,3786
Annual,Number,Electricity,Czechia,2023,6567
Annual,Number,Electricity,Czechia,2024,10854
Annual,Number,Electricity,Czechia,2025,13506
Annual,Number,Electricity,Germany,2013,6051
Annual,Number,Electricity,Germany,2014,8522
Annual,Number,Electricity,Germany,2015,12363
Annual,Number,Electricity,Germany,2016,11410
Annual,Number,Electricity,Germany,2017,25056
Annual,Number,Electricity,Germany,2018,36062
Annual,Number,Electricity,Germany,2019,63281
Annual,Number,Electricity,Germany,2020,194163
Annual,Number,Electricity,Germany,2021,355961
Annual,Number,Electricity,Germany,2022,470559
Annual,Number,Electricity,Germany,2023,524219
Annual,Number,Electricity,Germany,2024,380609
Annual,Number,Electricity,Germany,2025,545142
Annual,Number,Electricity,Denmark,2013,533
Annual,Number,Electricity,Denmark,2014,1564
Annual,Number,Electricity,Denmark,2015,1265
Annual,Number,Electricity,Denmark,2016,1265
Annual,Number,Electricity,Denmark,2017,691
Annual,Number,Electricity,Denmark,2018,1544
Annual,Number,Electricity,Denmark,2019,5501
Annual,Number,Electricity,Denmark,2020,14218
Annual,Number,Electricity,Denmark,2021,24876
Annual,Number,Electricity,Denmark,2022,30799
Annual,Number,Electricity,Denmark,2023,62576
Annual,Number,Electricity,Denmark,2024,89058
Annual,Number,Electricity,Denmark,2025,126444
Annual,Number,Electricity,Estonia,2013,130
Annual,Number,Electricity,Estonia,2014,331
Annual,Number,Electricity,Estonia,2015,30
Annual,Number,Electricity,Estonia,2016,32
Annual,Number,Electricity,Estonia,2017,26
Annual,Number,Electricity,Estonia,2018,83
Annual,Number,Electricity,Estonia,2019,77
Annual,Number,Electricity,Estonia,2020,344
Annual,Number,Electricity,Estonia,2021,487
Annual,Number,Electricity,Estonia,2022,693
Annual,Number,Electricity,Estonia,2023,1448
Annual,Number,Electricity,Estonia,2024,1323
Annual,Number,Electricity,Estonia,2025,872
Annual,Number,Electricity,Greece,2013,2
Annual,Number,Electricity,Greece,2014,38
Annual,Number,Electricity,Greece,2015,32
Annual,Number,Electricity,Greece,2016,20
Annual,Number,Electricity,Greece,2017,37
Annual,Number,Electricity,Greece,2018,77
Annual,Number,Electricity,Greece,2019,188
Annual,Number,Electricity,Greece,2020,678
Annual,Number,Electricity,Greece,2021,2174
Annual,Number,Electricity,Greece,2022,2826
Annual,Number,Electricity,Greece,2023,6377
Annual,Number,Electricity,Greece,2024,8708
Annual,Number,Electricity,Greece,2025,8892
Annual,Number,Electricity,Spain,2013,936
Annual,Number,Electricity,Spain,2014,1004
Annual,Number,Electricity,Spain,2015,2620
Annual,Number,Electricity,Spain,2016,2085
Annual,Number,Electricity,Spain,2017,4038
Annual,Number,Electricity,Spain,2018,6238
Annual,Number,Electricity,Spain,2019,10415
Annual,Number,Electricity,Spain,2020,18217
Annual,Number,Electricity,Spain,2021,24400
Annual,Number,Electricity,Spain,2022,31737
Annual,Number,Electricity,Spain,2023,55388
Annual,Number,Electricity,Spain,2024,59383
Annual,Number,Electricity,Spain,2025,105074
Annual,Number,Electricity,European Union - 27 countries (from 2020),2013,22066
Annual,Number,Electricity,European Union - 27 countries (from 2020),2014,31179
Annual,Number,Electricity,European Union - 27 countries (from 2020),2015,46669
Annual,Number,Electricity,European Union - 27 countries (from 2020),2016,53527
Annual,Number,Electricity,European Union - 27 countries (from 2020),2017,83793
Annual,Number,Electricity,European Union - 27 countries (from 2020),2018,134444
Annual,Number,Electricity,European Union - 27 countries (from 2020),2019,250082
Annual,Number,Electricity,European Union - 27 countries (from 2020),2020,538927
Annual,Number,Electricity,European Union - 27 countries (from 2020),2021,885038
Annual,Number,Electricity,European Union - 27 countries (from 2020),2022,1129786
Annual,Number,Electricity,European Union - 27 countries (from 2020),2023,1547676
Annual,Number,Electricity,European Union - 27 countries (from 2020),2024,1455122
Annual,Number,Electricity,European Union - 27 countries (from 2020),2025,1888016
Annual,Number,Electricity,Finland,2013,50
Annual,Number,Electricity,Finland,2014,183
Annual,Number,Electricity,Finland,2015,243
Annual,Number,Electricity,Finland,2016,223
Annual,Number,Electricity,Finland,2017,502
Annual,Number,Electricity,Finland,2018,776
Annual,Number,Electricity,Finland,2019,1897
Annual,Number,Electricity,Finland,2020,4245
Annual,Number,Electricity,Finland,2021,10153
Annual,Number,Electricity,Finland,2022,14531
Annual,Number,Electricity,Finland,2023,29537
Annual,Number,Electricity,Finland,2024,21870
Annual,Number,Electricity,Finland,2025,26748
Annual,Number,Electricity,France,2013,8781
Annual,Number,Electricity,France,2014,10567
Annual,Number,Electricity,France,2015,17269
Annual,Number,Electricity,France,2016,21758
Annual,Number,Electricity,France,2017,25368
Annual,Number,Electricity,France,2018,31687
Annual,Number,Electricity,France,2019,43564
Annual,Number,Electricity,France,2020,112499
Annual,Number,Electricity,France,2021,165566
Annual,Number,Electricity,France,2022,207171
Annual,Number,Electricity,France,2023,303590
Annual,Number,Electricity,France,2024,295053
Annual,Number,Electricity,France,2025,330890
Annual,Number,Electricity,Georgia,2017,83
Annual,Number,Electricity,Georgia,2018,21
Annual,Number,Electricity,Georgia,2019,108
Annual,Number,Electricity,Georgia,2020,22
Annual,Number,Electricity,Georgia,2021,43
Annual,Number,Electricity,Georgia,2022,206
Annual,Number,Electricity,Georgia,2023,245
Annual,Number,Electricity,Georgia,2024,513
Annual,Number,Electricity,Georgia,2025,823
Annual,Number,Electricity,Croatia,2013,3
Annual,Number,Electricity,Croatia,2014,47
Annual,Number,Electricity,Croatia,2015,80
Annual,Number,Electricity,Croatia,2016,66
Annual,Number,Electricity,Croatia,2017,55
Annual,Number,Electricity,Croatia,2018,182
Annual,Number,Electricity,Croatia,2019,279
Annual,Number,Electricity,Croatia,2020,639
Annual,Number,Electricity,Croatia,2021,1121
Annual,Number,Electricity,Croatia,2022,1062
Annual,Number,Electricity,Croatia,2023,1125
Annual,Number,Electricity,Croatia,2024,882
Annual,Number,Electricity,Croatia,2025,992
Annual,Number,Electricity,Hungary,2013,10
Annual,Number,Electricity,Hungary,2014,32
Annual,Number,Electricity,Hungary,2015,116
Annual,Number,Electricity,Hungary,2016,176
Annual,Number,Electricity,Hungary,2017,749
Annual,Number,Electricity,Hungary,2018,1300
Annual,Number,Electricity,Hungary,2019,1834
Annual,Number,Electricity,Hungary,2020,3047
Annual,Number,Electricity,Hungary,2021,4313
Annual,Number,Electricity,Hungary,2022,4707
Annual,Number,Electricity,Hungary,2023,5807
Annual,Number,Electricity,Hungary,2024,8569
Annual,Number,Electricity,Hungary,2025,11002
Annual,Number,Electricity,Ireland,2013,49
Annual,Number,Electricity,Ireland,2014,194
Annual,Number,Electricity,Ireland,2015,494
Annual,Number,Electricity,Ireland,2016,402
Annual,Number,Electricity,Ireland,2017,631
Annual,Number,Electricity,Ireland,2018,1252
Annual,Number,Electricity,Ireland,2019,3665
Annual,Number,Electricity,Ireland,2020,4075
Annual,Number,Electricity,Ireland,2021,9199
Annual,Number,Electricity,Ireland,2022,15872
Annual,Number,Electricity,Ireland,2023,23181
Annual,Number,Electricity,Ireland,2024,17780
Annual,Number,Electricity,Ireland,2025,23741
Annual,Number,Electricity,Iceland,2017,845
Annual,Number,Electricity,Iceland,2018,784
Annual,Number,Electricity,Iceland,2019,1090
Annual,Number,Electricity,Iceland,2020,2551
Annual,Number,Electricity,Iceland,2021,4246
Annual,Number,Electricity,Iceland,2022,5567
Annual,Number,Electricity,Iceland,2023,8783
Annual,Number,Electricity,Iceland,2024,2661
Annual,Number,Electricity,Iceland,2025,5988
Annual,Number,Electricity,Italy,2013,846
Annual,Number,Electricity,Italy,2014,1155
Annual,Number,Electricity,Italy,2015,1576
Annual,Number,Electricity,Italy,2016,1497
Annual,Number,Electricity,Italy,2017,2109
Annual,Number,Electricity,Italy,2018,5198
Annual,Number,Electricity,Italy,2019,10612
Annual,Number,Electricity,Italy,2020,30930
Annual,Number,Electricity,Italy,2021,69178
Annual,Number,Electricity,Italy,2022,48960
Annual,Number,Electricity,Italy,2023,65800
Annual,Number,Electricity,Italy,2024,66606
Annual,Number,Electricity,Italy,2025,94862
Annual,Number,Electricity,Liechtenstein,2013,14
Annual,Number,Electricity,Liechtenstein,2014,18
Annual,Number,Electricity,Liechtenstein,2015,30
Annual,Number,Electricity,Liechtenstein,2016,46
Annual,Number,Electricity,Liechtenstein,2017,57
Annual,Number,Electricity,Liechtenstein,2018,48
Annual,Number,Electricity,Liechtenstein,2019,97
Annual,Number,Electricity,Liechtenstein,2020,164
Annual,Number,Electricity,Liechtenstein,2021,292
Annual,Number,Electricity,Liechtenstein,2022,317
Annual,Number,Electricity,Liechtenstein,2023,338
Annual,Number,Electricity,Liechtenstein,2024,362
Annual,Number,Electricity,Liechtenstein,2025,355
Annual,Number,Electricity,Lithuania,2013,2
Annual,Number,Electricity,Lithuania,2014,8
Annual,Number,Electricity,Lithuania,2015,26
Annual,Number,Electricity,Lithuania,2016,62
Annual,Number,Electricity,Lithuania,2017,43
Annual,Number,Electricity,Lithuania,2018,141
Annual,Number,Electricity,Lithuania,2019,175
Annual,Number,Electricity,Lithuania,2020,480
Annual,Number,Electricity,Lithuania,2021,1277
Annual,Number,Electricity,Lithuania,2022,1507
Annual,Number,Electricity,Lithuania,2023,2210
Annual,Number,Electricity,Lithuania,2024,1877
Annual,Number,Electricity,Lithuania,2025,3227
Annual,Number,Electricity,Luxembourg,2013,158
Annual,Number,Electricity,Luxembourg,2014,312
Annual,Number,Electricity,Luxembourg,2015,73
Annual,Number,Electricity,Luxembourg,2016,145
Annual,Number,Electricity,Luxembourg,2017,386
Annual,Number,Electricity,Luxembourg,2018,430
Annual,Number,Electricity,Luxembourg,2019,986
Annual,Number,Electricity,Luxembourg,2020,2473
Annual,Number,Electricity,Luxembourg,2021,4649
Annual,Number,Electricity,Luxembourg,2022,6391
Annual,Number,Electricity,Luxembourg,2023,11048
Annual,Number,Electricity,Luxembourg,2024,12777
Annual,Number,Electricity,Luxembourg,2025,12664
Annual,Number,Electricity,Latvia,2013,0
Annual,Number,Electricity,Latvia,2014,174
Annual,Number,Electricity,Latvia,2015,17
Annual,Number,Electricity,Latvia,2016,19
Annual,Number,Electricity,Latvia,2017,41
Annual,Number,Electricity,Latvia,2018,78
Annual,Number,Electricity,Latvia,2019,116
Annual,Number,Electricity,Latvia,2020,351
Annual,Number,Electricity,Latvia,2021,480
Annual,Number,Electricity,Latvia,2022,1069
Annual,Number,Electricity,Latvia,2023,1629
Annual,Number,Electricity,Latvia,2024,1260
Annual,Number,Electricity,Latvia,2025,1612
Annual,Number,Electricity,Moldova,2013,0
Annual,Number,Electricity,Moldova,2014,1
Annual,Number,Electricity,Moldova,2015,13
Annual,Number,Electricity,Moldova,2016,14
Annual,Number,Electricity,Moldova,2017,37
Annual,Number,Electricity,Moldova,2018,42
Annual,Number,Electricity,Moldova,2019,185
Annual,Number,Electricity,Moldova,2020,211
Annual,Number,Electricity,Moldova,2021,396
Annual,Number,Electricity,Moldova,2022,729
Annual,Number,Electricity,Moldova,2023,1012
Annual,Number,Electricity,Moldova,2024,1666
Annual,Number,Electricity,Moldova,2025,1990
Annual,Number,Electricity,Montenegro,2017,4
Annual,Number,Electricity,Montenegro,2018,1
Annual,Number,Electricity,Montenegro,2024,167
Annual,Number,Electricity,Montenegro,2025,129
Annual,Number,Electricity,Malta,2013,18
Annual,Number,Electricity,Malta,2014,30
Annual,Number,Electricity,Malta,2015,23
Annual,Number,Electricity,Malta,2016,19
Annual,Number,Electricity,Malta,2017,24
Annual,Number,Electricity,Malta,2018,285
Annual,Number,Electricity,Malta,2019,281
Annual,Number,Electricity,Malta,2020,178
Annual,Number,Electricity,Malta,2021,416
Annual,Number,Electricity,Malta,2022,990
Annual,Number,Electricity,Malta,2023,1516
Annual,Number,Electricity,Malta,2024,2893
Annual,Number,Electricity,Malta,2025,2455
Annual,Number,Electricity,Netherlands,2013,2619
Annual,Number,Electricity,Netherlands,2014,2912
Annual,Number,Electricity,Netherlands,2015,3193
Annual,Number,Electricity,Netherlands,2016,3988
Annual,Number,Electricity,Netherlands,2017,7958
Annual,Number,Electricity,Netherlands,2018,23985
Annual,Number,Electricity,Netherlands,2019,61547
Annual,Number,Electricity,Netherlands,2020,72859
Annual,Number,Electricity,Netherlands,2021,63658
Annual,Number,Electricity,Netherlands,2022,73250
Annual,Number,Electricity,Netherlands,2023,113968
Annual,Number,Electricity,Netherlands,2024,132167
Annual,Number,Electricity,Netherlands,2025,155962
Annual,Number,Electricity,Norway,2013,7885
Annual,Number,Electricity,Norway,2014,18091
Annual,Number,Electricity,Norway,2015,25779
Annual,Number,Electricity,Norway,2016,24222
Annual,Number,Electricity,Norway,2017,33023
Annual,Number,Electricity,Norway,2018,46091
Annual,Number,Electricity,Norway,2019,60271
Annual,Number,Electricity,Norway,2020,82212
Annual,Number,Electricity,Norway,2021,116399
Annual,Number,Electricity,Norway,2022,142504
Annual,Number,Electricity,Norway,2023,104727
Annual,Number,Electricity,Norway,2024,114814
Annual,Number,Electricity,Norway,2025,173080
Annual,Number,Electricity,Poland,2013,26
Annual,Number,Electricity,Poland,2014,81
Annual,Number,Electricity,Poland,2015,112
Annual,Number,Electricity,Poland,2016,157
Annual,Number,Electricity,Poland,2017,508
Annual,Number,Electricity,Poland,2018,694
Annual,Number,Electricity,Poland,2019,1464
Annual,Number,Electricity,Poland,2020,3679
Annual,Number,Electricity,Poland,2021,7092
Annual,Number,Electricity,Poland,2022,11293
Annual,Number,Electricity,Poland,2023,17078
Annual,Number,Electricity,Poland,2024,16564
Annual,Number,Electricity,Poland,2025,43311
Annual,Number,Electricity,Portugal,2013,167
Annual,Number,Electricity,Portugal,2014,198
Annual,Number,Electricity,Portugal,2015,692
Annual,Number,Electricity,Portugal,2016,820
Annual,Number,Electricity,Portugal,2017,1912
Annual,Number,Electricity,Portugal,2018,4458
Annual,Number,Electricity,Portugal,2019,6880
Annual,Number,Electricity,Portugal,2020,7908
Annual,Number,Electricity,Portugal,2021,13546
Annual,Number,Electricity,Portugal,2022,18426
Annual,Number,Electricity,Portugal,2023,36456
Annual,Number,Electricity,Portugal,2024,41772
Annual,Number,Electricity,Portugal,2025,52435
Annual,Number,Electricity,Romania,2013,37
Annual,Number,Electricity,Romania,2014,17
Annual,Number,Electricity,Romania,2015,28
Annual,Number,Electricity,Romania,2016,69
Annual,Number,Electricity,Romania,2017,232
Annual,Number,Electricity,Romania,2018,604
Annual,Number,Electricity,Romania,2019,1506
Annual,Number,Electricity,Romania,2020,2844
Annual,Number,Electricity,Romania,2021,6344
Annual,Number,Electricity,Romania,2022,11638
Annual,Number,Electricity,Romania,2023,15367
Annual,Number,Electricity,Romania,2024,9795
Annual,Number,Electricity,Romania,2025,8849
Annual,Number,Electricity,Serbia,2019,37
Annual,Number,Electricity,Serbia,2020,61
Annual,Number,Electricity,Serbia,2021,138
Annual,Number,Electricity,Serbia,2022,221
Annual,Number,Electricity,Serbia,2023,494
Annual,Number,Electricity,Serbia,2024,604
Annual,Number,Electricity,Serbia,2025,873
Annual,Number,Electricity,Sweden,2013,452
Annual,Number,Electricity,Sweden,2014,1266
Annual,Number,Electricity,Sweden,2015,2916
Annual,Number,Electricity,Sweden,2016,2993
Annual,Number,Electricity,Sweden,2017,4359
Annual,Number,Electricity,Sweden,2018,7147
Annual,Number,Electricity,Sweden,2019,15795
Annual,Number,Electricity,Sweden,2020,27981
Annual,Number,Electricity,Sweden,2021,57590
Annual,Number,Electricity,Sweden,2022,95371
Annual,Number,Electricity,Sweden,2023,112321
Annual,Number,Electricity,Sweden,2024,94546
Annual,Number,Electricity,Sweden,2025,99981
Annual,Number,Electricity,Slovenia,2013,0
Annual,Number,Electricity,Slovenia,2014,13
Annual,Number,Electricity,Slovenia,2015,123
Annual,Number,Electricity,Slovenia,2016,151
Annual,Number,Electricity,Slovenia,2017,297
Annual,Number,Electricity,Slovenia,2018,521
Annual,Number,Electricity,Slovenia,2019,695
Annual,Number,Electricity,Slovenia,2020,1720
Annual,Number,Electricity,Slovenia,2021,1742
Annual,Number,Electricity,Slovenia,2022,2293
Annual,Number,Electricity,Slovenia,2023,4306
Annual,Number,Electricity,Slovenia,2024,3154
Annual,Number,Electricity,Slovenia,2025,6430
Annual,Number,Electricity,Slovakia,2013,0
Annual,Number,Electricity,Slovakia,2014,24
Annual,Number,Electricity,Slovakia,2015,15
Annual,Number,Electricity,Slovakia,2016,55
Annual,Number,Electricity,Slovakia,2017,214
Annual,Number,Electricity,Slovakia,2018,301
Annual,Number,Electricity,Slovakia,2019,166
Annual,Number,Electricity,Slovakia,2020,918
Annual,Number,Electricity,Slovakia,2021,1105
Annual,Number,Electricity,Slovakia,2022,1508
Annual,Number,Electricity,Slovakia,2023,2517
Annual,Number,Electricity,Slovakia,2024,2227
Annual,Number,Electricity,Slovakia,2025,4377
Annual,Number,Electricity,Türkiye,2013,180
Annual,Number,Electricity,Türkiye,2014,63
Annual,Number,Electricity,Türkiye,2015,154
Annual,Number,Electricity,Türkiye,2016,77
Annual,Number,Electricity,Türkiye,2017,117
Annual,Number,Electricity,Türkiye,2018,206
Annual,Number,Electricity,Türkiye,2019,228
Annual,Number,Electricity,Türkiye,2020,1617
Annual,Number,Electricity,Türkiye,2021,3575
Annual,Number,Electricity,Türkiye,2022,8312
Annual,Number,Electricity,Türkiye,2023,65558
Annual,Number,Electricity,Türkiye,2024,103850
Annual,Number,Electricity,Türkiye,2025,186979
Annual,Number,Electricity,Ukraine,2019,7261
Annual,Number,Electricity,Ukraine,2020,641
Annual,Number,Electricity,Ukraine,2021,1210
Annual,Number,Electricity,Ukraine,2022,2255
Annual,Number,Electricity,Ukraine,2023,7261
Annual,Number,Electricity,Ukraine,2024,10231
Annual,Number,Electricity,Ukraine,2025,22824
Annual,Number,Electricity,United Kingdom,2015,10063
Annual,Number,Electricity,United Kingdom,2016,10544
Annual,Number,Electricity,United Kingdom,2017,13727
Annual,Number,Electricity,United Kingdom,2018,15579
Annual,Number,Electricity,United Kingdom,2021,188143
Annual,Number,Electricity,United Kingdom,2022,263197
Annual,Number,Electricity,United Kingdom,2023,308941
Annual,Number,Electricity,United Kingdom,2024,375191
Annual,Number,Electricity,Kosovo*,2017,2
Annual,Number,Electricity,Kosovo*,2018,1
Annual,Number,Electricity,Kosovo*,2019,0
Annual,Number,Electricity,Kosovo*,2021,20
Annual,Number,Electricity,Kosovo*,2025,539
Annual,Number,Hybrid diesel-electric,Albania,2019,23
Annual,Number,Hybrid diesel-electric,Albania,2020,47
Annual,Number,Hybrid diesel-electric,Albania,2021,178
Annual,Number,Hybrid diesel-electric,Albania,2022,334
Annual,Number,Hybrid diesel-electric,Albania,2023,583
Annual,Number,Hybrid diesel-electric,Albania,2024,730
Annual,Number,Hybrid diesel-electric,Austria,2013,130
Annual,Number,Hybrid diesel-electric,Austria,2014,90
Annual,Number,Hybrid diesel-electric,Austria,2015,518
Annual,Number,Hybrid diesel-electric,Austria,2016,169
Annual,Number,Hybrid diesel-electric,Austria,2017,43
Annual,Number,Hybrid diesel-electric,Austria,2018,1008
Annual,Number,Hybrid diesel-electric,Austria,2019,4112
Annual,Number,Hybrid diesel-electric,Austria,2020,7848
Annual,Number,Hybrid diesel-electric,Austria,2021,12519
Annual,Number,Hybrid diesel-electric,Austria,2022,12620
Annual,Number,Hybrid diesel-electric,Austria,2023,13925
Annual,Number,Hybrid diesel-electric,Austria,2024,12479
Annual,Number,Hybrid diesel-electric,Austria,2025,12837
Annual,Number,Hybrid diesel-electric,Bosnia and Herzegovina,2013,0
Annual,Number,Hybrid diesel-electric,Bosnia and Herzegovina,2014,1
Annual,Number,Hybrid diesel-electric,Bosnia and Herzegovina,2015,0
Annual,Number,Hybrid diesel-electric,Bosnia and Herzegovina,2016,2
Annual,Number,Hybrid diesel-electric,Bosnia and Herzegovina,2017,0
Annual,Number,Hybrid diesel-electric,Bosnia and Herzegovina,2018,1
Annual,Number,Hybrid diesel-electric,Bosnia and Herzegovina,2019,11
Annual,Number,Hybrid diesel-electric,Bosnia and Herzegovina,2020,8
Annual,Number,Hybrid diesel-electric,Bosnia and Herzegovina,2021,22
Annual,Number,Hybrid diesel-electric,Bosnia and Herzegovina,2022,110
Annual,Number,Hybrid diesel-electric,Bosnia and Herzegovina,2023,129
Annual,Number,Hybrid diesel-electric,Bosnia and Herzegovina,2024,168
Annual,Number,Hybrid diesel-electric,Bosnia and Herzegovina,2025,465
Annual,Number,Hybrid diesel-electric,Belgium,2013,912
Annual,Number,Hybrid diesel-electric,Belgium,2014,741
Annual,Number,Hybrid diesel-electric,Belgium,2015,2493
Annual,Number,Hybrid diesel-electric,Belgium,2016,1301
Annual,Number,Hybrid diesel-electric,Belgium,2017,834
Annual,Number,Hybrid diesel-electric,Belgium,2018,1249
Annual,Number,Hybrid diesel-electric,Belgium,2019,6012
Annual,Number,Hybrid diesel-electric,Belgium,2020,14955
Annual,Number,Hybrid diesel-electric,Belgium,2021,21348
Annual,Number,Hybrid diesel-electric,Belgium,2022,8769
Annual,Number,Hybrid diesel-electric,Belgium,2023,5540
Annual,Number,Hybrid diesel-electric,Belgium,2024,2703
Annual,Number,Hybrid diesel-electric,Belgium,2025,3805
Annual,Number,Hybrid diesel-electric,Bulgaria,2023,0
Annual,Number,Hybrid diesel-electric,Bulgaria,2024,0
Annual,Number,Hybrid diesel-electric,Bulgaria,2025,0
Annual,Number,Hybrid diesel-electric,Switzerland,2013,705
Annual,Number,Hybrid diesel-electric,Switzerland,2014,520
Annual,Number,Hybrid diesel-electric,Switzerland,2015,844
Annual,Number,Hybrid diesel-electric,Switzerland,2016,493
Annual,Number,Hybrid diesel-electric,Switzerland,2017,182
Annual,Number,Hybrid diesel-electric,Switzerland,2018,803
Annual,Number,Hybrid diesel-electric,Switzerland,2019,3850
Annual,Number,Hybrid diesel-electric,Switzerland,2020,5367
Annual,Number,Hybrid diesel-electric,Switzerland,2021,9692
Annual,Number,Hybrid diesel-electric,Switzerland,2022,10948
Annual,Number,Hybrid diesel-electric,Switzerland,2023,13106
Annual,Number,Hybrid diesel-electric,Switzerland,2024,13307
Annual,Number,Hybrid diesel-electric,Switzerland,2025,10995
Annual,Number,Hybrid diesel-electric,Cyprus,2023,460
Annual,Number,Hybrid diesel-electric,Cyprus,2024,450
Annual,Number,Hybrid diesel-electric,Cyprus,2025,439
Annual,Number,Hybrid diesel-electric,Czechia,2021,822
Annual,Number,Hybrid diesel-electric,Czechia,2022,806
Annual,Number,Hybrid diesel-electric,Czechia,2023,4119
Annual,Number,Hybrid diesel-electric,Czechia,2024,229
Annual,Number,Hybrid diesel-electric,Czechia,2025,176
Annual,Number,Hybrid diesel-electric,Germany,2017,1228
Annual,Number,Hybrid diesel-electric,Germany,2018,17312
Annual,Number,Hybrid diesel-electric,Germany,2019,70102
Annual,Number,Hybrid diesel-electric,Germany,2020,107009
Annual,Number,Hybrid diesel-electric,Germany,2021,143234
Annual,Number,Hybrid diesel-electric,Germany,2022,153135
Annual,Number,Hybrid diesel-electric,Germany,2023,208149
Annual,Number,Hybrid diesel-electric,Germany,2024,183998
Annual,Number,Hybrid diesel-electric,Germany,2025,166219
Annual,Number,Hybrid diesel-electric,Denmark,2020,1098
Annual,Number,Hybrid diesel-electric,Denmark,2021,1616
Annual,Number,Hybrid diesel-electric,Denmark,2022,6488
Annual,Number,Hybrid diesel-electric,Denmark,2023,6855
Annual,Number,Hybrid diesel-electric,Denmark,2024,5150
Annual,Number,Hybrid diesel-electric,Denmark,2025,4934
Annual,Number,Hybrid diesel-electric,Estonia,2013,4
Annual,Number,Hybrid diesel-electric,Estonia,2014,3
Annual,Number,Hybrid diesel-electric,Estonia,2015,0
Annual,Number,Hybrid diesel-electric,Estonia,2016,1
Annual,Number,Hybrid diesel-electric,Estonia,2017,1
Annual,Number,Hybrid diesel-electric,Estonia,2018,73
Annual,Number,Hybrid diesel-electric,Estonia,2019,234
Annual,Number,Hybrid diesel-electric,Estonia,2020,260
Annual,Number,Hybrid diesel-electric,Estonia,2021,973
Annual,Number,Hybrid diesel-electric,Estonia,2022,891
Annual,Number,Hybrid diesel-electric,Estonia,2023,1227
Annual,Number,Hybrid diesel-electric,Estonia,2024,1345
Annual,Number,Hybrid diesel-electric,Estonia,2025,524
Annual,Number,Hybrid diesel-electric,Greece,2021,1713
Annual,Number,Hybrid diesel-electric,Greece,2022,1555
Annual,Number,Hybrid diesel-electric,Greece,2023,1733
Annual,Number,Hybrid diesel-electric,Greece,2024,1561
Annual,Number,Hybrid diesel-electric,Greece,2025,1974
Annual,Number,Hybrid diesel-electric,Spain,2014,139
Annual,Number,Hybrid diesel-electric,Spain,2015,23
Annual,Number,Hybrid diesel-electric,Spain,2016,34
Annual,Number,Hybrid diesel-electric,Spain,2017,129
Annual,Number,Hybrid diesel-electric,Spain,2018,1210
Annual,Number,Hybrid diesel-electric,Spain,2019,14943
Annual,Number,Hybrid diesel-electric,Spain,2020,26157
Annual,Number,Hybrid diesel-electric,Spain,2021,38766
Annual,Number,Hybrid diesel-electric,Spain,2022,32589
Annual,Number,Hybrid diesel-electric,Spain,2023,40815
Annual,Number,Hybrid diesel-electric,Spain,2024,42115
Annual,Number,Hybrid diesel-electric,Spain,2025,45151
Annual,Number,Hybrid diesel-electric,European Union - 27 countries (from 2020),2023,420406
Annual,Number,Hybrid diesel-electric,European Union - 27 countries (from 2020),2024,392379
Annual,Number,Hybrid diesel-electric,European Union - 27 countries (from 2020),2025,372543
Annual,Number,Hybrid diesel-electric,Finland,2014,75
Annual,Number,Hybrid diesel-electric,Finland,2015,29
Annual,Number,Hybrid diesel-electric,Finland,2016,11
Annual,Number,Hybrid diesel-electric,Finland,2017,2
Annual,Number,Hybrid diesel-electric,Finland,2018,224
Annual,Number,Hybrid diesel-electric,Finland,2019,990
Annual,Number,Hybrid diesel-electric,Finland,2020,1354
Annual,Number,Hybrid diesel-electric,Finland,2021,2235
Annual,Number,Hybrid diesel-electric,Finland,2022,1626
Annual,Number,Hybrid diesel-electric,Finland,2023,1167
Annual,Number,Hybrid diesel-electric,Finland,2024,411
Annual,Number,Hybrid diesel-electric,Finland,2025,179
Annual,Number,Hybrid diesel-electric,France,2013,13694
Annual,Number,Hybrid diesel-electric,France,2014,9313
Annual,Number,Hybrid diesel-electric,France,2015,18870
Annual,Number,Hybrid diesel-electric,France,2016,4522
Annual,Number,Hybrid diesel-electric,France,2017,1031
Annual,Number,Hybrid diesel-electric,France,2018,2794
Annual,Number,Hybrid diesel-electric,France,2019,11434
Annual,Number,Hybrid diesel-electric,France,2020,23578
Annual,Number,Hybrid diesel-electric,France,2021,36979
Annual,Number,Hybrid diesel-electric,France,2022,25547
Annual,Number,Hybrid diesel-electric,France,2023,21958
Annual,Number,Hybrid diesel-electric,France,2024,13871
Annual,Number,Hybrid diesel-electric,France,2025,15976
Annual,Number,Hybrid diesel-electric,Georgia,2017,0
Annual,Number,Hybrid diesel-electric,Georgia,2018,0
Annual,Number,Hybrid diesel-electric,Georgia,2019,0
Annual,Number,Hybrid diesel-electric,Georgia,2020,0
Annual,Number,Hybrid diesel-electric,Georgia,2021,0
Annual,Number,Hybrid diesel-electric,Georgia,2022,0
Annual,Number,Hybrid diesel-electric,Georgia,2023,0
Annual,Number,Hybrid diesel-electric,Georgia,2024,0
Annual,Number,Hybrid diesel-electric,Georgia,2025,0
Annual,Number,Hybrid diesel-electric,Croatia,2023,0
Annual,Number,Hybrid diesel-electric,Croatia,2024,0
Annual,Number,Hybrid diesel-electric,Croatia,2025,0
Annual,Number,Hybrid diesel-electric,Hungary,2013,0
Annual,Number,Hybrid diesel-electric,Hungary,2014,0
Annual,Number,Hybrid diesel-electric,Hungary,2015,6
Annual,Number,Hybrid diesel-electric,Hungary,2016,12
Annual,Number,Hybrid diesel-electric,Hungary,2017,17
Annual,Number,Hybrid diesel-electric,Hungary,2018,247
Annual,Number,Hybrid diesel-electric,Hungary,2019,1078
Annual,Number,Hybrid diesel-electric,Hungary,2020,3559
Annual,Number,Hybrid diesel-electric,Hungary,2021,7328
Annual,Number,Hybrid diesel-electric,Hungary,2022,5602
Annual,Number,Hybrid diesel-electric,Hungary,2023,5993
Annual,Number,Hybrid diesel-electric,Hungary,2024,5070
Annual,Number,Hybrid diesel-electric,Hungary,2025,5915
Annual,Number,Hybrid diesel-electric,Ireland,2017,1
Annual,Number,Hybrid diesel-electric,Ireland,2018,1
Annual,Number,Hybrid diesel-electric,Ireland,2019,1
Annual,Number,Hybrid diesel-electric,Ireland,2020,520
Annual,Number,Hybrid diesel-electric,Ireland,2021,2249
Annual,Number,Hybrid diesel-electric,Ireland,2022,959
Annual,Number,Hybrid diesel-electric,Ireland,2023,2450
Annual,Number,Hybrid diesel-electric,Ireland,2024,1496
Annual,Number,Hybrid diesel-electric,Ireland,2025,1580
Annual,Number,Hybrid diesel-electric,Iceland,2017,11
Annual,Number,Hybrid diesel-electric,Iceland,2018,32
Annual,Number,Hybrid diesel-electric,Iceland,2019,40
Annual,Number,Hybrid diesel-electric,Iceland,2021,482
Annual,Number,Hybrid diesel-electric,Iceland,2022,585
Annual,Number,Hybrid diesel-electric,Iceland,2023,566
Annual,Number,Hybrid diesel-electric,Iceland,2024,409
Annual,Number,Hybrid diesel-electric,Iceland,2025,615
Annual,Number,Hybrid diesel-electric,Italy,2021,50425
Annual,Number,Hybrid diesel-electric,Italy,2022,54131
Annual,Number,Hybrid diesel-electric,Italy,2023,72697
Annual,Number,Hybrid diesel-electric,Italy,2024,82315
Annual,Number,Hybrid diesel-electric,Italy,2025,73352
Annual,Number,Hybrid diesel-electric,Liechtenstein,2013,1
Annual,Number,Hybrid diesel-electric,Liechtenstein,2014,4
Annual,Number,Hybrid diesel-electric,Liechtenstein,2015,3
Annual,Number,Hybrid diesel-electric,Liechtenstein,2016,1
Annual,Number,Hybrid diesel-electric,Liechtenstein,2017,3
Annual,Number,Hybrid diesel-electric,Liechtenstein,2018,10
Annual,Number,Hybrid diesel-electric,Liechtenstein,2019,42
Annual,Number,Hybrid diesel-electric,Liechtenstein,2020,51
Annual,Number,Hybrid diesel-electric,Liechtenstein,2021,104
Annual,Number,Hybrid diesel-electric,Liechtenstein,2022,115
Annual,Number,Hybrid diesel-electric,Liechtenstein,2023,118
Annual,Number,Hybrid diesel-electric,Liechtenstein,2024,126
Annual,Number,Hybrid diesel-electric,Liechtenstein,2025,123
Annual,Number,Hybrid diesel-electric,Lithuania,2014,0
Annual,Number,Hybrid diesel-electric,Lithuania,2017,0
Annual,Number,Hybrid diesel-electric,Lithuania,2018,0
Annual,Number,Hybrid diesel-electric,Lithuania,2019,2
Annual,Number,Hybrid diesel-electric,Lithuania,2020,5
Annual,Number,Hybrid diesel-electric,Lithuania,2021,900
Annual,Number,Hybrid diesel-electric,Lithuania,2022,794
Annual,Number,Hybrid diesel-electric,Lithuania,2023,945
Annual,Number,Hybrid diesel-electric,Lithuania,2024,1605
Annual,Number,Hybrid diesel-electric,Lithuania,2025,1145
Annual,Number,Hybrid diesel-electric,Luxembourg,2013,56
Annual,Number,Hybrid diesel-electric,Luxembourg,2014,44
Annual,Number,Hybrid diesel-electric,Luxembourg,2015,67
Annual,Number,Hybrid diesel-electric,Luxembourg,2016,67
Annual,Number,Hybrid diesel-electric,Luxembourg,2017,13
Annual,Number,Hybrid diesel-electric,Luxembourg,2018,144
Annual,Number,Hybrid diesel-electric,Luxembourg,2019,806
Annual,Number,Hybrid diesel-electric,Luxembourg,2020,1203
Annual,Number,Hybrid diesel-electric,Luxembourg,2021,2756
Annual,Number,Hybrid diesel-electric,Luxembourg,2022,2692
Annual,Number,Hybrid diesel-electric,Luxembourg,2023,2615
Annual,Number,Hybrid diesel-electric,Luxembourg,2024,2152
Annual,Number,Hybrid diesel-electric,Luxembourg,2025,2227
Annual,Number,Hybrid diesel-electric,Latvia,2014,0
Annual,Number,Hybrid diesel-electric,Latvia,2015,0
Annual,Number,Hybrid diesel-electric,Latvia,2016,0
Annual,Number,Hybrid diesel-electric,Latvia,2017,1
Annual,Number,Hybrid diesel-electric,Latvia,2018,0
Annual,Number,Hybrid diesel-electric,Latvia,2019,0
Annual,Number,Hybrid diesel-electric,Latvia,2020,0
Annual,Number,Hybrid diesel-electric,Latvia,2022,839
Annual,Number,Hybrid diesel-electric,Latvia,2023,1029
Annual,Number,Hybrid diesel-electric,Latvia,2024,1202
Annual,Number,Hybrid diesel-electric,Latvia,2025,1011
Annual,Number,Hybrid diesel-electric,Montenegro,2024,405
Annual,Number,Hybrid diesel-electric,Montenegro,2025,529
Annual,Number,Hybrid diesel-electric,Malta,2015,3
Annual,Number,Hybrid diesel-electric,Malta,2016,2
Annual,Number,Hybrid diesel-electric,Malta,2017,3
Annual,Number,Hybrid diesel-electric,Malta,2018,3
Annual,Number,Hybrid diesel-electric,Malta,2019,14
Annual,Number,Hybrid diesel-electric,Malta,2020,26
Annual,Number,Hybrid diesel-electric,Malta,2021,67
Annual,Number,Hybrid diesel-electric,Malta,2022,81
Annual,Number,Hybrid diesel-electric,Malta,2023,85
Annual,Number,Hybrid diesel-electric,Malta,2024,70
Annual,Number,Hybrid diesel-electric,Malta,2025,49
Annual,Number,Hybrid diesel-electric,Netherlands,2021,0
Annual,Number,Hybrid diesel-electric,Netherlands,2022,0
Annual,Number,Hybrid diesel-electric,Netherlands,2023,0
Annual,Number,Hybrid diesel-electric,Netherlands,2024,0
Annual,Number,Hybrid diesel-electric,Netherlands,2025,0
Annual,Number,Hybrid diesel-electric,Norway,2016,91
Annual,Number,Hybrid diesel-electric,Norway,2017,28
Annual,Number,Hybrid diesel-electric,Norway,2018,85
Annual,Number,Hybrid diesel-electric,Norway,2019,550
Annual,Number,Hybrid diesel-electric,Norway,2020,706
Annual,Number,Hybrid diesel-electric,Norway,2021,815
Annual,Number,Hybrid diesel-electric,Norway,2022,645
Annual,Number,Hybrid diesel-electric,Norway,2023,459
Annual,Number,Hybrid diesel-electric,Norway,2024,191
Annual,Number,Hybrid diesel-electric,Norway,2025,137
Annual,Number,Hybrid diesel-electric,Poland,2013,234
Annual,Number,Hybrid diesel-electric,Poland,2014,486
Annual,Number,Hybrid diesel-electric,Poland,2015,713
Annual,Number,Hybrid diesel-electric,Poland,2016,1263
Annual,Number,Hybrid diesel-electric,Poland,2017,2113
Annual,Number,Hybrid diesel-electric,Poland,2018,3038
Annual,Number,Hybrid diesel-electric,Poland,2019,5238
Annual,Number,Hybrid diesel-electric,Poland,2020,8003
Annual,Number,Hybrid diesel-electric,Poland,2021,13309
Annual,Number,Hybrid diesel-electric,Poland,2022,12303
Annual,Number,Hybrid diesel-electric,Poland,2023,17173
Annual,Number,Hybrid diesel-electric,Poland,2024,22651
Annual,Number,Hybrid diesel-electric,Poland,2025,23954
Annual,Number,Hybrid diesel-electric,Portugal,2017,394
Annual,Number,Hybrid diesel-electric,Portugal,2018,637
Annual,Number,Hybrid diesel-electric,Portugal,2019,910
Annual,Number,Hybrid diesel-electric,Portugal,2020,2403
Annual,Number,Hybrid diesel-electric,Portugal,2021,4151
Annual,Number,Hybrid diesel-electric,Portugal,2022,4192
Annual,Number,Hybrid diesel-electric,Portugal,2023,3790
Annual,Number,Hybrid diesel-electric,Portugal,2024,3336
Annual,Number,Hybrid diesel-electric,Portugal,2025,2687
Annual,Number,Hybrid diesel-electric,Romania,2013,20
Annual,Number,Hybrid diesel-electric,Romania,2014,23
Annual,Number,Hybrid diesel-electric,Romania,2015,43
Annual,Number,Hybrid diesel-electric,Romania,2016,105
Annual,Number,Hybrid diesel-electric,Romania,2017,199
Annual,Number,Hybrid diesel-electric,Romania,2018,132
Annual,Number,Hybrid diesel-electric,Romania,2019,713
Annual,Number,Hybrid diesel-electric,Romania,2020,1054
Annual,Number,Hybrid diesel-electric,Romania,2021,3350
Annual,Number,Hybrid diesel-electric,Romania,2022,2499
Annual,Number,Hybrid diesel-electric,Romania,2023,3860
Annual,Number,Hybrid diesel-electric,Romania,2024,3725
Annual,Number,Hybrid diesel-electric,Romania,2025,3340
Annual,Number,Hybrid diesel-electric,Serbia,2019,24
Annual,Number,Hybrid diesel-electric,Serbia,2020,350
Annual,Number,Hybrid diesel-electric,Serbia,2021,1390
Annual,Number,Hybrid diesel-electric,Serbia,2022,2170
Annual,Number,Hybrid diesel-electric,Serbia,2023,2902
Annual,Number,Hybrid diesel-electric,Serbia,2024,3782
Annual,Number,Hybrid diesel-electric,Serbia,2025,3973
Annual,Number,Hybrid diesel-electric,Sweden,2013,473
Annual,Number,Hybrid diesel-electric,Sweden,2014,261
Annual,Number,Hybrid diesel-electric,Sweden,2015,135
Annual,Number,Hybrid diesel-electric,Sweden,2016,17
Annual,Number,Hybrid diesel-electric,Sweden,2017,17
Annual,Number,Hybrid diesel-electric,Sweden,2018,9
Annual,Number,Hybrid diesel-electric,Sweden,2019,56
Annual,Number,Hybrid diesel-electric,Sweden,2020,10879
Annual,Number,Hybrid diesel-electric,Sweden,2021,22825
Annual,Number,Hybrid diesel-electric,Sweden,2022,15433
Annual,Number,Hybrid diesel-electric,Sweden,2023,0
Annual,Number,Hybrid diesel-electric,Sweden,2024,0
Annual,Number,Hybrid diesel-electric,Sweden,2025,0
Annual,Number,Hybrid diesel-electric,Slovenia,2022,0
Annual,Number,Hybrid diesel-electric,Slovenia,2023,0
Annual,Number,Hybrid diesel-electric,Slovenia,2024,0
Annual,Number,Hybrid diesel-electric,Slovenia,2025,0
Annual,Number,Hybrid diesel-electric,Slovakia,2022,2742
Annual,Number,Hybrid diesel-electric,Slovakia,2023,3821
Annual,Number,Hybrid diesel-electric,Slovakia,2024,4445
Annual,Number,Hybrid diesel-electric,Slovakia,2025,5069
Annual,Number,Hybrid diesel-electric,Türkiye,2014,1
Annual,Number,Hybrid diesel-electric,Türkiye,2015,72
Annual,Number,Hybrid diesel-electric,Türkiye,2016,48
Annual,Number,Hybrid diesel-electric,Türkiye,2017,9
Annual,Number,Hybrid diesel-electric,Türkiye,2018,103
Annual,Number,Hybrid diesel-electric,Türkiye,2019,934
Annual,Number,Hybrid diesel-electric,Türkiye,2020,1610
Annual,Number,Hybrid diesel-electric,Türkiye,2021,4971
Annual,Number,Hybrid diesel-electric,Türkiye,2022,5984
Annual,Number,Hybrid diesel-electric,Türkiye,2023,9180
Annual,Number,Hybrid diesel-electric,Türkiye,2024,7750
Annual,Number,Hybrid diesel-electric,Ukraine,2019,2546
Annual,Number,Hybrid diesel-electric,Ukraine,2020,828
Annual,Number,Hybrid diesel-electric,Ukraine,2021,2282
Annual,Number,Hybrid diesel-electric,Ukraine,2022,1154
Annual,Number,Hybrid diesel-electric,Ukraine,2023,2546
Annual,Number,Hybrid diesel-electric,Ukraine,2024,2878
Annual,Number,Hybrid diesel-electric,Ukraine,2025,3614
Annual,Number,Hybrid diesel-electric,United Kingdom,2015,3759
Annual,Number,Hybrid diesel-electric,United Kingdom,2016,1795
Annual,Number,Hybrid diesel-electric,United Kingdom,2017,783
Annual,Number,Hybrid diesel-electric,United Kingdom,2018,223
Annual,Number,Hybrid diesel-electric,United Kingdom,2021,30898
Annual,Number,Hybrid diesel-electric,United Kingdom,2022,26643
Annual,Number,Hybrid diesel-electric,United Kingdom,2023,18731
Annual,Number,Hybrid diesel-electric,United Kingdom,2024,17139
Annual,Number,Hybrid diesel-electric,Kosovo*,2018,28
Annual,Number,Hybrid diesel-electric,Kosovo*,2019,0
Annual,Number,Hybrid diesel-electric,Kosovo*,2021,28
Annual,Number,Hybrid diesel-electric,Kosovo*,2025,2063
Annual,Number,Plug-in hybrid diesel-electric  ,Albania,2020,0
Annual,Number,Plug-in hybrid diesel-electric  ,Austria,2013,30
Annual,Number,Plug-in hybrid diesel-electric  ,Austria,2014,103
Annual,Number,Plug-in hybrid diesel-electric  ,Austria,2015,170
Annual,Number,Plug-in hybrid diesel-electric  ,Austria,2016,150
Annual,Number,Plug-in hybrid diesel-electric  ,Austria,2017,89
Annual,Number,Plug-in hybrid diesel-electric  ,Austria,2018,40
Annual,Number,Plug-in hybrid diesel-electric  ,Austria,2019,45
Annual,Number,Plug-in hybrid diesel-electric  ,Austria,2020,439
Annual,Number,Plug-in hybrid diesel-electric  ,Austria,2021,1026
Annual,Number,Plug-in hybrid diesel-electric  ,Austria,2022,802
Annual,Number,Plug-in hybrid diesel-electric  ,Austria,2023,694
Annual,Number,Plug-in hybrid diesel-electric  ,Austria,2024,1867
Annual,Number,Plug-in hybrid diesel-electric  ,Austria,2025,1884
Annual,Number,Plug-in hybrid diesel-electric  ,Bosnia and Herzegovina,2013,0
Annual,Number,Plug-in hybrid diesel-electric  ,Bosnia and Herzegovina,2015,0
Annual,Number,Plug-in hybrid diesel-electric  ,Bosnia and Herzegovina,2017,0
Annual,Number,Plug-in hybrid diesel-electric  ,Belgium,2022,7031
Annual,Number,Plug-in hybrid diesel-electric  ,Belgium,2023,6040
Annual,Number,Plug-in hybrid diesel-electric  ,Belgium,2024,4036
Annual,Number,Plug-in hybrid diesel-electric  ,Belgium,2025,3284
Annual,Number,Plug-in hybrid diesel-electric  ,Bulgaria,2023,0
Annual,Number,Plug-in hybrid diesel-electric  ,Bulgaria,2024,0
Annual,Number,Plug-in hybrid diesel-electric  ,Bulgaria,2025,0
Annual,Number,Plug-in hybrid diesel-electric  ,Switzerland,2013,261
Annual,Number,Plug-in hybrid diesel-electric  ,Switzerland,2014,208
Annual,Number,Plug-in hybrid diesel-electric  ,Switzerland,2015,266
Annual,Number,Plug-in hybrid diesel-electric  ,Switzerland,2016,145
Annual,Number,Plug-in hybrid diesel-electric  ,Switzerland,2017,100
Annual,Number,Plug-in hybrid diesel-electric  ,Switzerland,2018,61
Annual,Number,Plug-in hybrid diesel-electric  ,Switzerland,2019,10
Annual,Number,Plug-in hybrid diesel-electric  ,Switzerland,2020,161
Annual,Number,Plug-in hybrid diesel-electric  ,Switzerland,2021,572
Annual,Number,Plug-in hybrid diesel-electric  ,Switzerland,2022,272
Annual,Number,Plug-in hybrid diesel-electric  ,Switzerland,2023,4
Annual,Number,Plug-in hybrid diesel-electric  ,Switzerland,2024,1
Annual,Number,Plug-in hybrid diesel-electric  ,Switzerland,2025,0
Annual,Number,Plug-in hybrid diesel-electric  ,Cyprus,2023,6
Annual,Number,Plug-in hybrid diesel-electric  ,Cyprus,2024,13
Annual,Number,Plug-in hybrid diesel-electric  ,Cyprus,2025,3
Annual,Number,Plug-in hybrid diesel-electric  ,Czechia,2022,281
Annual,Number,Plug-in hybrid diesel-electric  ,Czechia,2023,470
Annual,Number,Plug-in hybrid diesel-electric  ,Czechia,2024,432
Annual,Number,Plug-in hybrid diesel-electric  ,Czechia,2025,500
Annual,Number,Plug-in hybrid diesel-electric  ,Germany,2017,1191
Annual,Number,Plug-in hybrid diesel-electric  ,Germany,2018,583
Annual,Number,Plug-in hybrid diesel-electric  ,Germany,2019,7432
Annual,Number,Plug-in hybrid diesel-electric  ,Germany,2020,22431
Annual,Number,Plug-in hybrid diesel-electric  ,Germany,2021,23581
Annual,Number,Plug-in hybrid diesel-electric  ,Germany,2022,17009
Annual,Number,Plug-in hybrid diesel-electric  ,Germany,2023,9109
Annual,Number,Plug-in hybrid diesel-electric  ,Germany,2024,17250
Annual,Number,Plug-in hybrid diesel-electric  ,Germany,2025,18818
Annual,Number,Plug-in hybrid diesel-electric  ,Denmark,2014,1
Annual,Number,Plug-in hybrid diesel-electric  ,Denmark,2015,0
Annual,Number,Plug-in hybrid diesel-electric  ,Denmark,2016,5
Annual,Number,Plug-in hybrid diesel-electric  ,Denmark,2017,1
Annual,Number,Plug-in hybrid diesel-electric  ,Denmark,2018,1
Annual,Number,Plug-in hybrid diesel-electric  ,Denmark,2019,113
Annual,Number,Plug-in hybrid diesel-electric  ,Denmark,2020,488
Annual,Number,Plug-in hybrid diesel-electric  ,Denmark,2021,1128
Annual,Number,Plug-in hybrid diesel-electric  ,Denmark,2022,849
Annual,Number,Plug-in hybrid diesel-electric  ,Denmark,2023,273
Annual,Number,Plug-in hybrid diesel-electric  ,Denmark,2024,110
Annual,Number,Plug-in hybrid diesel-electric  ,Denmark,2025,31
Annual,Number,Plug-in hybrid diesel-electric  ,Estonia,2021,18
Annual,Number,Plug-in hybrid diesel-electric  ,Estonia,2022,29
Annual,Number,Plug-in hybrid diesel-electric  ,Estonia,2023,20
Annual,Number,Plug-in hybrid diesel-electric  ,Estonia,2024,26
Annual,Number,Plug-in hybrid diesel-electric  ,Estonia,2025,14
Annual,Number,Plug-in hybrid diesel-electric  ,Greece,2022,0
Annual,Number,Plug-in hybrid diesel-electric  ,Greece,2023,361
Annual,Number,Plug-in hybrid diesel-electric  ,Greece,2024,223
Annual,Number,Plug-in hybrid diesel-electric  ,Greece,2025,315
Annual,Number,Plug-in hybrid diesel-electric  ,Spain,2014,23
Annual,Number,Plug-in hybrid diesel-electric  ,Spain,2015,9
Annual,Number,Plug-in hybrid diesel-electric  ,Spain,2016,10
Annual,Number,Plug-in hybrid diesel-electric  ,Spain,2017,8
Annual,Number,Plug-in hybrid diesel-electric  ,Spain,2018,6
Annual,Number,Plug-in hybrid diesel-electric  ,Spain,2019,77
Annual,Number,Plug-in hybrid diesel-electric  ,Spain,2020,1252
Annual,Number,Plug-in hybrid diesel-electric  ,Spain,2021,2169
Annual,Number,Plug-in hybrid diesel-electric  ,Spain,2022,2129
Annual,Number,Plug-in hybrid diesel-electric  ,Spain,2023,1742
Annual,Number,Plug-in hybrid diesel-electric  ,Spain,2024,4528
Annual,Number,Plug-in hybrid diesel-electric  ,Spain,2025,6771
Annual,Number,Plug-in hybrid diesel-electric  ,European Union - 27 countries (from 2020),2023,39160
Annual,Number,Plug-in hybrid diesel-electric  ,European Union - 27 countries (from 2020),2024,53077
Annual,Number,Plug-in hybrid diesel-electric  ,European Union - 27 countries (from 2020),2025,61367
Annual,Number,Plug-in hybrid diesel-electric  ,Finland,2014,51
Annual,Number,Plug-in hybrid diesel-electric  ,Finland,2015,15
Annual,Number,Plug-in hybrid diesel-electric  ,Finland,2016,93
Annual,Number,Plug-in hybrid diesel-electric  ,Finland,2017,152
Annual,Number,Plug-in hybrid diesel-electric  ,Finland,2018,135
Annual,Number,Plug-in hybrid diesel-electric  ,Finland,2019,159
Annual,Number,Plug-in hybrid diesel-electric  ,Finland,2020,435
Annual,Number,Plug-in hybrid diesel-electric  ,Finland,2021,620
Annual,Number,Plug-in hybrid diesel-electric  ,Finland,2022,401
Annual,Number,Plug-in hybrid diesel-electric  ,Finland,2023,220
Annual,Number,Plug-in hybrid diesel-electric  ,Finland,2024,196
Annual,Number,Plug-in hybrid diesel-electric  ,Finland,2025,159
Annual,Number,Plug-in hybrid diesel-electric  ,France,2013,241
Annual,Number,Plug-in hybrid diesel-electric  ,France,2014,186
Annual,Number,Plug-in hybrid diesel-electric  ,France,2015,90
Annual,Number,Plug-in hybrid diesel-electric  ,France,2016,261
Annual,Number,Plug-in hybrid diesel-electric  ,France,2017,288
Annual,Number,Plug-in hybrid diesel-electric  ,France,2018,246
Annual,Number,Plug-in hybrid diesel-electric  ,France,2019,779
Annual,Number,Plug-in hybrid diesel-electric  ,France,2020,2396
Annual,Number,Plug-in hybrid diesel-electric  ,France,2021,7236
Annual,Number,Plug-in hybrid diesel-electric  ,France,2022,6240
Annual,Number,Plug-in hybrid diesel-electric  ,France,2023,4463
Annual,Number,Plug-in hybrid diesel-electric  ,France,2024,7020
Annual,Number,Plug-in hybrid diesel-electric  ,France,2025,1824
Annual,Number,Plug-in hybrid diesel-electric  ,Georgia,2017,0
Annual,Number,Plug-in hybrid diesel-electric  ,Georgia,2018,0
Annual,Number,Plug-in hybrid diesel-electric  ,Georgia,2019,0
Annual,Number,Plug-in hybrid diesel-electric  ,Georgia,2020,0
Annual,Number,Plug-in hybrid diesel-electric  ,Georgia,2021,0
Annual,Number,Plug-in hybrid diesel-electric  ,Georgia,2022,0
Annual,Number,Plug-in hybrid diesel-electric  ,Georgia,2023,0
Annual,Number,Plug-in hybrid diesel-electric  ,Georgia,2024,0
Annual,Number,Plug-in hybrid diesel-electric  ,Georgia,2025,0
Annual,Number,Plug-in hybrid diesel-electric  ,Croatia,2023,0
Annual,Number,Plug-in hybrid diesel-electric  ,Croatia,2024,0
Annual,Number,Plug-in hybrid diesel-electric  ,Croatia,2025,0
Annual,Number,Plug-in hybrid diesel-electric  ,Hungary,2013,0
Annual,Number,Plug-in hybrid diesel-electric  ,Hungary,2014,0
Annual,Number,Plug-in hybrid diesel-electric  ,Hungary,2020,336
Annual,Number,Plug-in hybrid diesel-electric  ,Hungary,2021,645
Annual,Number,Plug-in hybrid diesel-electric  ,Hungary,2022,643
Annual,Number,Plug-in hybrid diesel-electric  ,Hungary,2023,738
Annual,Number,Plug-in hybrid diesel-electric  ,Hungary,2024,758
Annual,Number,Plug-in hybrid diesel-electric  ,Hungary,2025,950
Annual,Number,Plug-in hybrid diesel-electric  ,Ireland,2017,3
Annual,Number,Plug-in hybrid diesel-electric  ,Ireland,2018,10
Annual,Number,Plug-in hybrid diesel-electric  ,Ireland,2019,4
Annual,Number,Plug-in hybrid diesel-electric  ,Ireland,2020,34
Annual,Number,Plug-in hybrid diesel-electric  ,Ireland,2021,271
Annual,Number,Plug-in hybrid diesel-electric  ,Ireland,2022,574
Annual,Number,Plug-in hybrid diesel-electric  ,Ireland,2023,302
Annual,Number,Plug-in hybrid diesel-electric  ,Ireland,2024,404
Annual,Number,Plug-in hybrid diesel-electric  ,Ireland,2025,500
Annual,Number,Plug-in hybrid diesel-electric  ,Iceland,2017,123
Annual,Number,Plug-in hybrid diesel-electric  ,Iceland,2018,209
Annual,Number,Plug-in hybrid diesel-electric  ,Iceland,2019,167
Annual,Number,Plug-in hybrid diesel-electric  ,Iceland,2020,104
Annual,Number,Plug-in hybrid diesel-electric  ,Iceland,2021,179
Annual,Number,Plug-in hybrid diesel-electric  ,Iceland,2022,137
Annual,Number,Plug-in hybrid diesel-electric  ,Iceland,2023,64
Annual,Number,Plug-in hybrid diesel-electric  ,Iceland,2024,60
Annual,Number,Plug-in hybrid diesel-electric  ,Iceland,2025,107
Annual,Number,Plug-in hybrid diesel-electric  ,Italy,2021,8894
Annual,Number,Plug-in hybrid diesel-electric  ,Italy,2022,8232
Annual,Number,Plug-in hybrid diesel-electric  ,Italy,2023,8789
Annual,Number,Plug-in hybrid diesel-electric  ,Italy,2024,6595
Annual,Number,Plug-in hybrid diesel-electric  ,Italy,2025,12524
Annual,Number,Plug-in hybrid diesel-electric  ,Lithuania,2023,0
Annual,Number,Plug-in hybrid diesel-electric  ,Lithuania,2024,0
Annual,Number,Plug-in hybrid diesel-electric  ,Lithuania,2025,10
Annual,Number,Plug-in hybrid diesel-electric  ,Luxembourg,2013,0
Annual,Number,Plug-in hybrid diesel-electric  ,Luxembourg,2014,0
Annual,Number,Plug-in hybrid diesel-electric  ,Luxembourg,2015,0
Annual,Number,Plug-in hybrid diesel-electric  ,Luxembourg,2016,0
Annual,Number,Plug-in hybrid diesel-electric  ,Luxembourg,2017,14
Annual,Number,Plug-in hybrid diesel-electric  ,Luxembourg,2018,10
Annual,Number,Plug-in hybrid diesel-electric  ,Luxembourg,2019,69
Annual,Number,Plug-in hybrid diesel-electric  ,Luxembourg,2020,320
Annual,Number,Plug-in hybrid diesel-electric  ,Luxembourg,2021,619
Annual,Number,Plug-in hybrid diesel-electric  ,Luxembourg,2022,410
Annual,Number,Plug-in hybrid diesel-electric  ,Luxembourg,2023,168
Annual,Number,Plug-in hybrid diesel-electric  ,Luxembourg,2024,184
Annual,Number,Plug-in hybrid diesel-electric  ,Luxembourg,2025,146
Annual,Number,Plug-in hybrid diesel-electric  ,Latvia,2014,0
Annual,Number,Plug-in hybrid diesel-electric  ,Latvia,2015,0
Annual,Number,Plug-in hybrid diesel-electric  ,Latvia,2016,0
Annual,Number,Plug-in hybrid diesel-electric  ,Latvia,2018,0
Annual,Number,Plug-in hybrid diesel-electric  ,Latvia,2019,0
Annual,Number,Plug-in hybrid diesel-electric  ,Latvia,2020,0
Annual,Number,Plug-in hybrid diesel-electric  ,Latvia,2023,0
Annual,Number,Plug-in hybrid diesel-electric  ,Latvia,2024,0
Annual,Number,Plug-in hybrid diesel-electric  ,Latvia,2025,5
Annual,Number,Plug-in hybrid diesel-electric  ,Malta,2019,0
Annual,Number,Plug-in hybrid diesel-electric  ,Malta,2020,0
Annual,Number,Plug-in hybrid diesel-electric  ,Malta,2021,5
Annual,Number,Plug-in hybrid diesel-electric  ,Malta,2022,10
Annual,Number,Plug-in hybrid diesel-electric  ,Malta,2023,16
Annual,Number,Plug-in hybrid diesel-electric  ,Malta,2024,16
Annual,Number,Plug-in hybrid diesel-electric  ,Malta,2025,3
Annual,Number,Plug-in hybrid diesel-electric  ,Netherlands,2021,0
Annual,Number,Plug-in hybrid diesel-electric  ,Netherlands,2022,0
Annual,Number,Plug-in hybrid diesel-electric  ,Netherlands,2023,0
Annual,Number,Plug-in hybrid diesel-electric  ,Netherlands,2024,0
Annual,Number,Plug-in hybrid diesel-electric  ,Netherlands,2025,0
Annual,Number,Plug-in hybrid diesel-electric  ,Norway,2016,1112
Annual,Number,Plug-in hybrid diesel-electric  ,Norway,2017,2455
Annual,Number,Plug-in hybrid diesel-electric  ,Norway,2018,1880
Annual,Number,Plug-in hybrid diesel-electric  ,Norway,2019,977
Annual,Number,Plug-in hybrid diesel-electric  ,Norway,2020,1672
Annual,Number,Plug-in hybrid diesel-electric  ,Norway,2021,1581
Annual,Number,Plug-in hybrid diesel-electric  ,Norway,2022,535
Annual,Number,Plug-in hybrid diesel-electric  ,Norway,2023,200
Annual,Number,Plug-in hybrid diesel-electric  ,Norway,2024,20
Annual,Number,Plug-in hybrid diesel-electric  ,Norway,2025,142
Annual,Number,Plug-in hybrid diesel-electric  ,Poland,2013,1
Annual,Number,Plug-in hybrid diesel-electric  ,Poland,2014,0
Annual,Number,Plug-in hybrid diesel-electric  ,Poland,2015,47
Annual,Number,Plug-in hybrid diesel-electric  ,Poland,2016,111
Annual,Number,Plug-in hybrid diesel-electric  ,Poland,2017,148
Annual,Number,Plug-in hybrid diesel-electric  ,Poland,2018,176
Annual,Number,Plug-in hybrid diesel-electric  ,Poland,2019,309
Annual,Number,Plug-in hybrid diesel-electric  ,Poland,2020,979
Annual,Number,Plug-in hybrid diesel-electric  ,Poland,2021,2093
Annual,Number,Plug-in hybrid diesel-electric  ,Poland,2022,1812
Annual,Number,Plug-in hybrid diesel-electric  ,Poland,2023,2451
Annual,Number,Plug-in hybrid diesel-electric  ,Poland,2024,2792
Annual,Number,Plug-in hybrid diesel-electric  ,Poland,2025,6322
Annual,Number,Plug-in hybrid diesel-electric  ,Portugal,2017,135
Annual,Number,Plug-in hybrid diesel-electric  ,Portugal,2018,96
Annual,Number,Plug-in hybrid diesel-electric  ,Portugal,2019,1151
Annual,Number,Plug-in hybrid diesel-electric  ,Portugal,2020,1920
Annual,Number,Plug-in hybrid diesel-electric  ,Portugal,2021,2134
Annual,Number,Plug-in hybrid diesel-electric  ,Portugal,2022,1289
Annual,Number,Plug-in hybrid diesel-electric  ,Portugal,2023,1320
Annual,Number,Plug-in hybrid diesel-electric  ,Portugal,2024,2475
Annual,Number,Plug-in hybrid diesel-electric  ,Portugal,2025,2760
Annual,Number,Plug-in hybrid diesel-electric  ,Romania,2020,83
Annual,Number,Plug-in hybrid diesel-electric  ,Romania,2021,314
Annual,Number,Plug-in hybrid diesel-electric  ,Romania,2022,266
Annual,Number,Plug-in hybrid diesel-electric  ,Romania,2023,273
Annual,Number,Plug-in hybrid diesel-electric  ,Romania,2024,636
Annual,Number,Plug-in hybrid diesel-electric  ,Romania,2025,943
Annual,Number,Plug-in hybrid diesel-electric  ,Sweden,2013,590
Annual,Number,Plug-in hybrid diesel-electric  ,Sweden,2014,709
Annual,Number,Plug-in hybrid diesel-electric  ,Sweden,2015,579
Annual,Number,Plug-in hybrid diesel-electric  ,Sweden,2016,1326
Annual,Number,Plug-in hybrid diesel-electric  ,Sweden,2017,1115
Annual,Number,Plug-in hybrid diesel-electric  ,Sweden,2018,1270
Annual,Number,Plug-in hybrid diesel-electric  ,Sweden,2019,913
Annual,Number,Plug-in hybrid diesel-electric  ,Sweden,2020,2970
Annual,Number,Plug-in hybrid diesel-electric  ,Sweden,2021,3979
Annual,Number,Plug-in hybrid diesel-electric  ,Sweden,2022,2620
Annual,Number,Plug-in hybrid diesel-electric  ,Sweden,2023,1705
Annual,Number,Plug-in hybrid diesel-electric  ,Sweden,2024,3373
Annual,Number,Plug-in hybrid diesel-electric  ,Sweden,2025,3341
Annual,Number,Plug-in hybrid diesel-electric  ,Slovenia,2022,0
Annual,Number,Plug-in hybrid diesel-electric  ,Slovenia,2023,0
Annual,Number,Plug-in hybrid diesel-electric  ,Slovenia,2024,0
Annual,Number,Plug-in hybrid diesel-electric  ,Slovenia,2025,0
Annual,Number,Plug-in hybrid diesel-electric  ,Slovakia,2022,100
Annual,Number,Plug-in hybrid diesel-electric  ,Slovakia,2023,0
Annual,Number,Plug-in hybrid diesel-electric  ,Slovakia,2024,143
Annual,Number,Plug-in hybrid diesel-electric  ,Slovakia,2025,260
Annual,Number,Plug-in hybrid diesel-electric  ,Türkiye,2017,0
Annual,Number,Plug-in hybrid diesel-electric  ,Türkiye,2018,0
Annual,Number,Plug-in hybrid diesel-electric  ,Türkiye,2019,0
Annual,Number,Plug-in hybrid diesel-electric  ,Türkiye,2020,0
Annual,Number,Plug-in hybrid diesel-electric  ,Türkiye,2021,0
Annual,Number,Plug-in hybrid diesel-electric  ,Türkiye,2023,0
Annual,Number,Plug-in hybrid diesel-electric  ,Türkiye,2024,0
Annual,Number,Plug-in hybrid diesel-electric  ,United Kingdom,2017,618
Annual,Number,Plug-in hybrid diesel-electric  ,United Kingdom,2018,229
Annual,Number,Plug-in hybrid diesel-electric  ,United Kingdom,2021,4070
Annual,Number,Plug-in hybrid diesel-electric  ,United Kingdom,2022,2306
Annual,Number,Plug-in hybrid diesel-electric  ,Kosovo*,2018,0
Annual,Number,Plug-in hybrid diesel-electric  ,Kosovo*,2019,0
Annual,Number,Plug-in hybrid diesel-electric  ,Kosovo*,2021,1
Annual,Number,Plug-in hybrid diesel-electric  ,Kosovo*,2025,12
Annual,Number,Hybrid electric-petrol,Albania,2019,134
Annual,Number,Hybrid electric-petrol,Albania,2020,193
Annual,Number,Hybrid electric-petrol,Albania,2021,423
Annual,Number,Hybrid electric-petrol,Albania,2022,528
Annual,Number,Hybrid electric-petrol,Albania,2023,871
Annual,Number,Hybrid electric-petrol,Albania,2024,1542
Annual,Number,Hybrid electric-petrol,Austria,2013,2259
Annual,Number,Hybrid electric-petrol,Austria,2014,1836
Annual,Number,Hybrid electric-petrol,Austria,2015,1893
Annual,Number,Hybrid electric-petrol,Austria,2016,3305
Annual,Number,Hybrid electric-petrol,Austria,2017,6529
Annual,Number,Hybrid electric-petrol,Austria,2018,6135
Annual,Number,Hybrid electric-petrol,Austria,2019,10237
Annual,Number,Hybrid electric-petrol,Austria,2020,18178
Annual,Number,Hybrid electric-petrol,Austria,2021,29451
Annual,Number,Hybrid electric-petrol,Austria,2022,28238
Annual,Number,Hybrid electric-petrol,Austria,2023,36705
Annual,Number,Hybrid electric-petrol,Austria,2024,51611
Annual,Number,Hybrid electric-petrol,Austria,2025,70207
Annual,Number,Hybrid electric-petrol,Bosnia and Herzegovina,2013,0
Annual,Number,Hybrid electric-petrol,Bosnia and Herzegovina,2014,2
Annual,Number,Hybrid electric-petrol,Bosnia and Herzegovina,2015,2
Annual,Number,Hybrid electric-petrol,Bosnia and Herzegovina,2016,56
Annual,Number,Hybrid electric-petrol,Bosnia and Herzegovina,2017,136
Annual,Number,Hybrid electric-petrol,Bosnia and Herzegovina,2018,127
Annual,Number,Hybrid electric-petrol,Bosnia and Herzegovina,2019,191
Annual,Number,Hybrid electric-petrol,Bosnia and Herzegovina,2020,151
Annual,Number,Hybrid electric-petrol,Bosnia and Herzegovina,2021,315
Annual,Number,Hybrid electric-petrol,Bosnia and Herzegovina,2022,455
Annual,Number,Hybrid electric-petrol,Bosnia and Herzegovina,2023,923
Annual,Number,Hybrid electric-petrol,Bosnia and Herzegovina,2024,1270
Annual,Number,Hybrid electric-petrol,Bosnia and Herzegovina,2025,1834
Annual,Number,Hybrid electric-petrol,Belgium,2013,4920
Annual,Number,Hybrid electric-petrol,Belgium,2014,7585
Annual,Number,Hybrid electric-petrol,Belgium,2015,8352
Annual,Number,Hybrid electric-petrol,Belgium,2016,15692
Annual,Number,Hybrid electric-petrol,Belgium,2017,23458
Annual,Number,Hybrid electric-petrol,Belgium,2018,23510
Annual,Number,Hybrid electric-petrol,Belgium,2019,28998
Annual,Number,Hybrid electric-petrol,Belgium,2020,56502
Annual,Number,Hybrid electric-petrol,Belgium,2021,93969
Annual,Number,Hybrid electric-petrol,Belgium,2022,65146
Annual,Number,Hybrid electric-petrol,Belgium,2023,86480
Annual,Number,Hybrid electric-petrol,Belgium,2024,103003
Annual,Number,Hybrid electric-petrol,Belgium,2025,121480
Annual,Number,Hybrid electric-petrol,Bulgaria,2020,429
Annual,Number,Hybrid electric-petrol,Bulgaria,2021,636
Annual,Number,Hybrid electric-petrol,Bulgaria,2022,386
Annual,Number,Hybrid electric-petrol,Bulgaria,2023,693
Annual,Number,Hybrid electric-petrol,Bulgaria,2024,1005
Annual,Number,Hybrid electric-petrol,Bulgaria,2025,2045
Annual,Number,Hybrid electric-petrol,Switzerland,2013,128
Annual,Number,Hybrid electric-petrol,Switzerland,2014,528
Annual,Number,Hybrid electric-petrol,Switzerland,2015,2089
Annual,Number,Hybrid electric-petrol,Switzerland,2016,7274
Annual,Number,Hybrid electric-petrol,Switzerland,2017,8293
Annual,Number,Hybrid electric-petrol,Switzerland,2018,10553
Annual,Number,Hybrid electric-petrol,Switzerland,2019,18285
Annual,Number,Hybrid electric-petrol,Switzerland,2020,27513
Annual,Number,Hybrid electric-petrol,Switzerland,2021,44741
Annual,Number,Hybrid electric-petrol,Switzerland,2022,47102
Annual,Number,Hybrid electric-petrol,Switzerland,2023,63355
Annual,Number,Hybrid electric-petrol,Switzerland,2024,80648
Annual,Number,Hybrid electric-petrol,Switzerland,2025,89994
Annual,Number,Hybrid electric-petrol,Cyprus,2013,84
Annual,Number,Hybrid electric-petrol,Cyprus,2014,108
Annual,Number,Hybrid electric-petrol,Cyprus,2015,202
Annual,Number,Hybrid electric-petrol,Cyprus,2016,381
Annual,Number,Hybrid electric-petrol,Cyprus,2017,759
Annual,Number,Hybrid electric-petrol,Cyprus,2018,983
Annual,Number,Hybrid electric-petrol,Cyprus,2019,1052
Annual,Number,Hybrid electric-petrol,Cyprus,2020,1424
Annual,Number,Hybrid electric-petrol,Cyprus,2021,2990
Annual,Number,Hybrid electric-petrol,Cyprus,2022,4022
Annual,Number,Hybrid electric-petrol,Cyprus,2023,5157
Annual,Number,Hybrid electric-petrol,Cyprus,2024,5987
Annual,Number,Hybrid electric-petrol,Cyprus,2025,6459
Annual,Number,Hybrid electric-petrol,Czechia,2020,12769
Annual,Number,Hybrid electric-petrol,Czechia,2021,3078
Annual,Number,Hybrid electric-petrol,Czechia,2022,13191
Annual,Number,Hybrid electric-petrol,Czechia,2023,27412
Annual,Number,Hybrid electric-petrol,Czechia,2024,2624
Annual,Number,Hybrid electric-petrol,Czechia,2025,1562
Annual,Number,Hybrid electric-petrol,Germany,2017,54009
Annual,Number,Hybrid electric-petrol,Germany,2018,81503
Annual,Number,Hybrid electric-petrol,Germany,2019,123799
Annual,Number,Hybrid electric-petrol,Germany,2020,220385
Annual,Number,Hybrid electric-petrol,Germany,2021,285898
Annual,Number,Hybrid electric-petrol,Germany,2022,312090
Annual,Number,Hybrid electric-petrol,Germany,2023,456426
Annual,Number,Hybrid electric-petrol,Germany,2024,571488
Annual,Number,Hybrid electric-petrol,Germany,2025,649880
Annual,Number,Hybrid electric-petrol,Denmark,2020,9415
Annual,Number,Hybrid electric-petrol,Denmark,2021,8539
Annual,Number,Hybrid electric-petrol,Denmark,2022,22790
Annual,Number,Hybrid electric-petrol,Denmark,2023,24237
Annual,Number,Hybrid electric-petrol,Denmark,2024,25631
Annual,Number,Hybrid electric-petrol,Denmark,2025,20949
Annual,Number,Hybrid electric-petrol,Estonia,2013,191
Annual,Number,Hybrid electric-petrol,Estonia,2014,308
Annual,Number,Hybrid electric-petrol,Estonia,2015,351
Annual,Number,Hybrid electric-petrol,Estonia,2016,771
Annual,Number,Hybrid electric-petrol,Estonia,2017,1186
Annual,Number,Hybrid electric-petrol,Estonia,2018,1512
Annual,Number,Hybrid electric-petrol,Estonia,2019,2582
Annual,Number,Hybrid electric-petrol,Estonia,2020,2582
Annual,Number,Hybrid electric-petrol,Estonia,2021,5376
Annual,Number,Hybrid electric-petrol,Estonia,2022,5933
Annual,Number,Hybrid electric-petrol,Estonia,2023,7908
Annual,Number,Hybrid electric-petrol,Estonia,2024,10369
Annual,Number,Hybrid electric-petrol,Estonia,2025,6242
Annual,Number,Hybrid electric-petrol,Greece,2021,26319
Annual,Number,Hybrid electric-petrol,Greece,2022,27607
Annual,Number,Hybrid electric-petrol,Greece,2023,39792
Annual,Number,Hybrid electric-petrol,Greece,2024,56254
Annual,Number,Hybrid electric-petrol,Greece,2025,71151
Annual,Number,Hybrid electric-petrol,Spain,2014,8070
Annual,Number,Hybrid electric-petrol,Spain,2015,7156
Annual,Number,Hybrid electric-petrol,Spain,2016,30431
Annual,Number,Hybrid electric-petrol,Spain,2017,55236
Annual,Number,Hybrid electric-petrol,Spain,2018,73544
Annual,Number,Hybrid electric-petrol,Spain,2019,92605
Annual,Number,Hybrid electric-petrol,Spain,2020,112546
Annual,Number,Hybrid electric-petrol,Spain,2021,182089
Annual,Number,Hybrid electric-petrol,Spain,2022,207950
Annual,Number,Hybrid electric-petrol,Spain,2023,263300
Annual,Number,Hybrid electric-petrol,Spain,2024,350144
Annual,Number,Hybrid electric-petrol,Spain,2025,438074
Annual,Number,Hybrid electric-petrol,European Union - 27 countries (from 2020),2022,1754966
Annual,Number,Hybrid electric-petrol,European Union - 27 countries (from 2020),2023,2263416
Annual,Number,Hybrid electric-petrol,European Union - 27 countries (from 2020),2024,2797096
Annual,Number,Hybrid electric-petrol,European Union - 27 countries (from 2020),2025,3242970
Annual,Number,Hybrid electric-petrol,Finland,2014,2236
Annual,Number,Hybrid electric-petrol,Finland,2015,2817
Annual,Number,Hybrid electric-petrol,Finland,2016,4668
Annual,Number,Hybrid electric-petrol,Finland,2017,8512
Annual,Number,Hybrid electric-petrol,Finland,2018,11631
Annual,Number,Hybrid electric-petrol,Finland,2019,14582
Annual,Number,Hybrid electric-petrol,Finland,2020,17373
Annual,Number,Hybrid electric-petrol,Finland,2021,25874
Annual,Number,Hybrid electric-petrol,Finland,2022,24083
Annual,Number,Hybrid electric-petrol,Finland,2023,19097
Annual,Number,Hybrid electric-petrol,Finland,2024,22114
Annual,Number,Hybrid electric-petrol,Finland,2025,19391
Annual,Number,Hybrid electric-petrol,France,2013,32194
Annual,Number,Hybrid electric-petrol,France,2014,31829
Annual,Number,Hybrid electric-petrol,France,2015,35950
Annual,Number,Hybrid electric-petrol,France,2016,46301
Annual,Number,Hybrid electric-petrol,France,2017,70320
Annual,Number,Hybrid electric-petrol,France,2018,90727
Annual,Number,Hybrid electric-petrol,France,2019,97951
Annual,Number,Hybrid electric-petrol,France,2020,149738
Annual,Number,Hybrid electric-petrol,France,2021,262497
Annual,Number,Hybrid electric-petrol,France,2022,316690
Annual,Number,Hybrid electric-petrol,France,2023,420146
Annual,Number,Hybrid electric-petrol,France,2024,585851
Annual,Number,Hybrid electric-petrol,France,2025,707609
Annual,Number,Hybrid electric-petrol,Georgia,2017,198
Annual,Number,Hybrid electric-petrol,Georgia,2018,204
Annual,Number,Hybrid electric-petrol,Georgia,2019,438
Annual,Number,Hybrid electric-petrol,Georgia,2020,418
Annual,Number,Hybrid electric-petrol,Georgia,2021,692
Annual,Number,Hybrid electric-petrol,Georgia,2022,836
Annual,Number,Hybrid electric-petrol,Georgia,2023,1430
Annual,Number,Hybrid electric-petrol,Georgia,2024,1998
Annual,Number,Hybrid electric-petrol,Georgia,2025,3041
Annual,Number,Hybrid electric-petrol,Croatia,2020,2180
Annual,Number,Hybrid electric-petrol,Croatia,2022,6780
Annual,Number,Hybrid electric-petrol,Croatia,2023,10411
Annual,Number,Hybrid electric-petrol,Croatia,2024,5248
Annual,Number,Hybrid electric-petrol,Croatia,2025,5983
Annual,Number,Hybrid electric-petrol,Hungary,2013,492
Annual,Number,Hybrid electric-petrol,Hungary,2014,518
Annual,Number,Hybrid electric-petrol,Hungary,2015,829
Annual,Number,Hybrid electric-petrol,Hungary,2016,1810
Annual,Number,Hybrid electric-petrol,Hungary,2017,3960
Annual,Number,Hybrid electric-petrol,Hungary,2018,6163
Annual,Number,Hybrid electric-petrol,Hungary,2019,9197
Annual,Number,Hybrid electric-petrol,Hungary,2020,28216
Annual,Number,Hybrid electric-petrol,Hungary,2021,40823
Annual,Number,Hybrid electric-petrol,Hungary,2022,36898
Annual,Number,Hybrid electric-petrol,Hungary,2023,39039
Annual,Number,Hybrid electric-petrol,Hungary,2024,50963
Annual,Number,Hybrid electric-petrol,Hungary,2025,59454
Annual,Number,Hybrid electric-petrol,Ireland,2017,4482
Annual,Number,Hybrid electric-petrol,Ireland,2018,6977
Annual,Number,Hybrid electric-petrol,Ireland,2019,10789
Annual,Number,Hybrid electric-petrol,Ireland,2020,10553
Annual,Number,Hybrid electric-petrol,Ireland,2021,17110
Annual,Number,Hybrid electric-petrol,Ireland,2022,20331
Annual,Number,Hybrid electric-petrol,Ireland,2023,19541
Annual,Number,Hybrid electric-petrol,Ireland,2024,26025
Annual,Number,Hybrid electric-petrol,Ireland,2025,27669
Annual,Number,Hybrid electric-petrol,Iceland,2017,1158
Annual,Number,Hybrid electric-petrol,Iceland,2018,991
Annual,Number,Hybrid electric-petrol,Iceland,2019,1062
Annual,Number,Hybrid electric-petrol,Iceland,2021,1981
Annual,Number,Hybrid electric-petrol,Iceland,2022,2402
Annual,Number,Hybrid electric-petrol,Iceland,2023,2325
Annual,Number,Hybrid electric-petrol,Iceland,2024,1682
Annual,Number,Hybrid electric-petrol,Iceland,2025,2528
Annual,Number,Hybrid electric-petrol,Italy,2021,363948
Annual,Number,Hybrid electric-petrol,Italy,2022,400850
Annual,Number,Hybrid electric-petrol,Italy,2023,498069
Annual,Number,Hybrid electric-petrol,Italy,2024,553291
Annual,Number,Hybrid electric-petrol,Italy,2025,609374
Annual,Number,Hybrid electric-petrol,Liechtenstein,2013,41
Annual,Number,Hybrid electric-petrol,Liechtenstein,2014,35
Annual,Number,Hybrid electric-petrol,Liechtenstein,2015,55
Annual,Number,Hybrid electric-petrol,Liechtenstein,2016,62
Annual,Number,Hybrid electric-petrol,Liechtenstein,2017,84
Annual,Number,Hybrid electric-petrol,Liechtenstein,2018,106
Annual,Number,Hybrid electric-petrol,Liechtenstein,2019,139
Annual,Number,Hybrid electric-petrol,Liechtenstein,2020,263
Annual,Number,Hybrid electric-petrol,Liechtenstein,2021,394
Annual,Number,Hybrid electric-petrol,Liechtenstein,2022,376
Annual,Number,Hybrid electric-petrol,Liechtenstein,2023,362
Annual,Number,Hybrid electric-petrol,Liechtenstein,2024,500
Annual,Number,Hybrid electric-petrol,Liechtenstein,2025,488
Annual,Number,Hybrid electric-petrol,Lithuania,2013,45
Annual,Number,Hybrid electric-petrol,Lithuania,2014,84
Annual,Number,Hybrid electric-petrol,Lithuania,2015,94
Annual,Number,Hybrid electric-petrol,Lithuania,2016,235
Annual,Number,Hybrid electric-petrol,Lithuania,2017,501
Annual,Number,Hybrid electric-petrol,Lithuania,2018,2304
Annual,Number,Hybrid electric-petrol,Lithuania,2019,3200
Annual,Number,Hybrid electric-petrol,Lithuania,2020,7998
Annual,Number,Hybrid electric-petrol,Lithuania,2021,9085
Annual,Number,Hybrid electric-petrol,Lithuania,2022,8009
Annual,Number,Hybrid electric-petrol,Lithuania,2023,9767
Annual,Number,Hybrid electric-petrol,Lithuania,2024,11514
Annual,Number,Hybrid electric-petrol,Lithuania,2025,16208
Annual,Number,Hybrid electric-petrol,Luxembourg,2013,290
Annual,Number,Hybrid electric-petrol,Luxembourg,2014,401
Annual,Number,Hybrid electric-petrol,Luxembourg,2015,401
Annual,Number,Hybrid electric-petrol,Luxembourg,2016,615
Annual,Number,Hybrid electric-petrol,Luxembourg,2017,850
Annual,Number,Hybrid electric-petrol,Luxembourg,2018,941
Annual,Number,Hybrid electric-petrol,Luxembourg,2019,1439
Annual,Number,Hybrid electric-petrol,Luxembourg,2020,2594
Annual,Number,Hybrid electric-petrol,Luxembourg,2021,4468
Annual,Number,Hybrid electric-petrol,Luxembourg,2022,5336
Annual,Number,Hybrid electric-petrol,Luxembourg,2023,6859
Annual,Number,Hybrid electric-petrol,Luxembourg,2024,8264
Annual,Number,Hybrid electric-petrol,Luxembourg,2025,11591
Annual,Number,Hybrid electric-petrol,Latvia,2014,1
Annual,Number,Hybrid electric-petrol,Latvia,2015,9
Annual,Number,Hybrid electric-petrol,Latvia,2016,18
Annual,Number,Hybrid electric-petrol,Latvia,2017,17
Annual,Number,Hybrid electric-petrol,Latvia,2018,18
Annual,Number,Hybrid electric-petrol,Latvia,2019,14
Annual,Number,Hybrid electric-petrol,Latvia,2020,78
Annual,Number,Hybrid electric-petrol,Latvia,2021,147
Annual,Number,Hybrid electric-petrol,Latvia,2022,4532
Annual,Number,Hybrid electric-petrol,Latvia,2023,5509
Annual,Number,Hybrid electric-petrol,Latvia,2024,6393
Annual,Number,Hybrid electric-petrol,Latvia,2025,10056
Annual,Number,Hybrid electric-petrol,Montenegro,2017,16
Annual,Number,Hybrid electric-petrol,Montenegro,2018,25
Annual,Number,Hybrid electric-petrol,Montenegro,2019,28
Annual,Number,Hybrid electric-petrol,Montenegro,2020,34
Annual,Number,Hybrid electric-petrol,Montenegro,2021,137
Annual,Number,Hybrid electric-petrol,Montenegro,2022,775
Annual,Number,Hybrid electric-petrol,Montenegro,2023,596
Annual,Number,Hybrid electric-petrol,Montenegro,2024,1057
Annual,Number,Hybrid electric-petrol,Montenegro,2025,1778
Annual,Number,Hybrid electric-petrol,Malta,2015,48
Annual,Number,Hybrid electric-petrol,Malta,2016,119
Annual,Number,Hybrid electric-petrol,Malta,2017,225
Annual,Number,Hybrid electric-petrol,Malta,2018,522
Annual,Number,Hybrid electric-petrol,Malta,2019,715
Annual,Number,Hybrid electric-petrol,Malta,2020,426
Annual,Number,Hybrid electric-petrol,Malta,2021,872
Annual,Number,Hybrid electric-petrol,Malta,2022,1316
Annual,Number,Hybrid electric-petrol,Malta,2023,1731
Annual,Number,Hybrid electric-petrol,Malta,2024,1458
Annual,Number,Hybrid electric-petrol,Malta,2025,1546
Annual,Number,Hybrid electric-petrol,Netherlands,2013,43326
Annual,Number,Hybrid electric-petrol,Netherlands,2014,26727
Annual,Number,Hybrid electric-petrol,Netherlands,2015,56219
Annual,Number,Hybrid electric-petrol,Netherlands,2016,29916
Annual,Number,Hybrid electric-petrol,Netherlands,2017,20732
Annual,Number,Hybrid electric-petrol,Netherlands,2018,26173
Annual,Number,Hybrid electric-petrol,Netherlands,2019,33741
Annual,Number,Hybrid electric-petrol,Netherlands,2020,62474
Annual,Number,Hybrid electric-petrol,Netherlands,2021,71538
Annual,Number,Hybrid electric-petrol,Netherlands,2022,77648
Annual,Number,Hybrid electric-petrol,Netherlands,2023,89982
Annual,Number,Hybrid electric-petrol,Netherlands,2024,107350
Annual,Number,Hybrid electric-petrol,Netherlands,2025,102094
Annual,Number,Hybrid electric-petrol,Norway,2016,17372
Annual,Number,Hybrid electric-petrol,Norway,2017,20805
Annual,Number,Hybrid electric-petrol,Norway,2018,17237
Annual,Number,Hybrid electric-petrol,Norway,2019,18356
Annual,Number,Hybrid electric-petrol,Norway,2020,14352
Annual,Number,Hybrid electric-petrol,Norway,2021,13646
Annual,Number,Hybrid electric-petrol,Norway,2022,12261
Annual,Number,Hybrid electric-petrol,Norway,2023,8274
Annual,Number,Hybrid electric-petrol,Norway,2024,7530
Annual,Number,Hybrid electric-petrol,Norway,2025,2614
Annual,Number,Hybrid electric-petrol,Poland,2013,701
Annual,Number,Hybrid electric-petrol,Poland,2014,1458
Annual,Number,Hybrid electric-petrol,Poland,2015,2138
Annual,Number,Hybrid electric-petrol,Poland,2016,3788
Annual,Number,Hybrid electric-petrol,Poland,2017,6338
Annual,Number,Hybrid electric-petrol,Poland,2018,9113
Annual,Number,Hybrid electric-petrol,Poland,2019,15713
Annual,Number,Hybrid electric-petrol,Poland,2020,28785
Annual,Number,Hybrid electric-petrol,Poland,2021,44788
Annual,Number,Hybrid electric-petrol,Poland,2022,53314
Annual,Number,Hybrid electric-petrol,Poland,2023,75674
Annual,Number,Hybrid electric-petrol,Poland,2024,98947
Annual,Number,Hybrid electric-petrol,Poland,2025,104640
Annual,Number,Hybrid electric-petrol,Portugal,2017,4317
Annual,Number,Hybrid electric-petrol,Portugal,2018,6726
Annual,Number,Hybrid electric-petrol,Portugal,2019,8546
Annual,Number,Hybrid electric-petrol,Portugal,2020,9635
Annual,Number,Hybrid electric-petrol,Portugal,2021,14969
Annual,Number,Hybrid electric-petrol,Portugal,2022,19822
Annual,Number,Hybrid electric-petrol,Portugal,2023,25199
Annual,Number,Hybrid electric-petrol,Portugal,2024,31965
Annual,Number,Hybrid electric-petrol,Portugal,2025,47762
Annual,Number,Hybrid electric-petrol,Romania,2013,190
Annual,Number,Hybrid electric-petrol,Romania,2014,214
Annual,Number,Hybrid electric-petrol,Romania,2015,43
Annual,Number,Hybrid electric-petrol,Romania,2016,955
Annual,Number,Hybrid electric-petrol,Romania,2017,1890
Annual,Number,Hybrid electric-petrol,Romania,2018,3713
Annual,Number,Hybrid electric-petrol,Romania,2019,6754
Annual,Number,Hybrid electric-petrol,Romania,2020,12181
Annual,Number,Hybrid electric-petrol,Romania,2021,24728
Annual,Number,Hybrid electric-petrol,Romania,2022,28602
Annual,Number,Hybrid electric-petrol,Romania,2023,37436
Annual,Number,Hybrid electric-petrol,Romania,2024,47943
Annual,Number,Hybrid electric-petrol,Romania,2025,63531
Annual,Number,Hybrid electric-petrol,Serbia,2019,337
Annual,Number,Hybrid electric-petrol,Serbia,2020,1249
Annual,Number,Hybrid electric-petrol,Serbia,2021,2890
Annual,Number,Hybrid electric-petrol,Serbia,2022,4219
Annual,Number,Hybrid electric-petrol,Serbia,2023,6371
Annual,Number,Hybrid electric-petrol,Serbia,2024,10203
Annual,Number,Hybrid electric-petrol,Serbia,2025,15007
Annual,Number,Hybrid electric-petrol,Sweden,2013,4699
Annual,Number,Hybrid electric-petrol,Sweden,2014,6798
Annual,Number,Hybrid electric-petrol,Sweden,2015,8634
Annual,Number,Hybrid electric-petrol,Sweden,2016,13621
Annual,Number,Hybrid electric-petrol,Sweden,2017,18380
Annual,Number,Hybrid electric-petrol,Sweden,2018,21006
Annual,Number,Hybrid electric-petrol,Sweden,2019,28089
Annual,Number,Hybrid electric-petrol,Sweden,2020,36863
Annual,Number,Hybrid electric-petrol,Sweden,2021,47249
Annual,Number,Hybrid electric-petrol,Sweden,2022,42514
Annual,Number,Hybrid electric-petrol,Sweden,2023,26466
Annual,Number,Hybrid electric-petrol,Sweden,2024,25414
Annual,Number,Hybrid electric-petrol,Sweden,2025,23337
Annual,Number,Hybrid electric-petrol,Slovenia,2020,1719
Annual,Number,Hybrid electric-petrol,Slovenia,2021,5783
Annual,Number,Hybrid electric-petrol,Slovenia,2022,6275
Annual,Number,Hybrid electric-petrol,Slovenia,2023,10018
Annual,Number,Hybrid electric-petrol,Slovenia,2024,12479
Annual,Number,Hybrid electric-petrol,Slovenia,2025,17577
Annual,Number,Hybrid electric-petrol,Slovakia,2020,7263
Annual,Number,Hybrid electric-petrol,Slovakia,2021,15148
Annual,Number,Hybrid electric-petrol,Slovakia,2022,14613
Annual,Number,Hybrid electric-petrol,Slovakia,2023,20362
Annual,Number,Hybrid electric-petrol,Slovakia,2024,23761
Annual,Number,Hybrid electric-petrol,Slovakia,2025,27099
Annual,Number,Hybrid electric-petrol,Türkiye,2013,27
Annual,Number,Hybrid electric-petrol,Türkiye,2014,27
Annual,Number,Hybrid electric-petrol,Türkiye,2015,128
Annual,Number,Hybrid electric-petrol,Türkiye,2016,138
Annual,Number,Hybrid electric-petrol,Türkiye,2017,385
Annual,Number,Hybrid electric-petrol,Türkiye,2018,3616
Annual,Number,Hybrid electric-petrol,Türkiye,2019,12110
Annual,Number,Hybrid electric-petrol,Türkiye,2020,18347
Annual,Number,Hybrid electric-petrol,Türkiye,2021,48237
Annual,Number,Hybrid electric-petrol,Türkiye,2022,42095
Annual,Number,Hybrid electric-petrol,Türkiye,2023,78753
Annual,Number,Hybrid electric-petrol,Türkiye,2024,161683
Annual,Number,Hybrid electric-petrol,Ukraine,2019,8264
Annual,Number,Hybrid electric-petrol,Ukraine,2020,4230
Annual,Number,Hybrid electric-petrol,Ukraine,2021,8235
Annual,Number,Hybrid electric-petrol,Ukraine,2022,3888
Annual,Number,Hybrid electric-petrol,Ukraine,2023,8264
Annual,Number,Hybrid electric-petrol,Ukraine,2024,10760
Annual,Number,Hybrid electric-petrol,Ukraine,2025,14082
Annual,Number,Hybrid electric-petrol,United Kingdom,2015,58716
Annual,Number,Hybrid electric-petrol,United Kingdom,2016,76970
Annual,Number,Hybrid electric-petrol,United Kingdom,2017,70123
Annual,Number,Hybrid electric-petrol,United Kingdom,2018,86207
Annual,Number,Hybrid electric-petrol,United Kingdom,2021,226410
Annual,Number,Hybrid electric-petrol,United Kingdom,2022,296033
Annual,Number,Hybrid electric-petrol,United Kingdom,2023,432352
Annual,Number,Hybrid electric-petrol,United Kingdom,2024,556587
Annual,Number,Hybrid electric-petrol,Kosovo*,2018,96
Annual,Number,Hybrid electric-petrol,Kosovo*,2019,0
Annual,Number,Hybrid electric-petrol,Kosovo*,2021,231
Annual,Number,Hybrid electric-petrol,Kosovo*,2025,914
Annual,Number,Plug-in hybrid petrol-electric  ,Albania,2020,4563
Annual,Number,Plug-in hybrid petrol-electric  ,Austria,2013,154
Annual,Number,Plug-in hybrid petrol-electric  ,Austria,2014,331
Annual,Number,Plug-in hybrid petrol-electric  ,Austria,2015,931
Annual,Number,Plug-in hybrid petrol-electric  ,Austria,2016,1087
Annual,Number,Plug-in hybrid petrol-electric  ,Austria,2017,1632
Annual,Number,Plug-in hybrid petrol-electric  ,Austria,2018,2218
Annual,Number,Plug-in hybrid petrol-electric  ,Austria,2019,2111
Annual,Number,Plug-in hybrid petrol-electric  ,Austria,2020,7202
Annual,Number,Plug-in hybrid petrol-electric  ,Austria,2021,13600
Annual,Number,Plug-in hybrid petrol-electric  ,Austria,2022,12466
Annual,Number,Plug-in hybrid petrol-electric  ,Austria,2023,16262
Annual,Number,Plug-in hybrid petrol-electric  ,Austria,2024,15061
Annual,Number,Plug-in hybrid petrol-electric  ,Austria,2025,26936
Annual,Number,Plug-in hybrid petrol-electric  ,Bosnia and Herzegovina,2013,0
Annual,Number,Plug-in hybrid petrol-electric  ,Belgium,2022,52238
Annual,Number,Plug-in hybrid petrol-electric  ,Belgium,2023,94268
Annual,Number,Plug-in hybrid petrol-electric  ,Belgium,2024,62998
Annual,Number,Plug-in hybrid petrol-electric  ,Belgium,2025,34900
Annual,Number,Plug-in hybrid petrol-electric  ,Bulgaria,2020,41
Annual,Number,Plug-in hybrid petrol-electric  ,Bulgaria,2021,97
Annual,Number,Plug-in hybrid petrol-electric  ,Bulgaria,2022,141
Annual,Number,Plug-in hybrid petrol-electric  ,Bulgaria,2023,355
Annual,Number,Plug-in hybrid petrol-electric  ,Bulgaria,2024,467
Annual,Number,Plug-in hybrid petrol-electric  ,Bulgaria,2025,566
Annual,Number,Plug-in hybrid petrol-electric  ,Switzerland,2013,6066
Annual,Number,Plug-in hybrid petrol-electric  ,Switzerland,2014,5637
Annual,Number,Plug-in hybrid petrol-electric  ,Switzerland,2015,5589
Annual,Number,Plug-in hybrid petrol-electric  ,Switzerland,2016,2675
Annual,Number,Plug-in hybrid petrol-electric  ,Switzerland,2017,3271
Annual,Number,Plug-in hybrid petrol-electric  ,Switzerland,2018,3969
Annual,Number,Plug-in hybrid petrol-electric  ,Switzerland,2019,4199
Annual,Number,Plug-in hybrid petrol-electric  ,Switzerland,2020,14132
Annual,Number,Plug-in hybrid petrol-electric  ,Switzerland,2021,21231
Annual,Number,Plug-in hybrid petrol-electric  ,Switzerland,2022,17541
Annual,Number,Plug-in hybrid petrol-electric  ,Switzerland,2023,17373
Annual,Number,Plug-in hybrid petrol-electric  ,Switzerland,2024,10526
Annual,Number,Plug-in hybrid petrol-electric  ,Switzerland,2025,7225
Annual,Number,Plug-in hybrid petrol-electric  ,Cyprus,2021,84
Annual,Number,Plug-in hybrid petrol-electric  ,Cyprus,2022,231
Annual,Number,Plug-in hybrid petrol-electric  ,Cyprus,2023,504
Annual,Number,Plug-in hybrid petrol-electric  ,Cyprus,2024,651
Annual,Number,Plug-in hybrid petrol-electric  ,Cyprus,2025,766
Annual,Number,Plug-in hybrid petrol-electric  ,Czechia,2020,1981
Annual,Number,Plug-in hybrid petrol-electric  ,Czechia,2022,3166
Annual,Number,Plug-in hybrid petrol-electric  ,Czechia,2023,4781
Annual,Number,Plug-in hybrid petrol-electric  ,Czechia,2024,4394
Annual,Number,Plug-in hybrid petrol-electric  ,Czechia,2025,10533
Annual,Number,Plug-in hybrid petrol-electric  ,Germany,2017,28244
Annual,Number,Plug-in hybrid petrol-electric  ,Germany,2018,30839
Annual,Number,Plug-in hybrid petrol-electric  ,Germany,2019,37814
Annual,Number,Plug-in hybrid petrol-electric  ,Germany,2020,177963
Annual,Number,Plug-in hybrid petrol-electric  ,Germany,2021,301856
Annual,Number,Plug-in hybrid petrol-electric  ,Germany,2022,345083
Annual,Number,Plug-in hybrid petrol-electric  ,Germany,2023,166614
Annual,Number,Plug-in hybrid petrol-electric  ,Germany,2024,174653
Annual,Number,Plug-in hybrid petrol-electric  ,Germany,2025,292574
Annual,Number,Plug-in hybrid petrol-electric  ,Denmark,2014,81
Annual,Number,Plug-in hybrid petrol-electric  ,Denmark,2015,406
Annual,Number,Plug-in hybrid petrol-electric  ,Denmark,2016,567
Annual,Number,Plug-in hybrid petrol-electric  ,Denmark,2017,620
Annual,Number,Plug-in hybrid petrol-electric  ,Denmark,2018,3125
Annual,Number,Plug-in hybrid petrol-electric  ,Denmark,2019,3767
Annual,Number,Plug-in hybrid petrol-electric  ,Denmark,2020,17747
Annual,Number,Plug-in hybrid petrol-electric  ,Denmark,2021,39317
Annual,Number,Plug-in hybrid petrol-electric  ,Denmark,2022,25594
Annual,Number,Plug-in hybrid petrol-electric  ,Denmark,2023,16945
Annual,Number,Plug-in hybrid petrol-electric  ,Denmark,2024,6958
Annual,Number,Plug-in hybrid petrol-electric  ,Denmark,2025,4796
Annual,Number,Plug-in hybrid petrol-electric  ,Estonia,2021,222
Annual,Number,Plug-in hybrid petrol-electric  ,Estonia,2022,362
Annual,Number,Plug-in hybrid petrol-electric  ,Estonia,2023,535
Annual,Number,Plug-in hybrid petrol-electric  ,Estonia,2024,1243
Annual,Number,Plug-in hybrid petrol-electric  ,Estonia,2025,1389
Annual,Number,Plug-in hybrid petrol-electric  ,Greece,2022,5322
Annual,Number,Plug-in hybrid petrol-electric  ,Greece,2023,8475
Annual,Number,Plug-in hybrid petrol-electric  ,Greece,2024,8039
Annual,Number,Plug-in hybrid petrol-electric  ,Greece,2025,11341
Annual,Number,Plug-in hybrid petrol-electric  ,Spain,2014,246
Annual,Number,Plug-in hybrid petrol-electric  ,Spain,2015,57
Annual,Number,Plug-in hybrid petrol-electric  ,Spain,2016,142
Annual,Number,Plug-in hybrid petrol-electric  ,Spain,2017,509
Annual,Number,Plug-in hybrid petrol-electric  ,Spain,2018,1909
Annual,Number,Plug-in hybrid petrol-electric  ,Spain,2019,5511
Annual,Number,Plug-in hybrid petrol-electric  ,Spain,2020,21350
Annual,Number,Plug-in hybrid petrol-electric  ,Spain,2021,40927
Annual,Number,Plug-in hybrid petrol-electric  ,Spain,2022,45948
Annual,Number,Plug-in hybrid petrol-electric  ,Spain,2023,61038
Annual,Number,Plug-in hybrid petrol-electric  ,Spain,2024,54931
Annual,Number,Plug-in hybrid petrol-electric  ,Spain,2025,120373
Annual,Number,Plug-in hybrid petrol-electric  ,European Union - 27 countries (from 2020),2022,828275
Annual,Number,Plug-in hybrid petrol-electric  ,European Union - 27 countries (from 2020),2023,778666
Annual,Number,Plug-in hybrid petrol-electric  ,European Union - 27 countries (from 2020),2024,712359
Annual,Number,Plug-in hybrid petrol-electric  ,European Union - 27 countries (from 2020),2025,965501
Annual,Number,Plug-in hybrid petrol-electric  ,Finland,2014,212
Annual,Number,Plug-in hybrid petrol-electric  ,Finland,2015,400
Annual,Number,Plug-in hybrid petrol-electric  ,Finland,2016,1116
Annual,Number,Plug-in hybrid petrol-electric  ,Finland,2017,2401
Annual,Number,Plug-in hybrid petrol-electric  ,Finland,2018,4797
Annual,Number,Plug-in hybrid petrol-electric  ,Finland,2019,5808
Annual,Number,Plug-in hybrid petrol-electric  ,Finland,2020,12796
Annual,Number,Plug-in hybrid petrol-electric  ,Finland,2021,19524
Annual,Number,Plug-in hybrid petrol-electric  ,Finland,2022,15770
Annual,Number,Plug-in hybrid petrol-electric  ,Finland,2023,17867
Annual,Number,Plug-in hybrid petrol-electric  ,Finland,2024,14667
Annual,Number,Plug-in hybrid petrol-electric  ,Finland,2025,14361
Annual,Number,Plug-in hybrid petrol-electric  ,France,2013,601
Annual,Number,Plug-in hybrid petrol-electric  ,France,2014,1850
Annual,Number,Plug-in hybrid petrol-electric  ,France,2015,5587
Annual,Number,Plug-in hybrid petrol-electric  ,France,2016,7218
Annual,Number,Plug-in hybrid petrol-electric  ,France,2017,11801
Annual,Number,Plug-in hybrid petrol-electric  ,France,2018,14507
Annual,Number,Plug-in hybrid petrol-electric  ,France,2019,18010
Annual,Number,Plug-in hybrid petrol-electric  ,France,2020,72565
Annual,Number,Plug-in hybrid petrol-electric  ,France,2021,134006
Annual,Number,Plug-in hybrid petrol-electric  ,France,2022,121196
Annual,Number,Plug-in hybrid petrol-electric  ,France,2023,158373
Annual,Number,Plug-in hybrid petrol-electric  ,France,2024,140074
Annual,Number,Plug-in hybrid petrol-electric  ,France,2025,107945
Annual,Number,Plug-in hybrid petrol-electric  ,Georgia,2017,0
Annual,Number,Plug-in hybrid petrol-electric  ,Georgia,2018,0
Annual,Number,Plug-in hybrid petrol-electric  ,Georgia,2019,0
Annual,Number,Plug-in hybrid petrol-electric  ,Georgia,2020,0
Annual,Number,Plug-in hybrid petrol-electric  ,Georgia,2021,0
Annual,Number,Plug-in hybrid petrol-electric  ,Georgia,2022,0
Annual,Number,Plug-in hybrid petrol-electric  ,Georgia,2023,0
Annual,Number,Plug-in hybrid petrol-electric  ,Georgia,2024,0
Annual,Number,Plug-in hybrid petrol-electric  ,Georgia,2025,0
Annual,Number,Plug-in hybrid petrol-electric  ,Croatia,2020,143
Annual,Number,Plug-in hybrid petrol-electric  ,Croatia,2022,689
Annual,Number,Plug-in hybrid petrol-electric  ,Croatia,2023,783
Annual,Number,Plug-in hybrid petrol-electric  ,Croatia,2024,350
Annual,Number,Plug-in hybrid petrol-electric  ,Croatia,2025,630
Annual,Number,Plug-in hybrid petrol-electric  ,Hungary,2020,2660
Annual,Number,Plug-in hybrid petrol-electric  ,Hungary,2021,3591
Annual,Number,Plug-in hybrid petrol-electric  ,Hungary,2022,4233
Annual,Number,Plug-in hybrid petrol-electric  ,Hungary,2023,4804
Annual,Number,Plug-in hybrid petrol-electric  ,Hungary,2024,4937
Annual,Number,Plug-in hybrid petrol-electric  ,Hungary,2025,6186
Annual,Number,Plug-in hybrid petrol-electric  ,Ireland,2017,327
Annual,Number,Plug-in hybrid petrol-electric  ,Ireland,2018,737
Annual,Number,Plug-in hybrid petrol-electric  ,Ireland,2019,1447
Annual,Number,Plug-in hybrid petrol-electric  ,Ireland,2020,2482
Annual,Number,Plug-in hybrid petrol-electric  ,Ireland,2021,7698
Annual,Number,Plug-in hybrid petrol-electric  ,Ireland,2022,7261
Annual,Number,Plug-in hybrid petrol-electric  ,Ireland,2023,10183
Annual,Number,Plug-in hybrid petrol-electric  ,Ireland,2024,11148
Annual,Number,Plug-in hybrid petrol-electric  ,Ireland,2025,18432
Annual,Number,Plug-in hybrid petrol-electric  ,Iceland,2017,2061
Annual,Number,Plug-in hybrid petrol-electric  ,Iceland,2018,2659
Annual,Number,Plug-in hybrid petrol-electric  ,Iceland,2019,1792
Annual,Number,Plug-in hybrid petrol-electric  ,Iceland,2020,2256
Annual,Number,Plug-in hybrid petrol-electric  ,Iceland,2021,4718
Annual,Number,Plug-in hybrid petrol-electric  ,Iceland,2022,3615
Annual,Number,Plug-in hybrid petrol-electric  ,Iceland,2023,1691
Annual,Number,Plug-in hybrid petrol-electric  ,Iceland,2024,1586
Annual,Number,Plug-in hybrid petrol-electric  ,Iceland,2025,2825
Annual,Number,Plug-in hybrid petrol-electric  ,Italy,2021,60940
Annual,Number,Plug-in hybrid petrol-electric  ,Italy,2022,56400
Annual,Number,Plug-in hybrid petrol-electric  ,Italy,2023,60219
Annual,Number,Plug-in hybrid petrol-electric  ,Italy,2024,45189
Annual,Number,Plug-in hybrid petrol-electric  ,Italy,2025,85816
Annual,Number,Plug-in hybrid petrol-electric  ,Liechtenstein,2023,65
Annual,Number,Plug-in hybrid petrol-electric  ,Lithuania,2021,400
Annual,Number,Plug-in hybrid petrol-electric  ,Lithuania,2022,740
Annual,Number,Plug-in hybrid petrol-electric  ,Lithuania,2023,787
Annual,Number,Plug-in hybrid petrol-electric  ,Lithuania,2024,1674
Annual,Number,Plug-in hybrid petrol-electric  ,Lithuania,2025,4343
Annual,Number,Plug-in hybrid petrol-electric  ,Luxembourg,2013,11
Annual,Number,Plug-in hybrid petrol-electric  ,Luxembourg,2014,56
Annual,Number,Plug-in hybrid petrol-electric  ,Luxembourg,2015,25
Annual,Number,Plug-in hybrid petrol-electric  ,Luxembourg,2016,108
Annual,Number,Plug-in hybrid petrol-electric  ,Luxembourg,2017,673
Annual,Number,Plug-in hybrid petrol-electric  ,Luxembourg,2018,703
Annual,Number,Plug-in hybrid petrol-electric  ,Luxembourg,2019,844
Annual,Number,Plug-in hybrid petrol-electric  ,Luxembourg,2020,2365
Annual,Number,Plug-in hybrid petrol-electric  ,Luxembourg,2021,3825
Annual,Number,Plug-in hybrid petrol-electric  ,Luxembourg,2022,3444
Annual,Number,Plug-in hybrid petrol-electric  ,Luxembourg,2023,4638
Annual,Number,Plug-in hybrid petrol-electric  ,Luxembourg,2024,3636
Annual,Number,Plug-in hybrid petrol-electric  ,Luxembourg,2025,3572
Annual,Number,Plug-in hybrid petrol-electric  ,Latvia,2022,301
Annual,Number,Plug-in hybrid petrol-electric  ,Latvia,2023,352
Annual,Number,Plug-in hybrid petrol-electric  ,Latvia,2024,765
Annual,Number,Plug-in hybrid petrol-electric  ,Latvia,2025,2743
Annual,Number,Plug-in hybrid petrol-electric  ,Malta,2019,0
Annual,Number,Plug-in hybrid petrol-electric  ,Malta,2020,215
Annual,Number,Plug-in hybrid petrol-electric  ,Malta,2021,668
Annual,Number,Plug-in hybrid petrol-electric  ,Malta,2022,1206
Annual,Number,Plug-in hybrid petrol-electric  ,Malta,2023,962
Annual,Number,Plug-in hybrid petrol-electric  ,Malta,2024,492
Annual,Number,Plug-in hybrid petrol-electric  ,Malta,2025,413
Annual,Number,Plug-in hybrid petrol-electric  ,Netherlands,2021,30991
Annual,Number,Plug-in hybrid petrol-electric  ,Netherlands,2022,34742
Annual,Number,Plug-in hybrid petrol-electric  ,Netherlands,2023,47096
Annual,Number,Plug-in hybrid petrol-electric  ,Netherlands,2024,52757
Annual,Number,Plug-in hybrid petrol-electric  ,Netherlands,2025,73445
Annual,Number,Plug-in hybrid petrol-electric  ,Norway,2013,344
Annual,Number,Plug-in hybrid petrol-electric  ,Norway,2014,1684
Annual,Number,Plug-in hybrid petrol-electric  ,Norway,2015,7982
Annual,Number,Plug-in hybrid petrol-electric  ,Norway,2016,19644
Annual,Number,Plug-in hybrid petrol-electric  ,Norway,2017,26777
Annual,Number,Plug-in hybrid petrol-electric  ,Norway,2018,24694
Annual,Number,Plug-in hybrid petrol-electric  ,Norway,2019,18314
Annual,Number,Plug-in hybrid petrol-electric  ,Norway,2020,26490
Annual,Number,Plug-in hybrid petrol-electric  ,Norway,2021,36803
Annual,Number,Plug-in hybrid petrol-electric  ,Norway,2022,15641
Annual,Number,Plug-in hybrid petrol-electric  ,Norway,2023,9974
Annual,Number,Plug-in hybrid petrol-electric  ,Norway,2024,3477
Annual,Number,Plug-in hybrid petrol-electric  ,Norway,2025,2618
Annual,Number,Plug-in hybrid petrol-electric  ,Poland,2013,4
Annual,Number,Plug-in hybrid petrol-electric  ,Poland,2014,0
Annual,Number,Plug-in hybrid petrol-electric  ,Poland,2015,141
Annual,Number,Plug-in hybrid petrol-electric  ,Poland,2016,332
Annual,Number,Plug-in hybrid petrol-electric  ,Poland,2017,444
Annual,Number,Plug-in hybrid petrol-electric  ,Poland,2018,530
Annual,Number,Plug-in hybrid petrol-electric  ,Poland,2019,927
Annual,Number,Plug-in hybrid petrol-electric  ,Poland,2020,3520
Annual,Number,Plug-in hybrid petrol-electric  ,Poland,2021,7045
Annual,Number,Plug-in hybrid petrol-electric  ,Poland,2022,7852
Annual,Number,Plug-in hybrid petrol-electric  ,Poland,2023,10800
Annual,Number,Plug-in hybrid petrol-electric  ,Poland,2024,12198
Annual,Number,Plug-in hybrid petrol-electric  ,Poland,2025,27619
Annual,Number,Plug-in hybrid petrol-electric  ,Portugal,2017,2399
Annual,Number,Plug-in hybrid petrol-electric  ,Portugal,2018,3888
Annual,Number,Plug-in hybrid petrol-electric  ,Portugal,2019,4671
Annual,Number,Plug-in hybrid petrol-electric  ,Portugal,2020,10010
Annual,Number,Plug-in hybrid petrol-electric  ,Portugal,2021,13543
Annual,Number,Plug-in hybrid petrol-electric  ,Portugal,2022,14878
Annual,Number,Plug-in hybrid petrol-electric  ,Portugal,2023,25942
Annual,Number,Plug-in hybrid petrol-electric  ,Portugal,2024,25935
Annual,Number,Plug-in hybrid petrol-electric  ,Portugal,2025,31363
Annual,Number,Plug-in hybrid petrol-electric  ,Romania,2020,953
Annual,Number,Plug-in hybrid petrol-electric  ,Romania,2021,2316
Annual,Number,Plug-in hybrid petrol-electric  ,Romania,2022,3043
Annual,Number,Plug-in hybrid petrol-electric  ,Romania,2023,2648
Annual,Number,Plug-in hybrid petrol-electric  ,Romania,2024,6165
Annual,Number,Plug-in hybrid petrol-electric  ,Romania,2025,9136
Annual,Number,Plug-in hybrid petrol-electric  ,Sweden,2013,519
Annual,Number,Plug-in hybrid petrol-electric  ,Sweden,2014,2702
Annual,Number,Plug-in hybrid petrol-electric  ,Sweden,2015,5173
Annual,Number,Plug-in hybrid petrol-electric  ,Sweden,2016,8964
Annual,Number,Plug-in hybrid petrol-electric  ,Sweden,2017,14874
Annual,Number,Plug-in hybrid petrol-electric  ,Sweden,2018,20541
Annual,Number,Plug-in hybrid petrol-electric  ,Sweden,2019,23992
Annual,Number,Plug-in hybrid petrol-electric  ,Sweden,2020,62954
Annual,Number,Plug-in hybrid petrol-electric  ,Sweden,2021,73848
Annual,Number,Plug-in hybrid petrol-electric  ,Sweden,2022,63911
Annual,Number,Plug-in hybrid petrol-electric  ,Sweden,2023,59364
Annual,Number,Plug-in hybrid petrol-electric  ,Sweden,2024,59734
Annual,Number,Plug-in hybrid petrol-electric  ,Sweden,2025,69559
Annual,Number,Plug-in hybrid petrol-electric  ,Slovenia,2020,39
Annual,Number,Plug-in hybrid petrol-electric  ,Slovenia,2021,191
Annual,Number,Plug-in hybrid petrol-electric  ,Slovenia,2022,602
Annual,Number,Plug-in hybrid petrol-electric  ,Slovenia,2023,1074
Annual,Number,Plug-in hybrid petrol-electric  ,Slovenia,2024,1143
Annual,Number,Plug-in hybrid petrol-electric  ,Slovenia,2025,1939
Annual,Number,Plug-in hybrid petrol-electric  ,Slovakia,2020,863
Annual,Number,Plug-in hybrid petrol-electric  ,Slovakia,2021,1166
Annual,Number,Plug-in hybrid petrol-electric  ,Slovakia,2022,1456
Annual,Number,Plug-in hybrid petrol-electric  ,Slovakia,2023,2997
Annual,Number,Plug-in hybrid petrol-electric  ,Slovakia,2024,2100
Annual,Number,Plug-in hybrid petrol-electric  ,Slovakia,2025,3825
Annual,Number,Plug-in hybrid petrol-electric  ,Türkiye,2017,0
Annual,Number,Plug-in hybrid petrol-electric  ,Türkiye,2018,0
Annual,Number,Plug-in hybrid petrol-electric  ,Türkiye,2019,0
Annual,Number,Plug-in hybrid petrol-electric  ,Türkiye,2020,0
Annual,Number,Plug-in hybrid petrol-electric  ,Türkiye,2021,0
Annual,Number,Plug-in hybrid petrol-electric  ,Türkiye,2023,0
Annual,Number,Plug-in hybrid petrol-electric  ,Türkiye,2024,0
Annual,Number,Plug-in hybrid petrol-electric  ,United Kingdom,2017,34225
Annual,Number,Plug-in hybrid petrol-electric  ,United Kingdom,2018,43647
Annual,Number,Plug-in hybrid petrol-electric  ,United Kingdom,2021,108651
Annual,Number,Plug-in hybrid petrol-electric  ,United Kingdom,2022,96942
Annual,Number,Plug-in hybrid petrol-electric  ,United Kingdom,2023,138346
Annual,Number,Plug-in hybrid petrol-electric  ,United Kingdom,2024,164928
Annual,Number,Plug-in hybrid petrol-electric  ,Kosovo*,2018,0
Annual,Number,Plug-in hybrid petrol-electric  ,Kosovo*,2019,0
Annual,Number,Plug-in hybrid petrol-electric  ,Kosovo*,2021,5
Annual,Number,Plug-in hybrid petrol-electric  ,Kosovo*,2025,175
Annual,Number,Natural gas,Albania,2020,0
Annual,Number,Natural gas,Albania,2021,1
Annual,Number,Natural gas,Austria,2013,455
Annual,Number,Natural gas,Austria,2014,279
Annual,Number,Natural gas,Austria,2015,167
Annual,Number,Natural gas,Austria,2016,119
Annual,Number,Natural gas,Austria,2017,114
Annual,Number,Natural gas,Austria,2018,110
Annual,Number,Natural gas,Austria,2019,421
Annual,Number,Natural gas,Austria,2020,386
Annual,Number,Natural gas,Austria,2021,70
Annual,Number,Natural gas,Austria,2022,51
Annual,Number,Natural gas,Austria,2023,6
Annual,Number,Natural gas,Austria,2024,11
Annual,Number,Natural gas,Austria,2025,0
Annual,Number,Natural gas,Bosnia and Herzegovina,2013,0
Annual,Number,Natural gas,Bosnia and Herzegovina,2014,0
Annual,Number,Natural gas,Bosnia and Herzegovina,2015,0
Annual,Number,Natural gas,Bosnia and Herzegovina,2016,0
Annual,Number,Natural gas,Bosnia and Herzegovina,2017,0
Annual,Number,Natural gas,Bosnia and Herzegovina,2018,0
Annual,Number,Natural gas,Bosnia and Herzegovina,2019,0
Annual,Number,Natural gas,Bosnia and Herzegovina,2020,0
Annual,Number,Natural gas,Bosnia and Herzegovina,2021,0
Annual,Number,Natural gas,Bosnia and Herzegovina,2022,0
Annual,Number,Natural gas,Bosnia and Herzegovina,2023,0
Annual,Number,Natural gas,Bosnia and Herzegovina,2024,0
Annual,Number,Natural gas,Bosnia and Herzegovina,2025,0
Annual,Number,Natural gas,Belgium,2013,109
Annual,Number,Natural gas,Belgium,2014,263
Annual,Number,Natural gas,Belgium,2015,135
Annual,Number,Natural gas,Belgium,2016,790
Annual,Number,Natural gas,Belgium,2017,741
Annual,Number,Natural gas,Belgium,2018,950
Annual,Number,Natural gas,Belgium,2019,3147
Annual,Number,Natural gas,Belgium,2020,2796
Annual,Number,Natural gas,Belgium,2021,913
Annual,Number,Natural gas,Belgium,2022,400
Annual,Number,Natural gas,Belgium,2023,91
Annual,Number,Natural gas,Belgium,2024,11
Annual,Number,Natural gas,Belgium,2025,0
Annual,Number,Natural gas,Bulgaria,2013,194
Annual,Number,Natural gas,Bulgaria,2015,215
Annual,Number,Natural gas,Bulgaria,2016,56
Annual,Number,Natural gas,Bulgaria,2017,215
Annual,Number,Natural gas,Bulgaria,2018,292
Annual,Number,Natural gas,Bulgaria,2019,450
Annual,Number,Natural gas,Bulgaria,2020,161
Annual,Number,Natural gas,Bulgaria,2021,93
Annual,Number,Natural gas,Bulgaria,2022,0
Annual,Number,Natural gas,Bulgaria,2023,0
Annual,Number,Natural gas,Bulgaria,2024,0
Annual,Number,Natural gas,Switzerland,2013,432
Annual,Number,Natural gas,Switzerland,2014,217
Annual,Number,Natural gas,Switzerland,2015,162
Annual,Number,Natural gas,Switzerland,2016,249
Annual,Number,Natural gas,Switzerland,2017,127
Annual,Number,Natural gas,Switzerland,2018,114
Annual,Number,Natural gas,Switzerland,2019,1090
Annual,Number,Natural gas,Switzerland,2020,514
Annual,Number,Natural gas,Switzerland,2021,268
Annual,Number,Natural gas,Switzerland,2022,113
Annual,Number,Natural gas,Switzerland,2023,38
Annual,Number,Natural gas,Switzerland,2024,4
Annual,Number,Natural gas,Switzerland,2025,0
Annual,Number,Natural gas,Cyprus,2013,0
Annual,Number,Natural gas,Cyprus,2014,0
Annual,Number,Natural gas,Cyprus,2015,0
Annual,Number,Natural gas,Cyprus,2016,0
Annual,Number,Natural gas,Cyprus,2017,0
Annual,Number,Natural gas,Cyprus,2018,0
Annual,Number,Natural gas,Cyprus,2019,0
Annual,Number,Natural gas,Cyprus,2020,0
Annual,Number,Natural gas,Cyprus,2021,0
Annual,Number,Natural gas,Cyprus,2022,0
Annual,Number,Natural gas,Cyprus,2023,0
Annual,Number,Natural gas,Cyprus,2024,0
Annual,Number,Natural gas,Cyprus,2025,0
Annual,Number,Natural gas,Czechia,2020,1306
Annual,Number,Natural gas,Czechia,2021,840
Annual,Number,Natural gas,Czechia,2022,804
Annual,Number,Natural gas,Czechia,2023,455
Annual,Number,Natural gas,Czechia,2024,216
Annual,Number,Natural gas,Czechia,2025,0
Annual,Number,Natural gas,Germany,2013,7835
Annual,Number,Natural gas,Germany,2014,8194
Annual,Number,Natural gas,Germany,2015,5285
Annual,Number,Natural gas,Germany,2016,3240
Annual,Number,Natural gas,Germany,2017,3723
Annual,Number,Natural gas,Germany,2018,10804
Annual,Number,Natural gas,Germany,2019,7623
Annual,Number,Natural gas,Germany,2020,7159
Annual,Number,Natural gas,Germany,2021,3916
Annual,Number,Natural gas,Germany,2022,1846
Annual,Number,Natural gas,Germany,2023,1327
Annual,Number,Natural gas,Germany,2024,137
Annual,Number,Natural gas,Germany,2025,3
Annual,Number,Natural gas,Denmark,2013,15
Annual,Number,Natural gas,Denmark,2014,43
Annual,Number,Natural gas,Denmark,2015,36
Annual,Number,Natural gas,Denmark,2016,36
Annual,Number,Natural gas,Denmark,2017,47
Annual,Number,Natural gas,Denmark,2018,7
Annual,Number,Natural gas,Denmark,2019,6
Annual,Number,Natural gas,Denmark,2020,0
Annual,Number,Natural gas,Denmark,2021,0
Annual,Number,Natural gas,Denmark,2022,0
Annual,Number,Natural gas,Denmark,2023,0
Annual,Number,Natural gas,Denmark,2024,0
Annual,Number,Natural gas,Denmark,2025,0
Annual,Number,Natural gas,Estonia,2013,6
Annual,Number,Natural gas,Estonia,2014,17
Annual,Number,Natural gas,Estonia,2015,16
Annual,Number,Natural gas,Estonia,2016,3
Annual,Number,Natural gas,Estonia,2017,9
Annual,Number,Natural gas,Estonia,2018,3
Annual,Number,Natural gas,Estonia,2019,578
Annual,Number,Natural gas,Estonia,2020,664
Annual,Number,Natural gas,Estonia,2021,466
Annual,Number,Natural gas,Estonia,2022,285
Annual,Number,Natural gas,Estonia,2023,66
Annual,Number,Natural gas,Estonia,2024,146
Annual,Number,Natural gas,Estonia,2025,0
Annual,Number,Natural gas,Greece,2021,1099
Annual,Number,Natural gas,Greece,2022,644
Annual,Number,Natural gas,Greece,2023,397
Annual,Number,Natural gas,Greece,2024,39
Annual,Number,Natural gas,Greece,2025,94
Annual,Number,Natural gas,Spain,2014,127
Annual,Number,Natural gas,Spain,2015,160
Annual,Number,Natural gas,Spain,2016,70
Annual,Number,Natural gas,Spain,2017,119
Annual,Number,Natural gas,Spain,2018,429
Annual,Number,Natural gas,Spain,2019,5914
Annual,Number,Natural gas,Spain,2020,3782
Annual,Number,Natural gas,Spain,2021,1195
Annual,Number,Natural gas,Spain,2022,403
Annual,Number,Natural gas,Spain,2023,148
Annual,Number,Natural gas,Spain,2024,101
Annual,Number,Natural gas,Spain,2025,50
Annual,Number,Natural gas,Finland,2013,21
Annual,Number,Natural gas,Finland,2014,37
Annual,Number,Natural gas,Finland,2015,18
Annual,Number,Natural gas,Finland,2016,38
Annual,Number,Natural gas,Finland,2017,65
Annual,Number,Natural gas,Finland,2018,182
Annual,Number,Natural gas,Finland,2019,2135
Annual,Number,Natural gas,Finland,2020,1841
Annual,Number,Natural gas,Finland,2021,909
Annual,Number,Natural gas,Finland,2022,595
Annual,Number,Natural gas,Finland,2023,453
Annual,Number,Natural gas,Finland,2024,114
Annual,Number,Natural gas,Finland,2025,1
Annual,Number,Natural gas,France,2013,19
Annual,Number,Natural gas,France,2014,27
Annual,Number,Natural gas,France,2015,46
Annual,Number,Natural gas,France,2016,10
Annual,Number,Natural gas,France,2017,26
Annual,Number,Natural gas,France,2018,20
Annual,Number,Natural gas,France,2019,230
Annual,Number,Natural gas,France,2020,320
Annual,Number,Natural gas,France,2021,170
Annual,Number,Natural gas,France,2022,109
Annual,Number,Natural gas,France,2023,98
Annual,Number,Natural gas,France,2024,81
Annual,Number,Natural gas,France,2025,55849
Annual,Number,Natural gas,Georgia,2018,0
Annual,Number,Natural gas,Georgia,2019,0
Annual,Number,Natural gas,Georgia,2020,0
Annual,Number,Natural gas,Georgia,2021,0
Annual,Number,Natural gas,Georgia,2022,0
Annual,Number,Natural gas,Georgia,2023,0
Annual,Number,Natural gas,Georgia,2024,0
Annual,Number,Natural gas,Georgia,2025,0
Annual,Number,Natural gas,Croatia,2016,2
Annual,Number,Natural gas,Croatia,2017,1
Annual,Number,Natural gas,Croatia,2018,2
Annual,Number,Natural gas,Croatia,2019,3
Annual,Number,Natural gas,Croatia,2020,1
Annual,Number,Natural gas,Croatia,2025,0
Annual,Number,Natural gas,Hungary,2013,33
Annual,Number,Natural gas,Hungary,2014,31
Annual,Number,Natural gas,Hungary,2015,1
Annual,Number,Natural gas,Hungary,2016,4
Annual,Number,Natural gas,Hungary,2017,5
Annual,Number,Natural gas,Hungary,2018,9
Annual,Number,Natural gas,Hungary,2019,3
Annual,Number,Natural gas,Hungary,2020,2
Annual,Number,Natural gas,Hungary,2021,5
Annual,Number,Natural gas,Hungary,2022,4
Annual,Number,Natural gas,Hungary,2023,0
Annual,Number,Natural gas,Hungary,2024,0
Annual,Number,Natural gas,Iceland,2017,18
Annual,Number,Natural gas,Iceland,2018,5
Annual,Number,Natural gas,Iceland,2019,52
Annual,Number,Natural gas,Iceland,2020,35
Annual,Number,Natural gas,Iceland,2021,5
Annual,Number,Natural gas,Iceland,2022,4
Annual,Number,Natural gas,Iceland,2023,3
Annual,Number,Natural gas,Iceland,2024,4
Annual,Number,Natural gas,Iceland,2025,0
Annual,Number,Natural gas,Italy,2013,67982
Annual,Number,Natural gas,Italy,2014,72387
Annual,Number,Natural gas,Italy,2015,62939
Annual,Number,Natural gas,Italy,2016,43787
Annual,Number,Natural gas,Italy,2017,32659
Annual,Number,Natural gas,Italy,2018,37416
Annual,Number,Natural gas,Italy,2019,38159
Annual,Number,Natural gas,Italy,2020,32455
Annual,Number,Natural gas,Italy,2021,31695
Annual,Number,Natural gas,Italy,2022,10740
Annual,Number,Natural gas,Italy,2023,1855
Annual,Number,Natural gas,Italy,2024,1268
Annual,Number,Natural gas,Italy,2025,12
Annual,Number,Natural gas,Liechtenstein,2013,4
Annual,Number,Natural gas,Liechtenstein,2014,1
Annual,Number,Natural gas,Liechtenstein,2015,5
Annual,Number,Natural gas,Liechtenstein,2016,0
Annual,Number,Natural gas,Liechtenstein,2017,1
Annual,Number,Natural gas,Liechtenstein,2018,1
Annual,Number,Natural gas,Liechtenstein,2019,7
Annual,Number,Natural gas,Liechtenstein,2020,2
Annual,Number,Natural gas,Liechtenstein,2021,3
Annual,Number,Natural gas,Liechtenstein,2022,2
Annual,Number,Natural gas,Liechtenstein,2023,0
Annual,Number,Natural gas,Liechtenstein,2024,0
Annual,Number,Natural gas,Liechtenstein,2025,0
Annual,Number,Natural gas,Lithuania,2013,0
Annual,Number,Natural gas,Lithuania,2014,0
Annual,Number,Natural gas,Lithuania,2015,0
Annual,Number,Natural gas,Lithuania,2017,0
Annual,Number,Natural gas,Lithuania,2022,0
Annual,Number,Natural gas,Lithuania,2023,0
Annual,Number,Natural gas,Lithuania,2024,0
Annual,Number,Natural gas,Lithuania,2025,0
Annual,Number,Natural gas,Luxembourg,2021,3
Annual,Number,Natural gas,Luxembourg,2022,2
Annual,Number,Natural gas,Luxembourg,2023,0
Annual,Number,Natural gas,Luxembourg,2024,1
Annual,Number,Natural gas,Luxembourg,2025,1
Annual,Number,Natural gas,Latvia,2016,4
Annual,Number,Natural gas,Latvia,2017,11
Annual,Number,Natural gas,Latvia,2018,4
Annual,Number,Natural gas,Latvia,2019,15
Annual,Number,Natural gas,Latvia,2020,35
Annual,Number,Natural gas,Latvia,2021,19
Annual,Number,Natural gas,Latvia,2022,24
Annual,Number,Natural gas,Latvia,2023,3
Annual,Number,Natural gas,Latvia,2024,0
Annual,Number,Natural gas,Latvia,2025,0
Annual,Number,Natural gas,Moldova,2013,415
Annual,Number,Natural gas,Moldova,2014,680
Annual,Number,Natural gas,Moldova,2015,576
Annual,Number,Natural gas,Moldova,2016,636
Annual,Number,Natural gas,Moldova,2017,841
Annual,Number,Natural gas,Moldova,2018,644
Annual,Number,Natural gas,Moldova,2019,737
Annual,Number,Natural gas,Moldova,2020,699
Annual,Number,Natural gas,Moldova,2021,1431
Annual,Number,Natural gas,Moldova,2022,293
Annual,Number,Natural gas,Moldova,2023,169
Annual,Number,Natural gas,Moldova,2024,701
Annual,Number,Natural gas,Moldova,2025,408
Annual,Number,Natural gas,Malta,2013,0
Annual,Number,Natural gas,Malta,2014,0
Annual,Number,Natural gas,Malta,2015,0
Annual,Number,Natural gas,Malta,2016,0
Annual,Number,Natural gas,Malta,2017,0
Annual,Number,Natural gas,Malta,2018,0
Annual,Number,Natural gas,Malta,2019,0
Annual,Number,Natural gas,Malta,2020,0
Annual,Number,Natural gas,Malta,2021,0
Annual,Number,Natural gas,Malta,2022,0
Annual,Number,Natural gas,Malta,2023,0
Annual,Number,Natural gas,Malta,2024,0
Annual,Number,Natural gas,Malta,2025,0
Annual,Number,Natural gas,Netherlands,2013,530
Annual,Number,Natural gas,Netherlands,2014,3223
Annual,Number,Natural gas,Netherlands,2015,678
Annual,Number,Natural gas,Netherlands,2016,658
Annual,Number,Natural gas,Netherlands,2017,1268
Annual,Number,Natural gas,Netherlands,2018,990
Annual,Number,Natural gas,Netherlands,2019,295
Annual,Number,Natural gas,Netherlands,2020,60
Annual,Number,Natural gas,Netherlands,2021,39
Annual,Number,Natural gas,Netherlands,2022,16
Annual,Number,Natural gas,Netherlands,2023,6
Annual,Number,Natural gas,Netherlands,2024,0
Annual,Number,Natural gas,Netherlands,2025,0
Annual,Number,Natural gas,Norway,2016,5
Annual,Number,Natural gas,Norway,2017,37
Annual,Number,Natural gas,Norway,2018,60
Annual,Number,Natural gas,Norway,2019,17
Annual,Number,Natural gas,Norway,2020,7
Annual,Number,Natural gas,Norway,2021,0
Annual,Number,Natural gas,Norway,2022,0
Annual,Number,Natural gas,Norway,2023,0
Annual,Number,Natural gas,Norway,2024,0
Annual,Number,Natural gas,Norway,2025,0
Annual,Number,Natural gas,Poland,2013,11
Annual,Number,Natural gas,Poland,2014,14
Annual,Number,Natural gas,Poland,2020,27
Annual,Number,Natural gas,Poland,2021,5
Annual,Number,Natural gas,Poland,2022,0
Annual,Number,Natural gas,Poland,2023,0
Annual,Number,Natural gas,Poland,2024,0
Annual,Number,Natural gas,Poland,2025,0
Annual,Number,Natural gas,Portugal,2017,7
Annual,Number,Natural gas,Portugal,2018,1
Annual,Number,Natural gas,Portugal,2019,42
Annual,Number,Natural gas,Portugal,2020,30
Annual,Number,Natural gas,Portugal,2021,31
Annual,Number,Natural gas,Portugal,2022,10
Annual,Number,Natural gas,Portugal,2023,2
Annual,Number,Natural gas,Portugal,2024,0
Annual,Number,Natural gas,Portugal,2025,0
Annual,Number,Natural gas,Romania,2025,4
Annual,Number,Natural gas,Serbia,2019,0
Annual,Number,Natural gas,Serbia,2020,1
Annual,Number,Natural gas,Serbia,2021,1
Annual,Number,Natural gas,Serbia,2022,3
Annual,Number,Natural gas,Serbia,2023,5
Annual,Number,Natural gas,Serbia,2024,10
Annual,Number,Natural gas,Serbia,2025,16
Annual,Number,Natural gas,Sweden,2013,1325
Annual,Number,Natural gas,Sweden,2014,1602
Annual,Number,Natural gas,Sweden,2015,886
Annual,Number,Natural gas,Sweden,2016,499
Annual,Number,Natural gas,Sweden,2017,781
Annual,Number,Natural gas,Sweden,2018,592
Annual,Number,Natural gas,Sweden,2019,4535
Annual,Number,Natural gas,Sweden,2020,3248
Annual,Number,Natural gas,Sweden,2021,1484
Annual,Number,Natural gas,Sweden,2022,1879
Annual,Number,Natural gas,Sweden,2023,2004
Annual,Number,Natural gas,Sweden,2024,1083
Annual,Number,Natural gas,Sweden,2025,4
Annual,Number,Natural gas,Slovenia,2014,48
Annual,Number,Natural gas,Slovenia,2015,40
Annual,Number,Natural gas,Slovenia,2016,9
Annual,Number,Natural gas,Slovenia,2017,43
Annual,Number,Natural gas,Slovenia,2018,13
Annual,Number,Natural gas,Slovenia,2019,27
Annual,Number,Natural gas,Slovenia,2020,46
Annual,Number,Natural gas,Slovenia,2021,16
Annual,Number,Natural gas,Slovenia,2022,6
Annual,Number,Natural gas,Slovenia,2023,0
Annual,Number,Natural gas,Slovenia,2024,0
Annual,Number,Natural gas,Slovenia,2025,0
Annual,Number,Natural gas,Slovakia,2013,1362
Annual,Number,Natural gas,Slovakia,2014,51
Annual,Number,Natural gas,Slovakia,2015,121
Annual,Number,Natural gas,Slovakia,2016,188
Annual,Number,Natural gas,Slovakia,2017,119
Annual,Number,Natural gas,Slovakia,2018,189
Annual,Number,Natural gas,Slovakia,2019,152
Annual,Number,Natural gas,Slovakia,2020,404
Annual,Number,Natural gas,Slovakia,2021,234
Annual,Number,Natural gas,Slovakia,2022,291
Annual,Number,Natural gas,Slovakia,2023,122
Annual,Number,Natural gas,Slovakia,2024,120
Annual,Number,Natural gas,Türkiye,2013,3
Annual,Number,Natural gas,Türkiye,2014,2
Annual,Number,Natural gas,Türkiye,2017,0
Annual,Number,Natural gas,Türkiye,2018,3
Annual,Number,Natural gas,Türkiye,2019,6
Annual,Number,Natural gas,Türkiye,2020,3
Annual,Number,Natural gas,Türkiye,2021,1
Annual,Number,Natural gas,Türkiye,2022,1
Annual,Number,Natural gas,Türkiye,2023,2
Annual,Number,Natural gas,Türkiye,2024,4
Annual,Number,Natural gas,Türkiye,2025,6
Annual,Number,Natural gas,Ukraine,2019,2
Annual,Number,Natural gas,Ukraine,2020,2
Annual,Number,Natural gas,Ukraine,2021,3
Annual,Number,Natural gas,Ukraine,2022,0
Annual,Number,Natural gas,Ukraine,2023,2
Annual,Number,Natural gas,Ukraine,2024,0
Annual,Number,Natural gas,Ukraine,2025,2
Annual,Number,Natural gas,United Kingdom,2015,13
Annual,Number,Natural gas,United Kingdom,2016,33
Annual,Number,Natural gas,United Kingdom,2017,3
Annual,Number,Natural gas,United Kingdom,2018,1
Annual,Number,Natural gas,United Kingdom,2021,14
Annual,Number,Natural gas,United Kingdom,2022,11
Annual,Number,Natural gas,United Kingdom,2023,15
Annual,Number,Natural gas,United Kingdom,2024,2
Annual,Number,Natural gas,Kosovo*,2017,0
Annual,Number,Natural gas,Kosovo*,2018,0
Annual,Number,Natural gas,Kosovo*,2019,0
Annual,Number,Natural gas,Kosovo*,2021,0
Annual,Number,Natural gas,Kosovo*,2025,0
Annual,Number,Hydrogen and fuel cells ,Albania,2020,0
Annual,Number,Hydrogen and fuel cells ,Albania,2021,1
Annual,Number,Hydrogen and fuel cells ,Austria,2013,0
Annual,Number,Hydrogen and fuel cells ,Austria,2014,3
Annual,Number,Hydrogen and fuel cells ,Austria,2015,9
Annual,Number,Hydrogen and fuel cells ,Austria,2016,5
Annual,Number,Hydrogen and fuel cells ,Austria,2017,0
Annual,Number,Hydrogen and fuel cells ,Austria,2018,7
Annual,Number,Hydrogen and fuel cells ,Austria,2019,19
Annual,Number,Hydrogen and fuel cells ,Austria,2020,14
Annual,Number,Hydrogen and fuel cells ,Austria,2021,14
Annual,Number,Hydrogen and fuel cells ,Austria,2022,14
Annual,Number,Hydrogen and fuel cells ,Austria,2023,10
Annual,Number,Hydrogen and fuel cells ,Austria,2024,1
Annual,Number,Hydrogen and fuel cells ,Austria,2025,0
Annual,Number,Hydrogen and fuel cells ,Bosnia and Herzegovina,2013,0
Annual,Number,Hydrogen and fuel cells ,Bosnia and Herzegovina,2014,0
Annual,Number,Hydrogen and fuel cells ,Bosnia and Herzegovina,2015,0
Annual,Number,Hydrogen and fuel cells ,Bosnia and Herzegovina,2016,0
Annual,Number,Hydrogen and fuel cells ,Bosnia and Herzegovina,2017,0
Annual,Number,Hydrogen and fuel cells ,Bosnia and Herzegovina,2018,0
Annual,Number,Hydrogen and fuel cells ,Bosnia and Herzegovina,2019,0
Annual,Number,Hydrogen and fuel cells ,Bosnia and Herzegovina,2020,0
Annual,Number,Hydrogen and fuel cells ,Bosnia and Herzegovina,2021,0
Annual,Number,Hydrogen and fuel cells ,Bosnia and Herzegovina,2022,0
Annual,Number,Hydrogen and fuel cells ,Bosnia and Herzegovina,2023,0
Annual,Number,Hydrogen and fuel cells ,Bosnia and Herzegovina,2024,0
Annual,Number,Hydrogen and fuel cells ,Bosnia and Herzegovina,2025,0
Annual,Number,Hydrogen and fuel cells ,Belgium,2013,0
Annual,Number,Hydrogen and fuel cells ,Belgium,2014,1
Annual,Number,Hydrogen and fuel cells ,Belgium,2015,0
Annual,Number,Hydrogen and fuel cells ,Belgium,2016,0
Annual,Number,Hydrogen and fuel cells ,Belgium,2017,0
Annual,Number,Hydrogen and fuel cells ,Belgium,2018,0
Annual,Number,Hydrogen and fuel cells ,Belgium,2019,4
Annual,Number,Hydrogen and fuel cells ,Belgium,2020,2
Annual,Number,Hydrogen and fuel cells ,Belgium,2021,1
Annual,Number,Hydrogen and fuel cells ,Belgium,2022,2
Annual,Number,Hydrogen and fuel cells ,Belgium,2023,1
Annual,Number,Hydrogen and fuel cells ,Belgium,2024,4
Annual,Number,Hydrogen and fuel cells ,Belgium,2025,2
Annual,Number,Hydrogen and fuel cells ,Bulgaria,2013,0
Annual,Number,Hydrogen and fuel cells ,Bulgaria,2014,0
Annual,Number,Hydrogen and fuel cells ,Bulgaria,2015,0
Annual,Number,Hydrogen and fuel cells ,Bulgaria,2016,0
Annual,Number,Hydrogen and fuel cells ,Bulgaria,2017,0
Annual,Number,Hydrogen and fuel cells ,Bulgaria,2018,0
Annual,Number,Hydrogen and fuel cells ,Bulgaria,2019,0
Annual,Number,Hydrogen and fuel cells ,Bulgaria,2020,0
Annual,Number,Hydrogen and fuel cells ,Bulgaria,2021,0
Annual,Number,Hydrogen and fuel cells ,Bulgaria,2022,0
Annual,Number,Hydrogen and fuel cells ,Bulgaria,2023,1
Annual,Number,Hydrogen and fuel cells ,Bulgaria,2024,0
Annual,Number,Hydrogen and fuel cells ,Bulgaria,2025,0
Annual,Number,Hydrogen and fuel cells ,Switzerland,2013,0
Annual,Number,Hydrogen and fuel cells ,Switzerland,2014,0
Annual,Number,Hydrogen and fuel cells ,Switzerland,2015,15
Annual,Number,Hydrogen and fuel cells ,Switzerland,2016,10
Annual,Number,Hydrogen and fuel cells ,Switzerland,2017,2
Annual,Number,Hydrogen and fuel cells ,Switzerland,2018,14
Annual,Number,Hydrogen and fuel cells ,Switzerland,2019,27
Annual,Number,Hydrogen and fuel cells ,Switzerland,2020,48
Annual,Number,Hydrogen and fuel cells ,Switzerland,2021,66
Annual,Number,Hydrogen and fuel cells ,Switzerland,2022,72
Annual,Number,Hydrogen and fuel cells ,Switzerland,2023,28
Annual,Number,Hydrogen and fuel cells ,Switzerland,2024,13
Annual,Number,Hydrogen and fuel cells ,Switzerland,2025,4
Annual,Number,Hydrogen and fuel cells ,Cyprus,2013,0
Annual,Number,Hydrogen and fuel cells ,Cyprus,2014,0
Annual,Number,Hydrogen and fuel cells ,Cyprus,2015,0
Annual,Number,Hydrogen and fuel cells ,Cyprus,2016,0
Annual,Number,Hydrogen and fuel cells ,Cyprus,2017,0
Annual,Number,Hydrogen and fuel cells ,Cyprus,2018,0
Annual,Number,Hydrogen and fuel cells ,Cyprus,2019,0
Annual,Number,Hydrogen and fuel cells ,Cyprus,2020,0
Annual,Number,Hydrogen and fuel cells ,Cyprus,2021,0
Annual,Number,Hydrogen and fuel cells ,Cyprus,2022,0
Annual,Number,Hydrogen and fuel cells ,Cyprus,2023,0
Annual,Number,Hydrogen and fuel cells ,Cyprus,2024,0
Annual,Number,Hydrogen and fuel cells ,Cyprus,2025,0
Annual,Number,Hydrogen and fuel cells ,Czechia,2013,0
Annual,Number,Hydrogen and fuel cells ,Czechia,2014,0
Annual,Number,Hydrogen and fuel cells ,Czechia,2015,0
Annual,Number,Hydrogen and fuel cells ,Czechia,2016,0
Annual,Number,Hydrogen and fuel cells ,Czechia,2017,0
Annual,Number,Hydrogen and fuel cells ,Czechia,2018,0
Annual,Number,Hydrogen and fuel cells ,Czechia,2019,0
Annual,Number,Hydrogen and fuel cells ,Czechia,2020,2
Annual,Number,Hydrogen and fuel cells ,Czechia,2021,9
Annual,Number,Hydrogen and fuel cells ,Czechia,2022,3
Annual,Number,Hydrogen and fuel cells ,Czechia,2023,16
Annual,Number,Hydrogen and fuel cells ,Czechia,2024,0
Annual,Number,Hydrogen and fuel cells ,Czechia,2025,1
Annual,Number,Hydrogen and fuel cells ,Germany,2013,0
Annual,Number,Hydrogen and fuel cells ,Germany,2014,3
Annual,Number,Hydrogen and fuel cells ,Germany,2015,72
Annual,Number,Hydrogen and fuel cells ,Germany,2016,49
Annual,Number,Hydrogen and fuel cells ,Germany,2017,122
Annual,Number,Hydrogen and fuel cells ,Germany,2018,154
Annual,Number,Hydrogen and fuel cells ,Germany,2019,210
Annual,Number,Hydrogen and fuel cells ,Germany,2020,311
Annual,Number,Hydrogen and fuel cells ,Germany,2021,466
Annual,Number,Hydrogen and fuel cells ,Germany,2022,836
Annual,Number,Hydrogen and fuel cells ,Germany,2023,267
Annual,Number,Hydrogen and fuel cells ,Germany,2024,179
Annual,Number,Hydrogen and fuel cells ,Germany,2025,55
Annual,Number,Hydrogen and fuel cells ,Denmark,2013,1
Annual,Number,Hydrogen and fuel cells ,Denmark,2014,1
Annual,Number,Hydrogen and fuel cells ,Denmark,2015,14
Annual,Number,Hydrogen and fuel cells ,Denmark,2016,14
Annual,Number,Hydrogen and fuel cells ,Denmark,2017,15
Annual,Number,Hydrogen and fuel cells ,Denmark,2018,6
Annual,Number,Hydrogen and fuel cells ,Denmark,2019,8
Annual,Number,Hydrogen and fuel cells ,Denmark,2020,45
Annual,Number,Hydrogen and fuel cells ,Denmark,2021,75
Annual,Number,Hydrogen and fuel cells ,Denmark,2022,6
Annual,Number,Hydrogen and fuel cells ,Denmark,2023,1
Annual,Number,Hydrogen and fuel cells ,Denmark,2024,0
Annual,Number,Hydrogen and fuel cells ,Denmark,2025,28
Annual,Number,Hydrogen and fuel cells ,Estonia,2013,0
Annual,Number,Hydrogen and fuel cells ,Estonia,2014,0
Annual,Number,Hydrogen and fuel cells ,Estonia,2015,0
Annual,Number,Hydrogen and fuel cells ,Estonia,2016,0
Annual,Number,Hydrogen and fuel cells ,Estonia,2017,0
Annual,Number,Hydrogen and fuel cells ,Estonia,2018,0
Annual,Number,Hydrogen and fuel cells ,Estonia,2019,0
Annual,Number,Hydrogen and fuel cells ,Estonia,2020,0
Annual,Number,Hydrogen and fuel cells ,Estonia,2021,1
Annual,Number,Hydrogen and fuel cells ,Estonia,2022,1
Annual,Number,Hydrogen and fuel cells ,Estonia,2023,1
Annual,Number,Hydrogen and fuel cells ,Estonia,2024,0
Annual,Number,Hydrogen and fuel cells ,Estonia,2025,0
Annual,Number,Hydrogen and fuel cells ,Greece,2013,0
Annual,Number,Hydrogen and fuel cells ,Greece,2014,0
Annual,Number,Hydrogen and fuel cells ,Greece,2015,0
Annual,Number,Hydrogen and fuel cells ,Greece,2016,0
Annual,Number,Hydrogen and fuel cells ,Greece,2017,0
Annual,Number,Hydrogen and fuel cells ,Greece,2018,0
Annual,Number,Hydrogen and fuel cells ,Greece,2019,0
Annual,Number,Hydrogen and fuel cells ,Greece,2020,0
Annual,Number,Hydrogen and fuel cells ,Greece,2021,0
Annual,Number,Hydrogen and fuel cells ,Greece,2022,0
Annual,Number,Hydrogen and fuel cells ,Greece,2023,0
Annual,Number,Hydrogen and fuel cells ,Greece,2024,0
Annual,Number,Hydrogen and fuel cells ,Greece,2025,0
Annual,Number,Hydrogen and fuel cells ,Spain,2013,0
Annual,Number,Hydrogen and fuel cells ,Spain,2014,0
Annual,Number,Hydrogen and fuel cells ,Spain,2015,0
Annual,Number,Hydrogen and fuel cells ,Spain,2016,0
Annual,Number,Hydrogen and fuel cells ,Spain,2017,0
Annual,Number,Hydrogen and fuel cells ,Spain,2018,1
Annual,Number,Hydrogen and fuel cells ,Spain,2019,1
Annual,Number,Hydrogen and fuel cells ,Spain,2020,7
Annual,Number,Hydrogen and fuel cells ,Spain,2021,9
Annual,Number,Hydrogen and fuel cells ,Spain,2022,4
Annual,Number,Hydrogen and fuel cells ,Spain,2023,8
Annual,Number,Hydrogen and fuel cells ,Spain,2024,7
Annual,Number,Hydrogen and fuel cells ,Spain,2025,1
Annual,Number,Hydrogen and fuel cells ,European Union - 27 countries (from 2020),2013,7
Annual,Number,Hydrogen and fuel cells ,European Union - 27 countries (from 2020),2014,21
Annual,Number,Hydrogen and fuel cells ,European Union - 27 countries (from 2020),2015,126
Annual,Number,Hydrogen and fuel cells ,European Union - 27 countries (from 2020),2016,104
Annual,Number,Hydrogen and fuel cells ,European Union - 27 countries (from 2020),2017,214
Annual,Number,Hydrogen and fuel cells ,European Union - 27 countries (from 2020),2018,223
Annual,Number,Hydrogen and fuel cells ,European Union - 27 countries (from 2020),2019,480
Annual,Number,Hydrogen and fuel cells ,European Union - 27 countries (from 2020),2020,751
Annual,Number,Hydrogen and fuel cells ,European Union - 27 countries (from 2020),2021,866
Annual,Number,Hydrogen and fuel cells ,European Union - 27 countries (from 2020),2022,1206
Annual,Number,Hydrogen and fuel cells ,European Union - 27 countries (from 2020),2023,738
Annual,Number,Hydrogen and fuel cells ,European Union - 27 countries (from 2020),2024,753
Annual,Number,Hydrogen and fuel cells ,European Union - 27 countries (from 2020),2025,531
Annual,Number,Hydrogen and fuel cells ,Finland,2013,1
Annual,Number,Hydrogen and fuel cells ,Finland,2014,0
Annual,Number,Hydrogen and fuel cells ,Finland,2015,0
Annual,Number,Hydrogen and fuel cells ,Finland,2016,0
Annual,Number,Hydrogen and fuel cells ,Finland,2017,0
Annual,Number,Hydrogen and fuel cells ,Finland,2018,0
Annual,Number,Hydrogen and fuel cells ,Finland,2019,0
Annual,Number,Hydrogen and fuel cells ,Finland,2020,0
Annual,Number,Hydrogen and fuel cells ,Finland,2021,1
Annual,Number,Hydrogen and fuel cells ,Finland,2022,0
Annual,Number,Hydrogen and fuel cells ,Finland,2023,0
Annual,Number,Hydrogen and fuel cells ,Finland,2024,0
Annual,Number,Hydrogen and fuel cells ,Finland,2025,4
Annual,Number,Hydrogen and fuel cells ,France,2013,1
Annual,Number,Hydrogen and fuel cells ,France,2014,1
Annual,Number,Hydrogen and fuel cells ,France,2015,10
Annual,Number,Hydrogen and fuel cells ,France,2016,9
Annual,Number,Hydrogen and fuel cells ,France,2017,57
Annual,Number,Hydrogen and fuel cells ,France,2018,36
Annual,Number,Hydrogen and fuel cells ,France,2019,63
Annual,Number,Hydrogen and fuel cells ,France,2020,211
Annual,Number,Hydrogen and fuel cells ,France,2021,61
Annual,Number,Hydrogen and fuel cells ,France,2022,193
Annual,Number,Hydrogen and fuel cells ,France,2023,306
Annual,Number,Hydrogen and fuel cells ,France,2024,531
Annual,Number,Hydrogen and fuel cells ,France,2025,311
Annual,Number,Hydrogen and fuel cells ,Georgia,2017,0
Annual,Number,Hydrogen and fuel cells ,Georgia,2018,0
Annual,Number,Hydrogen and fuel cells ,Georgia,2019,0
Annual,Number,Hydrogen and fuel cells ,Georgia,2020,0
Annual,Number,Hydrogen and fuel cells ,Georgia,2021,0
Annual,Number,Hydrogen and fuel cells ,Georgia,2022,0
Annual,Number,Hydrogen and fuel cells ,Georgia,2023,0
Annual,Number,Hydrogen and fuel cells ,Georgia,2024,0
Annual,Number,Hydrogen and fuel cells ,Georgia,2025,0
Annual,Number,Hydrogen and fuel cells ,Croatia,2013,0
Annual,Number,Hydrogen and fuel cells ,Croatia,2014,0
Annual,Number,Hydrogen and fuel cells ,Croatia,2015,0
Annual,Number,Hydrogen and fuel cells ,Croatia,2016,0
Annual,Number,Hydrogen and fuel cells ,Croatia,2017,0
Annual,Number,Hydrogen and fuel cells ,Croatia,2018,0
Annual,Number,Hydrogen and fuel cells ,Croatia,2019,0
Annual,Number,Hydrogen and fuel cells ,Croatia,2020,0
Annual,Number,Hydrogen and fuel cells ,Croatia,2021,0
Annual,Number,Hydrogen and fuel cells ,Croatia,2022,0
Annual,Number,Hydrogen and fuel cells ,Croatia,2023,0
Annual,Number,Hydrogen and fuel cells ,Croatia,2024,0
Annual,Number,Hydrogen and fuel cells ,Croatia,2025,0
Annual,Number,Hydrogen and fuel cells ,Hungary,2013,0
Annual,Number,Hydrogen and fuel cells ,Hungary,2014,0
Annual,Number,Hydrogen and fuel cells ,Hungary,2015,0
Annual,Number,Hydrogen and fuel cells ,Hungary,2016,0
Annual,Number,Hydrogen and fuel cells ,Hungary,2017,0
Annual,Number,Hydrogen and fuel cells ,Hungary,2018,0
Annual,Number,Hydrogen and fuel cells ,Hungary,2019,0
Annual,Number,Hydrogen and fuel cells ,Hungary,2020,0
Annual,Number,Hydrogen and fuel cells ,Hungary,2021,1
Annual,Number,Hydrogen and fuel cells ,Hungary,2022,1
Annual,Number,Hydrogen and fuel cells ,Hungary,2023,0
Annual,Number,Hydrogen and fuel cells ,Hungary,2024,1
Annual,Number,Hydrogen and fuel cells ,Hungary,2025,0
Annual,Number,Hydrogen and fuel cells ,Ireland,2013,0
Annual,Number,Hydrogen and fuel cells ,Ireland,2014,0
Annual,Number,Hydrogen and fuel cells ,Ireland,2015,0
Annual,Number,Hydrogen and fuel cells ,Ireland,2016,1
Annual,Number,Hydrogen and fuel cells ,Ireland,2017,0
Annual,Number,Hydrogen and fuel cells ,Ireland,2018,0
Annual,Number,Hydrogen and fuel cells ,Ireland,2019,0
Annual,Number,Hydrogen and fuel cells ,Ireland,2020,0
Annual,Number,Hydrogen and fuel cells ,Ireland,2021,0
Annual,Number,Hydrogen and fuel cells ,Ireland,2022,0
Annual,Number,Hydrogen and fuel cells ,Ireland,2023,0
Annual,Number,Hydrogen and fuel cells ,Ireland,2024,0
Annual,Number,Hydrogen and fuel cells ,Ireland,2025,0
Annual,Number,Hydrogen and fuel cells ,Iceland,2018,16
Annual,Number,Hydrogen and fuel cells ,Iceland,2019,7
Annual,Number,Hydrogen and fuel cells ,Iceland,2021,3
Annual,Number,Hydrogen and fuel cells ,Iceland,2022,0
Annual,Number,Hydrogen and fuel cells ,Iceland,2023,1
Annual,Number,Hydrogen and fuel cells ,Iceland,2024,0
Annual,Number,Hydrogen and fuel cells ,Iceland,2025,0
Annual,Number,Hydrogen and fuel cells ,Italy,2013,0
Annual,Number,Hydrogen and fuel cells ,Italy,2014,10
Annual,Number,Hydrogen and fuel cells ,Italy,2015,1
Annual,Number,Hydrogen and fuel cells ,Italy,2016,0
Annual,Number,Hydrogen and fuel cells ,Italy,2017,0
Annual,Number,Hydrogen and fuel cells ,Italy,2018,1
Annual,Number,Hydrogen and fuel cells ,Italy,2019,17
Annual,Number,Hydrogen and fuel cells ,Italy,2020,7
Annual,Number,Hydrogen and fuel cells ,Italy,2021,10
Annual,Number,Hydrogen and fuel cells ,Italy,2022,11
Annual,Number,Hydrogen and fuel cells ,Italy,2023,2
Annual,Number,Hydrogen and fuel cells ,Italy,2024,1
Annual,Number,Hydrogen and fuel cells ,Italy,2025,1
Annual,Number,Hydrogen and fuel cells ,Liechtenstein,2013,0
Annual,Number,Hydrogen and fuel cells ,Liechtenstein,2014,0
Annual,Number,Hydrogen and fuel cells ,Liechtenstein,2015,0
Annual,Number,Hydrogen and fuel cells ,Liechtenstein,2016,0
Annual,Number,Hydrogen and fuel cells ,Liechtenstein,2017,0
Annual,Number,Hydrogen and fuel cells ,Liechtenstein,2018,0
Annual,Number,Hydrogen and fuel cells ,Liechtenstein,2019,0
Annual,Number,Hydrogen and fuel cells ,Liechtenstein,2020,0
Annual,Number,Hydrogen and fuel cells ,Liechtenstein,2021,0
Annual,Number,Hydrogen and fuel cells ,Liechtenstein,2022,0
Annual,Number,Hydrogen and fuel cells ,Liechtenstein,2023,0
Annual,Number,Hydrogen and fuel cells ,Liechtenstein,2024,0
Annual,Number,Hydrogen and fuel cells ,Liechtenstein,2025,0
Annual,Number,Hydrogen and fuel cells ,Lithuania,2013,0
Annual,Number,Hydrogen and fuel cells ,Lithuania,2014,0
Annual,Number,Hydrogen and fuel cells ,Lithuania,2015,0
Annual,Number,Hydrogen and fuel cells ,Lithuania,2016,0
Annual,Number,Hydrogen and fuel cells ,Lithuania,2017,0
Annual,Number,Hydrogen and fuel cells ,Lithuania,2018,0
Annual,Number,Hydrogen and fuel cells ,Lithuania,2019,0
Annual,Number,Hydrogen and fuel cells ,Lithuania,2020,0
Annual,Number,Hydrogen and fuel cells ,Lithuania,2021,0
Annual,Number,Hydrogen and fuel cells ,Lithuania,2022,0
Annual,Number,Hydrogen and fuel cells ,Lithuania,2023,0
Annual,Number,Hydrogen and fuel cells ,Lithuania,2024,0
Annual,Number,Hydrogen and fuel cells ,Lithuania,2025,0
Annual,Number,Hydrogen and fuel cells ,Luxembourg,2013,0
Annual,Number,Hydrogen and fuel cells ,Luxembourg,2014,0
Annual,Number,Hydrogen and fuel cells ,Luxembourg,2015,0
Annual,Number,Hydrogen and fuel cells ,Luxembourg,2016,0
Annual,Number,Hydrogen and fuel cells ,Luxembourg,2017,0
Annual,Number,Hydrogen and fuel cells ,Luxembourg,2018,0
Annual,Number,Hydrogen and fuel cells ,Luxembourg,2019,0
Annual,Number,Hydrogen and fuel cells ,Luxembourg,2020,0
Annual,Number,Hydrogen and fuel cells ,Luxembourg,2021,1
Annual,Number,Hydrogen and fuel cells ,Luxembourg,2022,2
Annual,Number,Hydrogen and fuel cells ,Luxembourg,2023,0
Annual,Number,Hydrogen and fuel cells ,Luxembourg,2024,10
Annual,Number,Hydrogen and fuel cells ,Luxembourg,2025,2
Annual,Number,Hydrogen and fuel cells ,Latvia,2013,0
Annual,Number,Hydrogen and fuel cells ,Latvia,2014,0
Annual,Number,Hydrogen and fuel cells ,Latvia,2015,0
Annual,Number,Hydrogen and fuel cells ,Latvia,2016,0
Annual,Number,Hydrogen and fuel cells ,Latvia,2017,0
Annual,Number,Hydrogen and fuel cells ,Latvia,2018,0
Annual,Number,Hydrogen and fuel cells ,Latvia,2019,0
Annual,Number,Hydrogen and fuel cells ,Latvia,2020,0
Annual,Number,Hydrogen and fuel cells ,Latvia,2021,0
Annual,Number,Hydrogen and fuel cells ,Latvia,2022,0
Annual,Number,Hydrogen and fuel cells ,Latvia,2023,0
Annual,Number,Hydrogen and fuel cells ,Latvia,2024,0
Annual,Number,Hydrogen and fuel cells ,Latvia,2025,0
Annual,Number,Hydrogen and fuel cells ,Malta,2013,0
Annual,Number,Hydrogen and fuel cells ,Malta,2014,0
Annual,Number,Hydrogen and fuel cells ,Malta,2015,0
Annual,Number,Hydrogen and fuel cells ,Malta,2016,0
Annual,Number,Hydrogen and fuel cells ,Malta,2017,0
Annual,Number,Hydrogen and fuel cells ,Malta,2018,0
Annual,Number,Hydrogen and fuel cells ,Malta,2019,0
Annual,Number,Hydrogen and fuel cells ,Malta,2020,0
Annual,Number,Hydrogen and fuel cells ,Malta,2021,0
Annual,Number,Hydrogen and fuel cells ,Malta,2022,0
Annual,Number,Hydrogen and fuel cells ,Malta,2023,0
Annual,Number,Hydrogen and fuel cells ,Malta,2024,0
Annual,Number,Hydrogen and fuel cells ,Malta,2025,0
Annual,Number,Hydrogen and fuel cells ,Netherlands,2013,1
Annual,Number,Hydrogen and fuel cells ,Netherlands,2014,2
Annual,Number,Hydrogen and fuel cells ,Netherlands,2015,19
Annual,Number,Hydrogen and fuel cells ,Netherlands,2016,7
Annual,Number,Hydrogen and fuel cells ,Netherlands,2017,6
Annual,Number,Hydrogen and fuel cells ,Netherlands,2018,13
Annual,Number,Hydrogen and fuel cells ,Netherlands,2019,156
Annual,Number,Hydrogen and fuel cells ,Netherlands,2020,147
Annual,Number,Hydrogen and fuel cells ,Netherlands,2021,122
Annual,Number,Hydrogen and fuel cells ,Netherlands,2022,89
Annual,Number,Hydrogen and fuel cells ,Netherlands,2023,39
Annual,Number,Hydrogen and fuel cells ,Netherlands,2024,0
Annual,Number,Hydrogen and fuel cells ,Netherlands,2025,1
Annual,Number,Hydrogen and fuel cells ,Norway,2013,3
Annual,Number,Hydrogen and fuel cells ,Norway,2014,4
Annual,Number,Hydrogen and fuel cells ,Norway,2015,9
Annual,Number,Hydrogen and fuel cells ,Norway,2016,23
Annual,Number,Hydrogen and fuel cells ,Norway,2017,55
Annual,Number,Hydrogen and fuel cells ,Norway,2018,50
Annual,Number,Hydrogen and fuel cells ,Norway,2019,29
Annual,Number,Hydrogen and fuel cells ,Norway,2020,16
Annual,Number,Hydrogen and fuel cells ,Norway,2021,36
Annual,Number,Hydrogen and fuel cells ,Norway,2022,27
Annual,Number,Hydrogen and fuel cells ,Norway,2023,2
Annual,Number,Hydrogen and fuel cells ,Norway,2024,9
Annual,Number,Hydrogen and fuel cells ,Norway,2025,0
Annual,Number,Hydrogen and fuel cells ,Poland,2013,0
Annual,Number,Hydrogen and fuel cells ,Poland,2014,0
Annual,Number,Hydrogen and fuel cells ,Poland,2015,0
Annual,Number,Hydrogen and fuel cells ,Poland,2016,0
Annual,Number,Hydrogen and fuel cells ,Poland,2017,0
Annual,Number,Hydrogen and fuel cells ,Poland,2018,0
Annual,Number,Hydrogen and fuel cells ,Poland,2019,0
Annual,Number,Hydrogen and fuel cells ,Poland,2020,0
Annual,Number,Hydrogen and fuel cells ,Poland,2021,74
Annual,Number,Hydrogen and fuel cells ,Poland,2022,41
Annual,Number,Hydrogen and fuel cells ,Poland,2023,83
Annual,Number,Hydrogen and fuel cells ,Poland,2024,12
Annual,Number,Hydrogen and fuel cells ,Poland,2025,121
Annual,Number,Hydrogen and fuel cells ,Portugal,2013,0
Annual,Number,Hydrogen and fuel cells ,Portugal,2014,0
Annual,Number,Hydrogen and fuel cells ,Portugal,2015,0
Annual,Number,Hydrogen and fuel cells ,Portugal,2016,0
Annual,Number,Hydrogen and fuel cells ,Portugal,2017,0
Annual,Number,Hydrogen and fuel cells ,Portugal,2018,0
Annual,Number,Hydrogen and fuel cells ,Portugal,2019,0
Annual,Number,Hydrogen and fuel cells ,Portugal,2020,0
Annual,Number,Hydrogen and fuel cells ,Portugal,2021,3
Annual,Number,Hydrogen and fuel cells ,Portugal,2022,0
Annual,Number,Hydrogen and fuel cells ,Portugal,2023,0
Annual,Number,Hydrogen and fuel cells ,Portugal,2024,0
Annual,Number,Hydrogen and fuel cells ,Portugal,2025,0
Annual,Number,Hydrogen and fuel cells ,Romania,2013,0
Annual,Number,Hydrogen and fuel cells ,Romania,2014,0
Annual,Number,Hydrogen and fuel cells ,Romania,2015,0
Annual,Number,Hydrogen and fuel cells ,Romania,2016,0
Annual,Number,Hydrogen and fuel cells ,Romania,2017,0
Annual,Number,Hydrogen and fuel cells ,Romania,2018,0
Annual,Number,Hydrogen and fuel cells ,Romania,2019,0
Annual,Number,Hydrogen and fuel cells ,Romania,2020,0
Annual,Number,Hydrogen and fuel cells ,Romania,2021,0
Annual,Number,Hydrogen and fuel cells ,Romania,2022,0
Annual,Number,Hydrogen and fuel cells ,Romania,2023,0
Annual,Number,Hydrogen and fuel cells ,Romania,2024,0
Annual,Number,Hydrogen and fuel cells ,Romania,2025,0
Annual,Number,Hydrogen and fuel cells ,Serbia,2019,0
Annual,Number,Hydrogen and fuel cells ,Serbia,2020,0
Annual,Number,Hydrogen and fuel cells ,Serbia,2021,0
Annual,Number,Hydrogen and fuel cells ,Serbia,2022,0
Annual,Number,Hydrogen and fuel cells ,Serbia,2023,0
Annual,Number,Hydrogen and fuel cells ,Serbia,2024,0
Annual,Number,Hydrogen and fuel cells ,Serbia,2025,0
Annual,Number,Hydrogen and fuel cells ,Sweden,2013,3
Annual,Number,Hydrogen and fuel cells ,Sweden,2014,0
Annual,Number,Hydrogen and fuel cells ,Sweden,2015,1
Annual,Number,Hydrogen and fuel cells ,Sweden,2016,19
Annual,Number,Hydrogen and fuel cells ,Sweden,2017,14
Annual,Number,Hydrogen and fuel cells ,Sweden,2018,5
Annual,Number,Hydrogen and fuel cells ,Sweden,2019,2
Annual,Number,Hydrogen and fuel cells ,Sweden,2020,5
Annual,Number,Hydrogen and fuel cells ,Sweden,2021,16
Annual,Number,Hydrogen and fuel cells ,Sweden,2022,2
Annual,Number,Hydrogen and fuel cells ,Sweden,2023,2
Annual,Number,Hydrogen and fuel cells ,Sweden,2024,7
Annual,Number,Hydrogen and fuel cells ,Sweden,2025,3
Annual,Number,Hydrogen and fuel cells ,Slovenia,2013,0
Annual,Number,Hydrogen and fuel cells ,Slovenia,2014,0
Annual,Number,Hydrogen and fuel cells ,Slovenia,2015,0
Annual,Number,Hydrogen and fuel cells ,Slovenia,2016,0
Annual,Number,Hydrogen and fuel cells ,Slovenia,2017,0
Annual,Number,Hydrogen and fuel cells ,Slovenia,2018,0
Annual,Number,Hydrogen and fuel cells ,Slovenia,2019,0
Annual,Number,Hydrogen and fuel cells ,Slovenia,2020,0
Annual,Number,Hydrogen and fuel cells ,Slovenia,2021,0
Annual,Number,Hydrogen and fuel cells ,Slovenia,2022,0
Annual,Number,Hydrogen and fuel cells ,Slovenia,2023,0
Annual,Number,Hydrogen and fuel cells ,Slovenia,2024,0
Annual,Number,Hydrogen and fuel cells ,Slovenia,2025,0
Annual,Number,Hydrogen and fuel cells ,Slovakia,2013,0
Annual,Number,Hydrogen and fuel cells ,Slovakia,2014,0
Annual,Number,Hydrogen and fuel cells ,Slovakia,2015,0
Annual,Number,Hydrogen and fuel cells ,Slovakia,2016,0
Annual,Number,Hydrogen and fuel cells ,Slovakia,2017,0
Annual,Number,Hydrogen and fuel cells ,Slovakia,2018,0
Annual,Number,Hydrogen and fuel cells ,Slovakia,2019,0
Annual,Number,Hydrogen and fuel cells ,Slovakia,2020,0
Annual,Number,Hydrogen and fuel cells ,Slovakia,2021,2
Annual,Number,Hydrogen and fuel cells ,Slovakia,2022,1
Annual,Number,Hydrogen and fuel cells ,Slovakia,2023,1
Annual,Number,Hydrogen and fuel cells ,Slovakia,2024,0
Annual,Number,Hydrogen and fuel cells ,Slovakia,2025,1
Annual,Number,Hydrogen and fuel cells ,Türkiye,2017,0
Annual,Number,Hydrogen and fuel cells ,Türkiye,2018,0
Annual,Number,Hydrogen and fuel cells ,Türkiye,2019,0
Annual,Number,Hydrogen and fuel cells ,Türkiye,2020,0
Annual,Number,Hydrogen and fuel cells ,Türkiye,2021,0
Annual,Number,Hydrogen and fuel cells ,Türkiye,2022,0
Annual,Number,Hydrogen and fuel cells ,Türkiye,2023,0
Annual,Number,Hydrogen and fuel cells ,Türkiye,2024,0
Annual,Number,Hydrogen and fuel cells ,Türkiye,2025,0
Annual,Number,Hydrogen and fuel cells ,Ukraine,2024,0
Annual,Number,Hydrogen and fuel cells ,Ukraine,2025,0
Annual,Number,Hydrogen and fuel cells ,United Kingdom,2016,7
Annual,Number,Hydrogen and fuel cells ,United Kingdom,2017,35
Annual,Number,Hydrogen and fuel cells ,United Kingdom,2018,37
Annual,Number,Hydrogen and fuel cells ,United Kingdom,2021,12
Annual,Number,Hydrogen and fuel cells ,United Kingdom,2022,8
Annual,Number,Hydrogen and fuel cells ,Kosovo*,2017,0
Annual,Number,Hydrogen and fuel cells ,Kosovo*,2018,0
Annual,Number,Hydrogen and fuel cells ,Kosovo*,2019,0
Annual,Number,Hydrogen and fuel cells ,Kosovo*,2021,0
Annual,Number,Hydrogen and fuel cells ,Kosovo*,2025,0
Annual,Number,Liquefied petroleum gases (LPG),Albania,2019,49
Annual,Number,Liquefied petroleum gases (LPG),Albania,2020,133
Annual,Number,Liquefied petroleum gases (LPG),Albania,2021,130
Annual,Number,Liquefied petroleum gases (LPG),Albania,2022,58
Annual,Number,Liquefied petroleum gases (LPG),Albania,2023,171
Annual,Number,Liquefied petroleum gases (LPG),Albania,2024,429
Annual,Number,Liquefied petroleum gases (LPG),Austria,2013,0
Annual,Number,Liquefied petroleum gases (LPG),Austria,2014,0
Annual,Number,Liquefied petroleum gases (LPG),Austria,2015,0
Annual,Number,Liquefied petroleum gases (LPG),Austria,2016,0
Annual,Number,Liquefied petroleum gases (LPG),Austria,2018,0
Annual,Number,Liquefied petroleum gases (LPG),Austria,2019,0
Annual,Number,Liquefied petroleum gases (LPG),Austria,2020,0
Annual,Number,Liquefied petroleum gases (LPG),Austria,2021,0
Annual,Number,Liquefied petroleum gases (LPG),Austria,2022,0
Annual,Number,Liquefied petroleum gases (LPG),Austria,2023,0
Annual,Number,Liquefied petroleum gases (LPG),Austria,2024,0
Annual,Number,Liquefied petroleum gases (LPG),Austria,2025,0
Annual,Number,Liquefied petroleum gases (LPG),Bosnia and Herzegovina,2013,0
Annual,Number,Liquefied petroleum gases (LPG),Bosnia and Herzegovina,2014,0
Annual,Number,Liquefied petroleum gases (LPG),Bosnia and Herzegovina,2015,0
Annual,Number,Liquefied petroleum gases (LPG),Bosnia and Herzegovina,2016,0
Annual,Number,Liquefied petroleum gases (LPG),Bosnia and Herzegovina,2017,0
Annual,Number,Liquefied petroleum gases (LPG),Bosnia and Herzegovina,2018,0
Annual,Number,Liquefied petroleum gases (LPG),Bosnia and Herzegovina,2019,0
Annual,Number,Liquefied petroleum gases (LPG),Bosnia and Herzegovina,2020,0
Annual,Number,Liquefied petroleum gases (LPG),Bosnia and Herzegovina,2021,1
Annual,Number,Liquefied petroleum gases (LPG),Bosnia and Herzegovina,2022,0
Annual,Number,Liquefied petroleum gases (LPG),Bosnia and Herzegovina,2023,1
Annual,Number,Liquefied petroleum gases (LPG),Bosnia and Herzegovina,2024,1
Annual,Number,Liquefied petroleum gases (LPG),Bosnia and Herzegovina,2025,170
Annual,Number,Liquefied petroleum gases (LPG),Belgium,2013,21
Annual,Number,Liquefied petroleum gases (LPG),Belgium,2014,7
Annual,Number,Liquefied petroleum gases (LPG),Belgium,2015,5
Annual,Number,Liquefied petroleum gases (LPG),Belgium,2016,4
Annual,Number,Liquefied petroleum gases (LPG),Belgium,2017,2
Annual,Number,Liquefied petroleum gases (LPG),Belgium,2018,1
Annual,Number,Liquefied petroleum gases (LPG),Belgium,2019,0
Annual,Number,Liquefied petroleum gases (LPG),Belgium,2020,0
Annual,Number,Liquefied petroleum gases (LPG),Belgium,2021,1
Annual,Number,Liquefied petroleum gases (LPG),Belgium,2022,0
Annual,Number,Liquefied petroleum gases (LPG),Belgium,2023,0
Annual,Number,Liquefied petroleum gases (LPG),Belgium,2024,0
Annual,Number,Liquefied petroleum gases (LPG),Belgium,2025,3162
Annual,Number,Liquefied petroleum gases (LPG),Bulgaria,2013,40
Annual,Number,Liquefied petroleum gases (LPG),Bulgaria,2015,116
Annual,Number,Liquefied petroleum gases (LPG),Bulgaria,2016,502
Annual,Number,Liquefied petroleum gases (LPG),Bulgaria,2017,465
Annual,Number,Liquefied petroleum gases (LPG),Bulgaria,2019,1769
Annual,Number,Liquefied petroleum gases (LPG),Bulgaria,2020,3
Annual,Number,Liquefied petroleum gases (LPG),Bulgaria,2021,2
Annual,Number,Liquefied petroleum gases (LPG),Bulgaria,2022,4
Annual,Number,Liquefied petroleum gases (LPG),Bulgaria,2023,28
Annual,Number,Liquefied petroleum gases (LPG),Bulgaria,2024,121
Annual,Number,Liquefied petroleum gases (LPG),Bulgaria,2025,51
Annual,Number,Liquefied petroleum gases (LPG),Switzerland,2013,3
Annual,Number,Liquefied petroleum gases (LPG),Switzerland,2014,7
Annual,Number,Liquefied petroleum gases (LPG),Switzerland,2015,34
Annual,Number,Liquefied petroleum gases (LPG),Switzerland,2016,6
Annual,Number,Liquefied petroleum gases (LPG),Switzerland,2017,7
Annual,Number,Liquefied petroleum gases (LPG),Switzerland,2018,4
Annual,Number,Liquefied petroleum gases (LPG),Switzerland,2019,7
Annual,Number,Liquefied petroleum gases (LPG),Switzerland,2020,3
Annual,Number,Liquefied petroleum gases (LPG),Switzerland,2021,7
Annual,Number,Liquefied petroleum gases (LPG),Switzerland,2022,3
Annual,Number,Liquefied petroleum gases (LPG),Switzerland,2023,3
Annual,Number,Liquefied petroleum gases (LPG),Switzerland,2025,6
Annual,Number,Liquefied petroleum gases (LPG),Cyprus,2013,0
Annual,Number,Liquefied petroleum gases (LPG),Cyprus,2014,0
Annual,Number,Liquefied petroleum gases (LPG),Cyprus,2015,0
Annual,Number,Liquefied petroleum gases (LPG),Cyprus,2016,0
Annual,Number,Liquefied petroleum gases (LPG),Cyprus,2017,0
Annual,Number,Liquefied petroleum gases (LPG),Cyprus,2018,0
Annual,Number,Liquefied petroleum gases (LPG),Cyprus,2019,0
Annual,Number,Liquefied petroleum gases (LPG),Cyprus,2020,0
Annual,Number,Liquefied petroleum gases (LPG),Cyprus,2021,0
Annual,Number,Liquefied petroleum gases (LPG),Cyprus,2022,0
Annual,Number,Liquefied petroleum gases (LPG),Cyprus,2023,0
Annual,Number,Liquefied petroleum gases (LPG),Cyprus,2024,0
Annual,Number,Liquefied petroleum gases (LPG),Cyprus,2025,0
Annual,Number,Liquefied petroleum gases (LPG),Czechia,2020,1278
Annual,Number,Liquefied petroleum gases (LPG),Czechia,2021,0
Annual,Number,Liquefied petroleum gases (LPG),Czechia,2022,3991
Annual,Number,Liquefied petroleum gases (LPG),Czechia,2023,3622
Annual,Number,Liquefied petroleum gases (LPG),Czechia,2024,4451
Annual,Number,Liquefied petroleum gases (LPG),Czechia,2025,6009
Annual,Number,Liquefied petroleum gases (LPG),Germany,2013,6257
Annual,Number,Liquefied petroleum gases (LPG),Germany,2014,6234
Annual,Number,Liquefied petroleum gases (LPG),Germany,2015,4716
Annual,Number,Liquefied petroleum gases (LPG),Germany,2016,2990
Annual,Number,Liquefied petroleum gases (LPG),Germany,2017,4400
Annual,Number,Liquefied petroleum gases (LPG),Germany,2018,4663
Annual,Number,Liquefied petroleum gases (LPG),Germany,2019,7256
Annual,Number,Liquefied petroleum gases (LPG),Germany,2020,6543
Annual,Number,Liquefied petroleum gases (LPG),Germany,2021,10118
Annual,Number,Liquefied petroleum gases (LPG),Germany,2022,15006
Annual,Number,Liquefied petroleum gases (LPG),Germany,2023,13147
Annual,Number,Liquefied petroleum gases (LPG),Germany,2024,13711
Annual,Number,Liquefied petroleum gases (LPG),Germany,2025,12079
Annual,Number,Liquefied petroleum gases (LPG),Denmark,2013,0
Annual,Number,Liquefied petroleum gases (LPG),Denmark,2014,0
Annual,Number,Liquefied petroleum gases (LPG),Denmark,2015,0
Annual,Number,Liquefied petroleum gases (LPG),Denmark,2016,0
Annual,Number,Liquefied petroleum gases (LPG),Denmark,2017,0
Annual,Number,Liquefied petroleum gases (LPG),Denmark,2018,0
Annual,Number,Liquefied petroleum gases (LPG),Denmark,2019,0
Annual,Number,Liquefied petroleum gases (LPG),Denmark,2020,0
Annual,Number,Liquefied petroleum gases (LPG),Denmark,2021,0
Annual,Number,Liquefied petroleum gases (LPG),Denmark,2022,0
Annual,Number,Liquefied petroleum gases (LPG),Denmark,2023,0
Annual,Number,Liquefied petroleum gases (LPG),Denmark,2024,0
Annual,Number,Liquefied petroleum gases (LPG),Denmark,2025,0
Annual,Number,Liquefied petroleum gases (LPG),Estonia,2013,1
Annual,Number,Liquefied petroleum gases (LPG),Estonia,2014,0
Annual,Number,Liquefied petroleum gases (LPG),Estonia,2015,0
Annual,Number,Liquefied petroleum gases (LPG),Estonia,2016,0
Annual,Number,Liquefied petroleum gases (LPG),Estonia,2017,0
Annual,Number,Liquefied petroleum gases (LPG),Estonia,2018,0
Annual,Number,Liquefied petroleum gases (LPG),Estonia,2019,0
Annual,Number,Liquefied petroleum gases (LPG),Estonia,2020,0
Annual,Number,Liquefied petroleum gases (LPG),Estonia,2021,0
Annual,Number,Liquefied petroleum gases (LPG),Estonia,2022,0
Annual,Number,Liquefied petroleum gases (LPG),Estonia,2023,0
Annual,Number,Liquefied petroleum gases (LPG),Estonia,2024,0
Annual,Number,Liquefied petroleum gases (LPG),Estonia,2025,0
Annual,Number,Liquefied petroleum gases (LPG),Greece,2023,0
Annual,Number,Liquefied petroleum gases (LPG),Greece,2024,0
Annual,Number,Liquefied petroleum gases (LPG),Greece,2025,4621
Annual,Number,Liquefied petroleum gases (LPG),Spain,2014,1108
Annual,Number,Liquefied petroleum gases (LPG),Spain,2015,2317
Annual,Number,Liquefied petroleum gases (LPG),Spain,2016,133
Annual,Number,Liquefied petroleum gases (LPG),Spain,2017,136
Annual,Number,Liquefied petroleum gases (LPG),Spain,2018,269
Annual,Number,Liquefied petroleum gases (LPG),Spain,2019,717
Annual,Number,Liquefied petroleum gases (LPG),Spain,2020,232
Annual,Number,Liquefied petroleum gases (LPG),Spain,2021,139
Annual,Number,Liquefied petroleum gases (LPG),Spain,2022,271
Annual,Number,Liquefied petroleum gases (LPG),Spain,2023,452
Annual,Number,Liquefied petroleum gases (LPG),Spain,2024,616
Annual,Number,Liquefied petroleum gases (LPG),Spain,2025,313
Annual,Number,Liquefied petroleum gases (LPG),Finland,2013,0
Annual,Number,Liquefied petroleum gases (LPG),Finland,2014,0
Annual,Number,Liquefied petroleum gases (LPG),Finland,2015,0
Annual,Number,Liquefied petroleum gases (LPG),Finland,2016,0
Annual,Number,Liquefied petroleum gases (LPG),Finland,2017,0
Annual,Number,Liquefied petroleum gases (LPG),Finland,2018,0
Annual,Number,Liquefied petroleum gases (LPG),Finland,2019,0
Annual,Number,Liquefied petroleum gases (LPG),Finland,2020,0
Annual,Number,Liquefied petroleum gases (LPG),Finland,2021,0
Annual,Number,Liquefied petroleum gases (LPG),Finland,2022,0
Annual,Number,Liquefied petroleum gases (LPG),Finland,2023,0
Annual,Number,Liquefied petroleum gases (LPG),Finland,2024,0
Annual,Number,Liquefied petroleum gases (LPG),Finland,2025,0
Annual,Number,Liquefied petroleum gases (LPG),France,2013,0
Annual,Number,Liquefied petroleum gases (LPG),France,2014,0
Annual,Number,Liquefied petroleum gases (LPG),France,2015,0
Annual,Number,Liquefied petroleum gases (LPG),France,2016,47
Annual,Number,Liquefied petroleum gases (LPG),France,2017,0
Annual,Number,Liquefied petroleum gases (LPG),France,2018,1
Annual,Number,Liquefied petroleum gases (LPG),France,2019,1
Annual,Number,Liquefied petroleum gases (LPG),France,2020,0
Annual,Number,Liquefied petroleum gases (LPG),France,2021,0
Annual,Number,Liquefied petroleum gases (LPG),France,2022,0
Annual,Number,Liquefied petroleum gases (LPG),France,2023,0
Annual,Number,Liquefied petroleum gases (LPG),Georgia,2018,0
Annual,Number,Liquefied petroleum gases (LPG),Georgia,2019,0
Annual,Number,Liquefied petroleum gases (LPG),Georgia,2020,0
Annual,Number,Liquefied petroleum gases (LPG),Georgia,2021,0
Annual,Number,Liquefied petroleum gases (LPG),Georgia,2022,0
Annual,Number,Liquefied petroleum gases (LPG),Georgia,2023,0
Annual,Number,Liquefied petroleum gases (LPG),Georgia,2024,0
Annual,Number,Liquefied petroleum gases (LPG),Georgia,2025,0
Annual,Number,Liquefied petroleum gases (LPG),Croatia,2016,2
Annual,Number,Liquefied petroleum gases (LPG),Croatia,2020,1
Annual,Number,Liquefied petroleum gases (LPG),Croatia,2021,1
Annual,Number,Liquefied petroleum gases (LPG),Croatia,2022,1
Annual,Number,Liquefied petroleum gases (LPG),Croatia,2023,1
Annual,Number,Liquefied petroleum gases (LPG),Croatia,2024,0
Annual,Number,Liquefied petroleum gases (LPG),Croatia,2025,611
Annual,Number,Liquefied petroleum gases (LPG),Hungary,2013,1
Annual,Number,Liquefied petroleum gases (LPG),Hungary,2014,0
Annual,Number,Liquefied petroleum gases (LPG),Hungary,2015,0
Annual,Number,Liquefied petroleum gases (LPG),Hungary,2016,0
Annual,Number,Liquefied petroleum gases (LPG),Hungary,2017,0
Annual,Number,Liquefied petroleum gases (LPG),Hungary,2018,0
Annual,Number,Liquefied petroleum gases (LPG),Hungary,2019,0
Annual,Number,Liquefied petroleum gases (LPG),Hungary,2020,0
Annual,Number,Liquefied petroleum gases (LPG),Hungary,2021,0
Annual,Number,Liquefied petroleum gases (LPG),Hungary,2022,0
Annual,Number,Liquefied petroleum gases (LPG),Hungary,2023,0
Annual,Number,Liquefied petroleum gases (LPG),Hungary,2024,0
Annual,Number,Liquefied petroleum gases (LPG),Ireland,2022,140
Annual,Number,Liquefied petroleum gases (LPG),Iceland,2025,0
Annual,Number,Liquefied petroleum gases (LPG),Italy,2013,115838
Annual,Number,Liquefied petroleum gases (LPG),Italy,2014,124092
Annual,Number,Liquefied petroleum gases (LPG),Italy,2015,120728
Annual,Number,Liquefied petroleum gases (LPG),Italy,2016,101619
Annual,Number,Liquefied petroleum gases (LPG),Italy,2017,128765
Annual,Number,Liquefied petroleum gases (LPG),Italy,2018,126778
Annual,Number,Liquefied petroleum gases (LPG),Italy,2019,137096
Annual,Number,Liquefied petroleum gases (LPG),Italy,2020,94989
Annual,Number,Liquefied petroleum gases (LPG),Italy,2021,108090
Annual,Number,Liquefied petroleum gases (LPG),Italy,2022,118415
Annual,Number,Liquefied petroleum gases (LPG),Italy,2023,141624
Annual,Number,Liquefied petroleum gases (LPG),Italy,2024,146654
Annual,Number,Liquefied petroleum gases (LPG),Italy,2025,143108
Annual,Number,Liquefied petroleum gases (LPG),Liechtenstein,2013,0
Annual,Number,Liquefied petroleum gases (LPG),Liechtenstein,2014,0
Annual,Number,Liquefied petroleum gases (LPG),Liechtenstein,2015,0
Annual,Number,Liquefied petroleum gases (LPG),Liechtenstein,2016,1
Annual,Number,Liquefied petroleum gases (LPG),Liechtenstein,2017,0
Annual,Number,Liquefied petroleum gases (LPG),Liechtenstein,2018,0
Annual,Number,Liquefied petroleum gases (LPG),Liechtenstein,2019,0
Annual,Number,Liquefied petroleum gases (LPG),Liechtenstein,2020,0
Annual,Number,Liquefied petroleum gases (LPG),Liechtenstein,2021,0
Annual,Number,Liquefied petroleum gases (LPG),Liechtenstein,2022,0
Annual,Number,Liquefied petroleum gases (LPG),Liechtenstein,2023,0
Annual,Number,Liquefied petroleum gases (LPG),Liechtenstein,2024,0
Annual,Number,Liquefied petroleum gases (LPG),Liechtenstein,2025,0
Annual,Number,Liquefied petroleum gases (LPG),Lithuania,2013,0
Annual,Number,Liquefied petroleum gases (LPG),Lithuania,2014,14
Annual,Number,Liquefied petroleum gases (LPG),Lithuania,2015,0
Annual,Number,Liquefied petroleum gases (LPG),Lithuania,2016,0
Annual,Number,Liquefied petroleum gases (LPG),Lithuania,2017,0
Annual,Number,Liquefied petroleum gases (LPG),Lithuania,2018,1
Annual,Number,Liquefied petroleum gases (LPG),Lithuania,2019,1
Annual,Number,Liquefied petroleum gases (LPG),Lithuania,2020,1
Annual,Number,Liquefied petroleum gases (LPG),Lithuania,2021,0
Annual,Number,Liquefied petroleum gases (LPG),Lithuania,2022,1
Annual,Number,Liquefied petroleum gases (LPG),Lithuania,2023,1
Annual,Number,Liquefied petroleum gases (LPG),Lithuania,2024,1
Annual,Number,Liquefied petroleum gases (LPG),Lithuania,2025,1
Annual,Number,Liquefied petroleum gases (LPG),Luxembourg,2021,0
Annual,Number,Liquefied petroleum gases (LPG),Luxembourg,2022,0
Annual,Number,Liquefied petroleum gases (LPG),Luxembourg,2023,0
Annual,Number,Liquefied petroleum gases (LPG),Luxembourg,2024,1
Annual,Number,Liquefied petroleum gases (LPG),Luxembourg,2025,26
Annual,Number,Liquefied petroleum gases (LPG),Latvia,2016,77
Annual,Number,Liquefied petroleum gases (LPG),Latvia,2017,78
Annual,Number,Liquefied petroleum gases (LPG),Latvia,2018,56
Annual,Number,Liquefied petroleum gases (LPG),Latvia,2019,120
Annual,Number,Liquefied petroleum gases (LPG),Latvia,2020,106
Annual,Number,Liquefied petroleum gases (LPG),Latvia,2021,264
Annual,Number,Liquefied petroleum gases (LPG),Latvia,2022,320
Annual,Number,Liquefied petroleum gases (LPG),Latvia,2023,388
Annual,Number,Liquefied petroleum gases (LPG),Latvia,2024,378
Annual,Number,Liquefied petroleum gases (LPG),Latvia,2025,406
Annual,Number,Liquefied petroleum gases (LPG),Moldova,2013,1555
Annual,Number,Liquefied petroleum gases (LPG),Moldova,2014,1204
Annual,Number,Liquefied petroleum gases (LPG),Moldova,2015,712
Annual,Number,Liquefied petroleum gases (LPG),Moldova,2016,605
Annual,Number,Liquefied petroleum gases (LPG),Moldova,2017,1440
Annual,Number,Liquefied petroleum gases (LPG),Moldova,2018,467
Annual,Number,Liquefied petroleum gases (LPG),Moldova,2019,431
Annual,Number,Liquefied petroleum gases (LPG),Moldova,2020,276
Annual,Number,Liquefied petroleum gases (LPG),Moldova,2021,524
Annual,Number,Liquefied petroleum gases (LPG),Moldova,2022,401
Annual,Number,Liquefied petroleum gases (LPG),Moldova,2023,389
Annual,Number,Liquefied petroleum gases (LPG),Moldova,2024,549
Annual,Number,Liquefied petroleum gases (LPG),Moldova,2025,644
Annual,Number,Liquefied petroleum gases (LPG),Montenegro,2016,12
Annual,Number,Liquefied petroleum gases (LPG),Montenegro,2019,6
Annual,Number,Liquefied petroleum gases (LPG),Montenegro,2021,22
Annual,Number,Liquefied petroleum gases (LPG),Montenegro,2022,15
Annual,Number,Liquefied petroleum gases (LPG),Montenegro,2023,25
Annual,Number,Liquefied petroleum gases (LPG),Montenegro,2024,70
Annual,Number,Liquefied petroleum gases (LPG),Montenegro,2025,38
Annual,Number,Liquefied petroleum gases (LPG),Malta,2013,0
Annual,Number,Liquefied petroleum gases (LPG),Malta,2014,1
Annual,Number,Liquefied petroleum gases (LPG),Malta,2015,0
Annual,Number,Liquefied petroleum gases (LPG),Malta,2016,0
Annual,Number,Liquefied petroleum gases (LPG),Malta,2017,0
Annual,Number,Liquefied petroleum gases (LPG),Malta,2018,0
Annual,Number,Liquefied petroleum gases (LPG),Malta,2019,0
Annual,Number,Liquefied petroleum gases (LPG),Malta,2020,0
Annual,Number,Liquefied petroleum gases (LPG),Malta,2021,0
Annual,Number,Liquefied petroleum gases (LPG),Malta,2022,0
Annual,Number,Liquefied petroleum gases (LPG),Malta,2023,0
Annual,Number,Liquefied petroleum gases (LPG),Malta,2024,0
Annual,Number,Liquefied petroleum gases (LPG),Malta,2025,0
Annual,Number,Liquefied petroleum gases (LPG),Netherlands,2013,2081
Annual,Number,Liquefied petroleum gases (LPG),Netherlands,2014,998
Annual,Number,Liquefied petroleum gases (LPG),Netherlands,2015,362
Annual,Number,Liquefied petroleum gases (LPG),Netherlands,2016,860
Annual,Number,Liquefied petroleum gases (LPG),Netherlands,2017,1200
Annual,Number,Liquefied petroleum gases (LPG),Netherlands,2018,969
Annual,Number,Liquefied petroleum gases (LPG),Netherlands,2019,520
Annual,Number,Liquefied petroleum gases (LPG),Netherlands,2020,1921
Annual,Number,Liquefied petroleum gases (LPG),Netherlands,2021,2229
Annual,Number,Liquefied petroleum gases (LPG),Netherlands,2022,2285
Annual,Number,Liquefied petroleum gases (LPG),Netherlands,2023,2362
Annual,Number,Liquefied petroleum gases (LPG),Netherlands,2024,2189
Annual,Number,Liquefied petroleum gases (LPG),Netherlands,2025,1366
Annual,Number,Liquefied petroleum gases (LPG),Norway,2018,0
Annual,Number,Liquefied petroleum gases (LPG),Norway,2019,0
Annual,Number,Liquefied petroleum gases (LPG),Norway,2020,2
Annual,Number,Liquefied petroleum gases (LPG),Norway,2021,0
Annual,Number,Liquefied petroleum gases (LPG),Norway,2022,0
Annual,Number,Liquefied petroleum gases (LPG),Norway,2023,0
Annual,Number,Liquefied petroleum gases (LPG),Norway,2024,0
Annual,Number,Liquefied petroleum gases (LPG),Norway,2025,0
Annual,Number,Liquefied petroleum gases (LPG),Poland,2013,3472
Annual,Number,Liquefied petroleum gases (LPG),Poland,2014,4777
Annual,Number,Liquefied petroleum gases (LPG),Poland,2015,5500
Annual,Number,Liquefied petroleum gases (LPG),Poland,2016,6500
Annual,Number,Liquefied petroleum gases (LPG),Poland,2017,10100
Annual,Number,Liquefied petroleum gases (LPG),Poland,2018,7500
Annual,Number,Liquefied petroleum gases (LPG),Poland,2019,8100
Annual,Number,Liquefied petroleum gases (LPG),Poland,2020,9100
Annual,Number,Liquefied petroleum gases (LPG),Poland,2021,13500
Annual,Number,Liquefied petroleum gases (LPG),Poland,2022,12200
Annual,Number,Liquefied petroleum gases (LPG),Poland,2023,12513
Annual,Number,Liquefied petroleum gases (LPG),Poland,2024,16550
Annual,Number,Liquefied petroleum gases (LPG),Poland,2025,19056
Annual,Number,Liquefied petroleum gases (LPG),Portugal,2017,1795
Annual,Number,Liquefied petroleum gases (LPG),Portugal,2018,1894
Annual,Number,Liquefied petroleum gases (LPG),Portugal,2019,2239
Annual,Number,Liquefied petroleum gases (LPG),Portugal,2020,1878
Annual,Number,Liquefied petroleum gases (LPG),Portugal,2021,3614
Annual,Number,Liquefied petroleum gases (LPG),Portugal,2022,5521
Annual,Number,Liquefied petroleum gases (LPG),Portugal,2023,11321
Annual,Number,Liquefied petroleum gases (LPG),Portugal,2024,15121
Annual,Number,Liquefied petroleum gases (LPG),Portugal,2025,20349
Annual,Number,Liquefied petroleum gases (LPG),Romania,2025,22468
Annual,Number,Liquefied petroleum gases (LPG),Serbia,2019,0
Annual,Number,Liquefied petroleum gases (LPG),Serbia,2020,0
Annual,Number,Liquefied petroleum gases (LPG),Serbia,2021,0
Annual,Number,Liquefied petroleum gases (LPG),Serbia,2022,3
Annual,Number,Liquefied petroleum gases (LPG),Serbia,2023,10
Annual,Number,Liquefied petroleum gases (LPG),Serbia,2024,2
Annual,Number,Liquefied petroleum gases (LPG),Serbia,2025,987
Annual,Number,Liquefied petroleum gases (LPG),Sweden,2013,1
Annual,Number,Liquefied petroleum gases (LPG),Sweden,2014,0
Annual,Number,Liquefied petroleum gases (LPG),Sweden,2015,0
Annual,Number,Liquefied petroleum gases (LPG),Sweden,2016,0
Annual,Number,Liquefied petroleum gases (LPG),Sweden,2017,0
Annual,Number,Liquefied petroleum gases (LPG),Sweden,2018,0
Annual,Number,Liquefied petroleum gases (LPG),Sweden,2019,0
Annual,Number,Liquefied petroleum gases (LPG),Sweden,2020,0
Annual,Number,Liquefied petroleum gases (LPG),Sweden,2021,0
Annual,Number,Liquefied petroleum gases (LPG),Sweden,2022,0
Annual,Number,Liquefied petroleum gases (LPG),Sweden,2023,0
Annual,Number,Liquefied petroleum gases (LPG),Sweden,2024,0
Annual,Number,Liquefied petroleum gases (LPG),Sweden,2025,0
Annual,Number,Liquefied petroleum gases (LPG),Slovenia,2014,232
Annual,Number,Liquefied petroleum gases (LPG),Slovenia,2015,199
Annual,Number,Liquefied petroleum gases (LPG),Slovenia,2016,290
Annual,Number,Liquefied petroleum gases (LPG),Slovenia,2017,335
Annual,Number,Liquefied petroleum gases (LPG),Slovenia,2018,148
Annual,Number,Liquefied petroleum gases (LPG),Slovenia,2019,90
Annual,Number,Liquefied petroleum gases (LPG),Slovenia,2020,137
Annual,Number,Liquefied petroleum gases (LPG),Slovenia,2021,557
Annual,Number,Liquefied petroleum gases (LPG),Slovenia,2022,689
Annual,Number,Liquefied petroleum gases (LPG),Slovenia,2023,504
Annual,Number,Liquefied petroleum gases (LPG),Slovenia,2024,833
Annual,Number,Liquefied petroleum gases (LPG),Slovenia,2025,483
Annual,Number,Liquefied petroleum gases (LPG),Slovakia,2015,0
Annual,Number,Liquefied petroleum gases (LPG),Slovakia,2016,293
Annual,Number,Liquefied petroleum gases (LPG),Slovakia,2017,646
Annual,Number,Liquefied petroleum gases (LPG),Slovakia,2018,561
Annual,Number,Liquefied petroleum gases (LPG),Slovakia,2019,239
Annual,Number,Liquefied petroleum gases (LPG),Slovakia,2020,540
Annual,Number,Liquefied petroleum gases (LPG),Slovakia,2021,651
Annual,Number,Liquefied petroleum gases (LPG),Slovakia,2022,1407
Annual,Number,Liquefied petroleum gases (LPG),Slovakia,2023,1568
Annual,Number,Liquefied petroleum gases (LPG),Slovakia,2024,1810
Annual,Number,Liquefied petroleum gases (LPG),Slovakia,2025,1680
Annual,Number,Liquefied petroleum gases (LPG),Türkiye,2013,14312
Annual,Number,Liquefied petroleum gases (LPG),Türkiye,2014,11339
Annual,Number,Liquefied petroleum gases (LPG),Türkiye,2015,13288
Annual,Number,Liquefied petroleum gases (LPG),Türkiye,2016,13715
Annual,Number,Liquefied petroleum gases (LPG),Türkiye,2017,25391
Annual,Number,Liquefied petroleum gases (LPG),Türkiye,2018,26443
Annual,Number,Liquefied petroleum gases (LPG),Türkiye,2019,22545
Annual,Number,Liquefied petroleum gases (LPG),Türkiye,2020,33256
Annual,Number,Liquefied petroleum gases (LPG),Türkiye,2021,31640
Annual,Number,Liquefied petroleum gases (LPG),Türkiye,2022,11168
Annual,Number,Liquefied petroleum gases (LPG),Türkiye,2023,13099
Annual,Number,Liquefied petroleum gases (LPG),Türkiye,2024,10580
Annual,Number,Liquefied petroleum gases (LPG),Türkiye,2025,12073
Annual,Number,Liquefied petroleum gases (LPG),Ukraine,2025,148
Annual,Number,Liquefied petroleum gases (LPG),Kosovo*,2017,0
Annual,Number,Liquefied petroleum gases (LPG),Kosovo*,2018,0
Annual,Number,Liquefied petroleum gases (LPG),Kosovo*,2019,0
Annual,Number,Liquefied petroleum gases (LPG),Kosovo*,2021,0
Annual,Number,Liquefied petroleum gases (LPG),Kosovo*,2025,0
Annual,Number,Other,Albania,2019,3684
Annual,Number,Other,Albania,2020,0
Annual,Number,Other,Albania,2021,1
Annual,Number,Other,Albania,2022,0
Annual,Number,Other,Albania,2023,0
Annual,Number,Other,Austria,2013,0
Annual,Number,Other,Austria,2014,0
Annual,Number,Other,Austria,2015,0
Annual,Number,Other,Austria,2016,0
Annual,Number,Other,Austria,2017,0
Annual,Number,Other,Austria,2018,0
Annual,Number,Other,Austria,2019,0
Annual,Number,Other,Austria,2020,0
Annual,Number,Other,Austria,2021,0
Annual,Number,Other,Austria,2022,0
Annual,Number,Other,Austria,2023,0
Annual,Number,Other,Austria,2024,0
Annual,Number,Other,Austria,2025,2
Annual,Number,Other,Bosnia and Herzegovina,2013,0
Annual,Number,Other,Bosnia and Herzegovina,2014,0
Annual,Number,Other,Bosnia and Herzegovina,2015,0
Annual,Number,Other,Bosnia and Herzegovina,2016,1
Annual,Number,Other,Bosnia and Herzegovina,2017,0
Annual,Number,Other,Bosnia and Herzegovina,2018,1
Annual,Number,Other,Bosnia and Herzegovina,2019,1
Annual,Number,Other,Bosnia and Herzegovina,2020,3
Annual,Number,Other,Bosnia and Herzegovina,2021,0
Annual,Number,Other,Bosnia and Herzegovina,2022,1
Annual,Number,Other,Bosnia and Herzegovina,2023,0
Annual,Number,Other,Bosnia and Herzegovina,2024,1
Annual,Number,Other,Bosnia and Herzegovina,2025,2
Annual,Number,Other,Belgium,2013,0
Annual,Number,Other,Belgium,2014,0
Annual,Number,Other,Belgium,2015,0
Annual,Number,Other,Belgium,2016,0
Annual,Number,Other,Belgium,2017,0
Annual,Number,Other,Belgium,2018,0
Annual,Number,Other,Belgium,2019,4
Annual,Number,Other,Belgium,2020,3
Annual,Number,Other,Belgium,2021,0
Annual,Number,Other,Belgium,2022,0
Annual,Number,Other,Belgium,2023,1
Annual,Number,Other,Belgium,2024,0
Annual,Number,Other,Belgium,2025,12
Annual,Number,Other,Bulgaria,2022,17
Annual,Number,Other,Bulgaria,2024,0
Annual,Number,Other,Bulgaria,2025,149
Annual,Number,Other,Switzerland,2013,0
Annual,Number,Other,Switzerland,2014,0
Annual,Number,Other,Switzerland,2015,2
Annual,Number,Other,Switzerland,2016,1
Annual,Number,Other,Switzerland,2017,0
Annual,Number,Other,Switzerland,2018,0
Annual,Number,Other,Switzerland,2019,0
Annual,Number,Other,Switzerland,2020,0
Annual,Number,Other,Switzerland,2021,1
Annual,Number,Other,Switzerland,2022,1
Annual,Number,Other,Switzerland,2023,0
Annual,Number,Other,Switzerland,2024,3
Annual,Number,Other,Switzerland,2025,0
Annual,Number,Other,Cyprus,2013,0
Annual,Number,Other,Cyprus,2014,0
Annual,Number,Other,Cyprus,2015,0
Annual,Number,Other,Cyprus,2016,0
Annual,Number,Other,Cyprus,2017,0
Annual,Number,Other,Cyprus,2018,0
Annual,Number,Other,Cyprus,2019,0
Annual,Number,Other,Cyprus,2020,0
Annual,Number,Other,Cyprus,2021,2
Annual,Number,Other,Cyprus,2022,2
Annual,Number,Other,Cyprus,2023,0
Annual,Number,Other,Cyprus,2024,0
Annual,Number,Other,Cyprus,2025,0
Annual,Number,Other,Czechia,2021,0
Annual,Number,Other,Czechia,2025,0
Annual,Number,Other,Germany,2013,26391
Annual,Number,Other,Germany,2014,27529
Annual,Number,Other,Germany,2015,33838
Annual,Number,Other,Germany,2016,48063
Annual,Number,Other,Germany,2017,25
Annual,Number,Other,Germany,2018,28
Annual,Number,Other,Germany,2019,117
Annual,Number,Other,Germany,2020,95
Annual,Number,Other,Germany,2021,68
Annual,Number,Other,Germany,2022,74
Annual,Number,Other,Germany,2023,110
Annual,Number,Other,Germany,2024,97
Annual,Number,Other,Germany,2025,158
Annual,Number,Other,Denmark,2019,0
Annual,Number,Other,Denmark,2020,0
Annual,Number,Other,Denmark,2021,0
Annual,Number,Other,Denmark,2022,0
Annual,Number,Other,Denmark,2023,0
Annual,Number,Other,Denmark,2024,0
Annual,Number,Other,Denmark,2025,0
Annual,Number,Other,Estonia,2013,0
Annual,Number,Other,Greece,2023,0
Annual,Number,Other,Greece,2024,0
Annual,Number,Other,Spain,2014,344
Annual,Number,Other,Spain,2015,19
Annual,Number,Other,Spain,2016,771
Annual,Number,Other,Spain,2017,1635
Annual,Number,Other,Spain,2018,2631
Annual,Number,Other,Spain,2019,1570
Annual,Number,Other,Spain,2020,250
Annual,Number,Other,Spain,2021,121
Annual,Number,Other,Spain,2022,13
Annual,Number,Other,Spain,2023,7
Annual,Number,Other,Spain,2024,5
Annual,Number,Other,Spain,2025,24
Annual,Number,Other,Finland,2013,2
Annual,Number,Other,Finland,2014,0
Annual,Number,Other,Finland,2015,0
Annual,Number,Other,Finland,2016,0
Annual,Number,Other,Finland,2017,0
Annual,Number,Other,Finland,2018,0
Annual,Number,Other,Finland,2019,0
Annual,Number,Other,Finland,2021,0
Annual,Number,Other,Finland,2022,0
Annual,Number,Other,Finland,2023,0
Annual,Number,Other,Finland,2024,0
Annual,Number,Other,Finland,2025,0
Annual,Number,Other,France,2013,86
Annual,Number,Other,France,2014,38
Annual,Number,Other,France,2015,46
Annual,Number,Other,France,2016,83
Annual,Number,Other,France,2017,113
Annual,Number,Other,France,2018,11
Annual,Number,Other,France,2019,3
Annual,Number,Other,France,2020,2
Annual,Number,Other,France,2021,1
Annual,Number,Other,France,2022,1
Annual,Number,Other,France,2023,4
Annual,Number,Other,France,2024,2
Annual,Number,Other,Georgia,2017,0
Annual,Number,Other,Georgia,2018,1
Annual,Number,Other,Georgia,2019,1
Annual,Number,Other,Georgia,2020,1
Annual,Number,Other,Georgia,2021,1
Annual,Number,Other,Georgia,2022,0
Annual,Number,Other,Georgia,2023,0
Annual,Number,Other,Georgia,2024,0
Annual,Number,Other,Georgia,2025,1
Annual,Number,Other,Croatia,2013,98
Annual,Number,Other,Croatia,2014,420
Annual,Number,Other,Croatia,2015,466
Annual,Number,Other,Croatia,2016,501
Annual,Number,Other,Croatia,2017,664
Annual,Number,Other,Croatia,2018,1085
Annual,Number,Other,Croatia,2019,1922
Annual,Number,Other,Croatia,2020,607
Annual,Number,Other,Croatia,2023,0
Annual,Number,Other,Croatia,2024,0
Annual,Number,Other,Croatia,2025,0
Annual,Number,Other,Hungary,2013,5
Annual,Number,Other,Hungary,2014,14
Annual,Number,Other,Hungary,2015,10
Annual,Number,Other,Hungary,2016,11
Annual,Number,Other,Hungary,2017,9
Annual,Number,Other,Hungary,2018,0
Annual,Number,Other,Hungary,2019,1
Annual,Number,Other,Hungary,2020,1
Annual,Number,Other,Hungary,2021,0
Annual,Number,Other,Hungary,2022,2
Annual,Number,Other,Hungary,2023,40
Annual,Number,Other,Hungary,2024,110
Annual,Number,Other,Hungary,2025,639
Annual,Number,Other,Ireland,2013,591
Annual,Number,Other,Ireland,2014,958
Annual,Number,Other,Ireland,2015,1718
Annual,Number,Other,Ireland,2016,2943
Annual,Number,Other,Ireland,2018,0
Annual,Number,Other,Ireland,2019,1
Annual,Number,Other,Ireland,2021,316
Annual,Number,Other,Ireland,2022,585
Annual,Number,Other,Ireland,2023,0
Annual,Number,Other,Ireland,2024,1
Annual,Number,Other,Ireland,2025,1
Annual,Number,Other,Iceland,2018,1
Annual,Number,Other,Iceland,2024,0
Annual,Number,Other,Iceland,2025,0
Annual,Number,Other,Italy,2015,89
Annual,Number,Other,Italy,2017,1896
Annual,Number,Other,Italy,2023,52
Annual,Number,Other,Italy,2024,4
Annual,Number,Other,Italy,2025,5
Annual,Number,Other,Liechtenstein,2013,0
Annual,Number,Other,Liechtenstein,2014,0
Annual,Number,Other,Liechtenstein,2015,0
Annual,Number,Other,Liechtenstein,2016,0
Annual,Number,Other,Liechtenstein,2017,0
Annual,Number,Other,Liechtenstein,2018,0
Annual,Number,Other,Liechtenstein,2019,0
Annual,Number,Other,Liechtenstein,2020,0
Annual,Number,Other,Liechtenstein,2021,0
Annual,Number,Other,Liechtenstein,2022,0
Annual,Number,Other,Liechtenstein,2023,0
Annual,Number,Other,Liechtenstein,2024,3
Annual,Number,Other,Liechtenstein,2025,0
Annual,Number,Other,Lithuania,2013,0
Annual,Number,Other,Lithuania,2014,38
Annual,Number,Other,Lithuania,2015,39
Annual,Number,Other,Lithuania,2016,19
Annual,Number,Other,Lithuania,2017,13
Annual,Number,Other,Lithuania,2018,102
Annual,Number,Other,Lithuania,2019,254
Annual,Number,Other,Lithuania,2020,433
Annual,Number,Other,Lithuania,2021,334
Annual,Number,Other,Lithuania,2022,369
Annual,Number,Other,Lithuania,2023,4
Annual,Number,Other,Lithuania,2024,575
Annual,Number,Other,Lithuania,2025,643
Annual,Number,Other,Luxembourg,2019,5
Annual,Number,Other,Luxembourg,2020,17
Annual,Number,Other,Luxembourg,2021,0
Annual,Number,Other,Luxembourg,2022,0
Annual,Number,Other,Luxembourg,2023,1
Annual,Number,Other,Luxembourg,2024,37
Annual,Number,Other,Luxembourg,2025,7
Annual,Number,Other,Latvia,2014,211
Annual,Number,Other,Latvia,2015,140
Annual,Number,Other,Latvia,2016,0
Annual,Number,Other,Latvia,2017,0
Annual,Number,Other,Latvia,2018,0
Annual,Number,Other,Latvia,2019,0
Annual,Number,Other,Latvia,2020,0
Annual,Number,Other,Latvia,2021,0
Annual,Number,Other,Latvia,2022,0
Annual,Number,Other,Latvia,2023,0
Annual,Number,Other,Latvia,2024,0
Annual,Number,Other,Latvia,2025,0
Annual,Number,Other,Moldova,2013,149
Annual,Number,Other,Moldova,2014,473
Annual,Number,Other,Moldova,2015,793
Annual,Number,Other,Moldova,2016,1275
Annual,Number,Other,Moldova,2017,2840
Annual,Number,Other,Moldova,2018,3427
Annual,Number,Other,Moldova,2019,4946
Annual,Number,Other,Moldova,2020,4385
Annual,Number,Other,Moldova,2021,6637
Annual,Number,Other,Moldova,2022,5097
Annual,Number,Other,Moldova,2023,7404
Annual,Number,Other,Moldova,2024,11149
Annual,Number,Other,Moldova,2025,15463
Annual,Number,Other,Montenegro,2016,1
Annual,Number,Other,Montenegro,2024,1
Annual,Number,Other,Montenegro,2025,0
Annual,Number,Other,Malta,2013,4
Annual,Number,Other,Malta,2014,39
Annual,Number,Other,Malta,2015,4
Annual,Number,Other,Malta,2016,0
Annual,Number,Other,Malta,2017,0
Annual,Number,Other,Malta,2018,0
Annual,Number,Other,Malta,2019,0
Annual,Number,Other,Malta,2020,0
Annual,Number,Other,Malta,2021,0
Annual,Number,Other,Malta,2022,0
Annual,Number,Other,Malta,2023,0
Annual,Number,Other,Malta,2024,0
Annual,Number,Other,Malta,2025,1
Annual,Number,Other,Netherlands,2013,17
Annual,Number,Other,Netherlands,2014,1
Annual,Number,Other,Netherlands,2015,4
Annual,Number,Other,Netherlands,2016,1
Annual,Number,Other,Netherlands,2017,0
Annual,Number,Other,Netherlands,2018,2
Annual,Number,Other,Netherlands,2019,0
Annual,Number,Other,Netherlands,2020,0
Annual,Number,Other,Netherlands,2021,0
Annual,Number,Other,Netherlands,2022,1
Annual,Number,Other,Netherlands,2023,0
Annual,Number,Other,Netherlands,2024,0
Annual,Number,Other,Netherlands,2025,0
Annual,Number,Other,Norway,2013,1133
Annual,Number,Other,Norway,2014,478
Annual,Number,Other,Norway,2015,154
Annual,Number,Other,Norway,2016,7
Annual,Number,Other,Norway,2017,5
Annual,Number,Other,Norway,2018,8
Annual,Number,Other,Norway,2019,3
Annual,Number,Other,Norway,2020,0
Annual,Number,Other,Norway,2021,1
Annual,Number,Other,Norway,2022,0
Annual,Number,Other,Norway,2023,0
Annual,Number,Other,Norway,2024,0
Annual,Number,Other,Norway,2025,0
Annual,Number,Other,Poland,2018,0
Annual,Number,Other,Poland,2019,324
Annual,Number,Other,Poland,2020,146
Annual,Number,Other,Poland,2021,0
Annual,Number,Other,Poland,2022,0
Annual,Number,Other,Poland,2023,0
Annual,Number,Other,Poland,2024,0
Annual,Number,Other,Poland,2025,1100
Annual,Number,Other,Portugal,2017,0
Annual,Number,Other,Portugal,2018,0
Annual,Number,Other,Portugal,2019,0
Annual,Number,Other,Portugal,2020,0
Annual,Number,Other,Portugal,2021,0
Annual,Number,Other,Portugal,2022,0
Annual,Number,Other,Portugal,2023,0
Annual,Number,Other,Portugal,2024,6
Annual,Number,Other,Portugal,2025,21
Annual,Number,Other,Romania,2013,1
Annual,Number,Other,Romania,2017,1
Annual,Number,Other,Romania,2024,9
Annual,Number,Other,Romania,2025,398
Annual,Number,Other,Serbia,2019,0
Annual,Number,Other,Serbia,2020,0
Annual,Number,Other,Serbia,2021,0
Annual,Number,Other,Serbia,2022,0
Annual,Number,Other,Serbia,2023,0
Annual,Number,Other,Serbia,2024,0
Annual,Number,Other,Serbia,2025,6
Annual,Number,Other,Sweden,2013,3281
Annual,Number,Other,Sweden,2014,2722
Annual,Number,Other,Sweden,2015,1396
Annual,Number,Other,Sweden,2016,888
Annual,Number,Other,Sweden,2017,1133
Annual,Number,Other,Sweden,2018,1043
Annual,Number,Other,Sweden,2019,1187
Annual,Number,Other,Sweden,2020,28
Annual,Number,Other,Sweden,2021,1265
Annual,Number,Other,Sweden,2022,2679
Annual,Number,Other,Sweden,2023,0
Annual,Number,Other,Sweden,2024,0
Annual,Number,Other,Sweden,2025,0
Annual,Number,Other,Slovenia,2014,114
Annual,Number,Other,Slovenia,2015,237
Annual,Number,Other,Slovenia,2016,431
Annual,Number,Other,Slovenia,2017,1163
Annual,Number,Other,Slovenia,2018,1719
Annual,Number,Other,Slovenia,2019,2462
Annual,Number,Other,Slovenia,2020,1259
Annual,Number,Other,Slovenia,2021,2151
Annual,Number,Other,Slovenia,2022,2086
Annual,Number,Other,Slovenia,2023,0
Annual,Number,Other,Slovenia,2024,0
Annual,Number,Other,Slovenia,2025,0
Annual,Number,Other,Slovakia,2020,2
Annual,Number,Other,Slovakia,2021,301
Annual,Number,Other,Slovakia,2023,121
Annual,Number,Other,Slovakia,2024,0
Annual,Number,Other,Türkiye,2017,0
Annual,Number,Other,Türkiye,2018,0
Annual,Number,Other,Türkiye,2019,0
Annual,Number,Other,Türkiye,2020,0
Annual,Number,Other,Türkiye,2021,0
Annual,Number,Other,Türkiye,2022,0
Annual,Number,Other,Türkiye,2023,0
Annual,Number,Other,Türkiye,2024,0
Annual,Number,Other,Türkiye,2025,0
Annual,Number,Other,Ukraine,2019,4
Annual,Number,Other,Ukraine,2020,5
Annual,Number,Other,Ukraine,2021,2
Annual,Number,Other,Ukraine,2022,1
Annual,Number,Other,Ukraine,2023,4
Annual,Number,Other,Ukraine,2024,1
Annual,Number,Other,Ukraine,2025,2
Annual,Number,Other,United Kingdom,2015,10
Annual,Number,Other,United Kingdom,2016,2
Annual,Number,Other,United Kingdom,2017,3
Annual,Number,Other,United Kingdom,2018,3
Annual,Number,Other,United Kingdom,2021,3
Annual,Number,Other,United Kingdom,2022,3
Annual,Number,Other,United Kingdom,2023,2
Annual,Number,Other,United Kingdom,2024,3
Annual,Number,Other,Kosovo*,2017,2
Annual,Number,Other,Kosovo*,2018,0
Annual,Number,Other,Kosovo*,2019,0
Annual,Number,Other,Kosovo*,2021,0
Annual,Number,Other,Kosovo*,2025,0
Annual,Number,Petrol,Albania,2019,5860
Annual,Number,Petrol,Albania,2020,10336
Annual,Number,Petrol,Albania,2021,9591
Annual,Number,Petrol,Albania,2022,8822
Annual,Number,Petrol,Albania,2023,12476
Annual,Number,Petrol,Albania,2024,15111
Annual,Number,Petrol,Austria,2013,136689
Annual,Number,Petrol,Austria,2014,128670
Annual,Number,Petrol,Austria,2015,125656
Annual,Number,Petrol,Austria,2016,136148
Annual,Number,Petrol,Austria,2017,171862
Annual,Number,Petrol,Austria,2018,192503
Annual,Number,Petrol,Austria,2019,189054
Annual,Number,Petrol,Austria,2020,133151
Annual,Number,Petrol,Austria,2021,134529
Annual,Number,Petrol,Austria,2022,119271
Annual,Number,Petrol,Austria,2023,130321
Annual,Number,Petrol,Austria,2024,150676
Annual,Number,Petrol,Austria,2025,176600
Annual,Number,Petrol,Bosnia and Herzegovina,2013,1967
Annual,Number,Petrol,Bosnia and Herzegovina,2014,1833
Annual,Number,Petrol,Bosnia and Herzegovina,2015,1825
Annual,Number,Petrol,Bosnia and Herzegovina,2016,2377
Annual,Number,Petrol,Bosnia and Herzegovina,2017,2905
Annual,Number,Petrol,Bosnia and Herzegovina,2018,3347
Annual,Number,Petrol,Bosnia and Herzegovina,2019,3858
Annual,Number,Petrol,Bosnia and Herzegovina,2020,2951
Annual,Number,Petrol,Bosnia and Herzegovina,2021,3723
Annual,Number,Petrol,Bosnia and Herzegovina,2022,4609
Annual,Number,Petrol,Bosnia and Herzegovina,2023,5558
Annual,Number,Petrol,Bosnia and Herzegovina,2024,5658
Annual,Number,Petrol,Bosnia and Herzegovina,2025,6605
Annual,Number,Petrol,Belgium,2013,169665
Annual,Number,Petrol,Belgium,2014,181524
Annual,Number,Petrol,Belgium,2015,198299
Annual,Number,Petrol,Belgium,2016,256076
Annual,Number,Petrol,Belgium,2017,288484
Annual,Number,Petrol,Belgium,2018,347284
Annual,Number,Petrol,Belgium,2019,365729
Annual,Number,Petrol,Belgium,2020,268148
Annual,Number,Petrol,Belgium,2021,262988
Annual,Number,Petrol,Belgium,2022,263382
Annual,Number,Petrol,Belgium,2023,336741
Annual,Number,Petrol,Belgium,2024,294584
Annual,Number,Petrol,Belgium,2025,253292
Annual,Number,Petrol,Bulgaria,2020,17491
Annual,Number,Petrol,Bulgaria,2021,21519
Annual,Number,Petrol,Bulgaria,2022,22196
Annual,Number,Petrol,Bulgaria,2023,29661
Annual,Number,Petrol,Bulgaria,2024,34027
Annual,Number,Petrol,Bulgaria,2025,41486
Annual,Number,Petrol,Switzerland,2013,191314
Annual,Number,Petrol,Switzerland,2014,187073
Annual,Number,Petrol,Switzerland,2015,193203
Annual,Number,Petrol,Switzerland,2016,188679
Annual,Number,Petrol,Switzerland,2017,195261
Annual,Number,Petrol,Switzerland,2018,202879
Annual,Number,Petrol,Switzerland,2019,214640
Annual,Number,Petrol,Switzerland,2020,160657
Annual,Number,Petrol,Switzerland,2021,166837
Annual,Number,Petrol,Switzerland,2022,150952
Annual,Number,Petrol,Switzerland,2023,165982
Annual,Number,Petrol,Switzerland,2024,162693
Annual,Number,Petrol,Switzerland,2025,153191
Annual,Number,Petrol,Cyprus,2013,5784
Annual,Number,Petrol,Cyprus,2014,5086
Annual,Number,Petrol,Cyprus,2015,5917
Annual,Number,Petrol,Cyprus,2016,7134
Annual,Number,Petrol,Cyprus,2017,7650
Annual,Number,Petrol,Cyprus,2018,7857
Annual,Number,Petrol,Cyprus,2019,8011
Annual,Number,Petrol,Cyprus,2020,7130
Annual,Number,Petrol,Cyprus,2021,9071
Annual,Number,Petrol,Cyprus,2022,10633
Annual,Number,Petrol,Cyprus,2023,12940
Annual,Number,Petrol,Cyprus,2024,13032
Annual,Number,Petrol,Cyprus,2025,12317
Annual,Number,Petrol,Czechia,2020,137334
Annual,Number,Petrol,Czechia,2021,141738
Annual,Number,Petrol,Czechia,2022,122954
Annual,Number,Petrol,Czechia,2023,147244
Annual,Number,Petrol,Czechia,2024,146875
Annual,Number,Petrol,Czechia,2025,162936
Annual,Number,Petrol,Germany,2013,1502784
Annual,Number,Petrol,Germany,2014,1533726
Annual,Number,Petrol,Germany,2015,1611389
Annual,Number,Petrol,Germany,2016,1746291
Annual,Number,Petrol,Germany,2017,2068741
Annual,Number,Petrol,Germany,2018,2255042
Annual,Number,Petrol,Germany,2019,2298504
Annual,Number,Petrol,Germany,2020,1760071
Annual,Number,Petrol,Germany,2021,1560342
Annual,Number,Petrol,Germany,2022,1520618
Annual,Number,Petrol,Germany,2023,1601700
Annual,Number,Petrol,Germany,2024,1738089
Annual,Number,Petrol,Germany,2025,1720095
Annual,Number,Petrol,Denmark,2013,122644
Annual,Number,Petrol,Denmark,2014,127253
Annual,Number,Petrol,Denmark,2015,138104
Annual,Number,Petrol,Denmark,2016,140938
Annual,Number,Petrol,Denmark,2017,143227
Annual,Number,Petrol,Denmark,2018,144443
Annual,Number,Petrol,Denmark,2019,159630
Annual,Number,Petrol,Denmark,2020,138421
Annual,Number,Petrol,Denmark,2021,134993
Annual,Number,Petrol,Denmark,2022,101039
Annual,Number,Petrol,Denmark,2023,95539
Annual,Number,Petrol,Denmark,2024,72095
Annual,Number,Petrol,Denmark,2025,49222
Annual,Number,Petrol,Estonia,2013,12208
Annual,Number,Petrol,Estonia,2014,13054
Annual,Number,Petrol,Estonia,2015,14069
Annual,Number,Petrol,Estonia,2016,16592
Annual,Number,Petrol,Estonia,2017,19177
Annual,Number,Petrol,Estonia,2018,19686
Annual,Number,Petrol,Estonia,2019,20510
Annual,Number,Petrol,Estonia,2020,13164
Annual,Number,Petrol,Estonia,2021,16415
Annual,Number,Petrol,Estonia,2022,15324
Annual,Number,Petrol,Estonia,2023,17357
Annual,Number,Petrol,Estonia,2024,18397
Annual,Number,Petrol,Estonia,2025,10531
Annual,Number,Petrol,Greece,2021,75989
Annual,Number,Petrol,Greece,2022,80081
Annual,Number,Petrol,Greece,2023,104526
Annual,Number,Petrol,Greece,2024,113230
Annual,Number,Petrol,Greece,2025,123353
Annual,Number,Petrol,Spain,2014,297176
Annual,Number,Petrol,Spain,2015,383904
Annual,Number,Petrol,Spain,2016,496893
Annual,Number,Petrol,Spain,2017,636041
Annual,Number,Petrol,Spain,2018,831810
Annual,Number,Petrol,Spain,2019,874489
Annual,Number,Petrol,Spain,2020,561541
Annual,Number,Petrol,Spain,2021,613097
Annual,Number,Petrol,Spain,2022,598239
Annual,Number,Petrol,Spain,2023,714633
Annual,Number,Petrol,Spain,2024,788727
Annual,Number,Petrol,Spain,2025,880672
Annual,Number,Petrol,European Union - 27 countries (from 2020),2021,6328815
Annual,Number,Petrol,European Union - 27 countries (from 2020),2022,6014361
Annual,Number,Petrol,European Union - 27 countries (from 2020),2023,6834610
Annual,Number,Petrol,European Union - 27 countries (from 2020),2024,7161071
Annual,Number,Petrol,European Union - 27 countries (from 2020),2025,7188141
Annual,Number,Petrol,Finland,2013,64194
Annual,Number,Petrol,Finland,2014,64181
Annual,Number,Petrol,Finland,2015,69469
Annual,Number,Petrol,Finland,2016,79042
Annual,Number,Petrol,Finland,2017,81435
Annual,Number,Petrol,Finland,2018,89497
Annual,Number,Petrol,Finland,2019,88141
Annual,Number,Petrol,Finland,2020,75765
Annual,Number,Petrol,Finland,2021,76158
Annual,Number,Petrol,Finland,2022,59099
Annual,Number,Petrol,Finland,2023,52225
Annual,Number,Petrol,Finland,2024,48039
Annual,Number,Petrol,Finland,2025,41872
Annual,Number,Petrol,France,2013,562849
Annual,Number,Petrol,France,2014,623201
Annual,Number,Petrol,France,2015,777645
Annual,Number,Petrol,France,2016,928357
Annual,Number,Petrol,France,2017,1116655
Annual,Number,Petrol,France,2018,1329928
Annual,Number,Petrol,France,2019,1438898
Annual,Number,Petrol,France,2020,1025021
Annual,Number,Petrol,France,2021,1097422
Annual,Number,Petrol,France,2022,1049065
Annual,Number,Petrol,France,2023,1251289
Annual,Number,Petrol,France,2024,1256157
Annual,Number,Petrol,France,2025,1180071
Annual,Number,Petrol,Georgia,2017,1968
Annual,Number,Petrol,Georgia,2018,2168
Annual,Number,Petrol,Georgia,2019,2698
Annual,Number,Petrol,Georgia,2020,1379
Annual,Number,Petrol,Georgia,2021,2149
Annual,Number,Petrol,Georgia,2022,3453
Annual,Number,Petrol,Georgia,2023,4663
Annual,Number,Petrol,Georgia,2024,5440
Annual,Number,Petrol,Georgia,2025,5929
Annual,Number,Petrol,Croatia,2020,22126
Annual,Number,Petrol,Croatia,2021,23426
Annual,Number,Petrol,Croatia,2022,26618
Annual,Number,Petrol,Croatia,2023,32234
Annual,Number,Petrol,Croatia,2024,35439
Annual,Number,Petrol,Croatia,2025,41267
Annual,Number,Petrol,Hungary,2013,30458
Annual,Number,Petrol,Hungary,2014,37621
Annual,Number,Petrol,Hungary,2015,44873
Annual,Number,Petrol,Hungary,2016,61753
Annual,Number,Petrol,Hungary,2017,78458
Annual,Number,Petrol,Hungary,2018,102718
Annual,Number,Petrol,Hungary,2019,123906
Annual,Number,Petrol,Hungary,2020,93177
Annual,Number,Petrol,Hungary,2021,89975
Annual,Number,Petrol,Hungary,2022,85461
Annual,Number,Petrol,Hungary,2023,81654
Annual,Number,Petrol,Hungary,2024,92220
Annual,Number,Petrol,Hungary,2025,96560
Annual,Number,Petrol,Ireland,2013,19892
Annual,Number,Petrol,Ireland,2014,21067
Annual,Number,Petrol,Ireland,2015,35311
Annual,Number,Petrol,Ireland,2016,41160
Annual,Number,Petrol,Ireland,2017,45304
Annual,Number,Petrol,Ireland,2018,56554
Annual,Number,Petrol,Ireland,2019,62554
Annual,Number,Petrol,Ireland,2020,46630
Annual,Number,Petrol,Ireland,2021,58808
Annual,Number,Petrol,Ireland,2022,59687
Annual,Number,Petrol,Ireland,2023,70094
Annual,Number,Petrol,Ireland,2024,75137
Annual,Number,Petrol,Ireland,2025,78420
Annual,Number,Petrol,Iceland,2017,13645
Annual,Number,Petrol,Iceland,2018,12061
Annual,Number,Petrol,Iceland,2019,8233
Annual,Number,Petrol,Iceland,2020,5706
Annual,Number,Petrol,Iceland,2021,8949
Annual,Number,Petrol,Iceland,2022,8002
Annual,Number,Petrol,Iceland,2023,5727
Annual,Number,Petrol,Iceland,2024,4819
Annual,Number,Petrol,Iceland,2025,6592
Annual,Number,Petrol,Italy,2013,419045
Annual,Number,Petrol,Italy,2014,420708
Annual,Number,Petrol,Italy,2015,521450
Annual,Number,Petrol,Italy,2016,643165
Annual,Number,Petrol,Italy,2017,700072
Annual,Number,Petrol,Italy,2018,774685
Annual,Number,Petrol,Italy,2019,969245
Annual,Number,Petrol,Italy,2020,773479
Annual,Number,Petrol,Italy,2021,906634
Annual,Number,Petrol,Italy,2022,833735
Annual,Number,Petrol,Italy,2023,1014551
Annual,Number,Petrol,Italy,2024,1067243
Annual,Number,Petrol,Italy,2025,1075387
Annual,Number,Petrol,Liechtenstein,2013,1041
Annual,Number,Petrol,Liechtenstein,2014,979
Annual,Number,Petrol,Liechtenstein,2015,1072
Annual,Number,Petrol,Liechtenstein,2016,951
Annual,Number,Petrol,Liechtenstein,2017,1116
Annual,Number,Petrol,Liechtenstein,2018,1152
Annual,Number,Petrol,Liechtenstein,2019,1186
Annual,Number,Petrol,Liechtenstein,2020,922
Annual,Number,Petrol,Liechtenstein,2021,977
Annual,Number,Petrol,Liechtenstein,2022,890
Annual,Number,Petrol,Liechtenstein,2023,958
Annual,Number,Petrol,Liechtenstein,2024,900
Annual,Number,Petrol,Liechtenstein,2025,812
Annual,Number,Petrol,Lithuania,2013,5236
Annual,Number,Petrol,Lithuania,2014,4760
Annual,Number,Petrol,Lithuania,2015,6002
Annual,Number,Petrol,Lithuania,2016,8734
Annual,Number,Petrol,Lithuania,2017,11162
Annual,Number,Petrol,Lithuania,2018,14224
Annual,Number,Petrol,Lithuania,2019,17917
Annual,Number,Petrol,Lithuania,2020,32922
Annual,Number,Petrol,Lithuania,2021,21892
Annual,Number,Petrol,Lithuania,2022,19072
Annual,Number,Petrol,Lithuania,2023,20520
Annual,Number,Petrol,Lithuania,2024,19931
Annual,Number,Petrol,Lithuania,2025,27712
Annual,Number,Petrol,Luxembourg,2013,12148
Annual,Number,Petrol,Luxembourg,2014,13554
Annual,Number,Petrol,Luxembourg,2015,13447
Annual,Number,Petrol,Luxembourg,2016,17623
Annual,Number,Petrol,Luxembourg,2017,23891
Annual,Number,Petrol,Luxembourg,2018,27455
Annual,Number,Petrol,Luxembourg,2019,30120
Annual,Number,Petrol,Luxembourg,2020,24548
Annual,Number,Petrol,Luxembourg,2021,25132
Annual,Number,Petrol,Luxembourg,2022,23339
Annual,Number,Petrol,Luxembourg,2023,27804
Annual,Number,Petrol,Luxembourg,2024,25683
Annual,Number,Petrol,Luxembourg,2025,27421
Annual,Number,Petrol,Latvia,2014,5759
Annual,Number,Petrol,Latvia,2015,7211
Annual,Number,Petrol,Latvia,2016,9381
Annual,Number,Petrol,Latvia,2017,9488
Annual,Number,Petrol,Latvia,2018,10240
Annual,Number,Petrol,Latvia,2019,11393
Annual,Number,Petrol,Latvia,2020,8363
Annual,Number,Petrol,Latvia,2021,9935
Annual,Number,Petrol,Latvia,2022,11857
Annual,Number,Petrol,Latvia,2023,12702
Annual,Number,Petrol,Latvia,2024,11777
Annual,Number,Petrol,Latvia,2025,17411
Annual,Number,Petrol,Moldova,2013,15126
Annual,Number,Petrol,Moldova,2014,9874
Annual,Number,Petrol,Moldova,2015,6530
Annual,Number,Petrol,Moldova,2016,6770
Annual,Number,Petrol,Moldova,2017,12395
Annual,Number,Petrol,Moldova,2018,8608
Annual,Number,Petrol,Moldova,2019,8884
Annual,Number,Petrol,Moldova,2020,7749
Annual,Number,Petrol,Moldova,2021,10409
Annual,Number,Petrol,Moldova,2022,8090
Annual,Number,Petrol,Moldova,2023,10793
Annual,Number,Petrol,Moldova,2024,13406
Annual,Number,Petrol,Moldova,2025,16812
Annual,Number,Petrol,Montenegro,2016,999
Annual,Number,Petrol,Montenegro,2017,1313
Annual,Number,Petrol,Montenegro,2018,1625
Annual,Number,Petrol,Montenegro,2019,2026
Annual,Number,Petrol,Montenegro,2020,596
Annual,Number,Petrol,Montenegro,2021,1787
Annual,Number,Petrol,Montenegro,2022,2456
Annual,Number,Petrol,Montenegro,2023,1620
Annual,Number,Petrol,Montenegro,2024,4916
Annual,Number,Petrol,Montenegro,2025,5361
Annual,Number,Petrol,Malta,2015,4418
Annual,Number,Petrol,Malta,2016,4679
Annual,Number,Petrol,Malta,2017,5133
Annual,Number,Petrol,Malta,2018,5477
Annual,Number,Petrol,Malta,2019,5327
Annual,Number,Petrol,Malta,2020,3342
Annual,Number,Petrol,Malta,2021,4226
Annual,Number,Petrol,Malta,2022,4933
Annual,Number,Petrol,Malta,2023,5218
Annual,Number,Petrol,Malta,2024,4403
Annual,Number,Petrol,Malta,2025,3756
Annual,Number,Petrol,Netherlands,2013,307912
Annual,Number,Petrol,Netherlands,2014,275419
Annual,Number,Petrol,Netherlands,2015,314882
Annual,Number,Petrol,Netherlands,2016,304643
Annual,Number,Petrol,Netherlands,2017,331608
Annual,Number,Petrol,Netherlands,2018,360573
Annual,Number,Petrol,Netherlands,2019,350015
Annual,Number,Petrol,Netherlands,2020,267482
Annual,Number,Petrol,Netherlands,2021,249350
Annual,Number,Petrol,Netherlands,2022,231791
Annual,Number,Petrol,Netherlands,2023,249294
Annual,Number,Petrol,Netherlands,2024,243342
Annual,Number,Petrol,Netherlands,2025,226256
Annual,Number,Petrol,Norway,2013,57700
Annual,Number,Petrol,Norway,2014,54912
Annual,Number,Petrol,Norway,2015,55671
Annual,Number,Petrol,Norway,2016,82910
Annual,Number,Petrol,Norway,2017,90074
Annual,Number,Petrol,Norway,2018,78323
Annual,Number,Petrol,Norway,2019,59964
Annual,Number,Petrol,Norway,2020,52595
Annual,Number,Petrol,Norway,2021,54209
Annual,Number,Petrol,Norway,2022,30186
Annual,Number,Petrol,Norway,2023,19066
Annual,Number,Petrol,Norway,2024,11353
Annual,Number,Petrol,Norway,2025,5440
Annual,Number,Petrol,Poland,2013,183889
Annual,Number,Petrol,Poland,2014,201246
Annual,Number,Petrol,Poland,2015,228917
Annual,Number,Petrol,Poland,2016,275508
Annual,Number,Petrol,Poland,2017,336320
Annual,Number,Petrol,Poland,2018,386756
Annual,Number,Petrol,Poland,2019,424253
Annual,Number,Petrol,Poland,2020,324792
Annual,Number,Petrol,Poland,2021,343705
Annual,Number,Petrol,Poland,2022,324041
Annual,Number,Petrol,Poland,2023,364350
Annual,Number,Petrol,Poland,2024,423169
Annual,Number,Petrol,Poland,2025,435945
Annual,Number,Petrol,Portugal,2017,81073
Annual,Number,Petrol,Portugal,2018,97697
Annual,Number,Petrol,Portugal,2019,123064
Annual,Number,Petrol,Portugal,2020,83561
Annual,Number,Petrol,Portugal,2021,91395
Annual,Number,Petrol,Portugal,2022,100758
Annual,Number,Petrol,Portugal,2023,123422
Annual,Number,Petrol,Portugal,2024,129437
Annual,Number,Petrol,Portugal,2025,133977
Annual,Number,Petrol,Romania,2013,25807
Annual,Number,Petrol,Romania,2014,29576
Annual,Number,Petrol,Romania,2015,35509
Annual,Number,Petrol,Romania,2016,45417
Annual,Number,Petrol,Romania,2017,51554
Annual,Number,Petrol,Romania,2018,75586
Annual,Number,Petrol,Romania,2019,114564
Annual,Number,Petrol,Romania,2020,79244
Annual,Number,Petrol,Romania,2021,74857
Annual,Number,Petrol,Romania,2022,84943
Annual,Number,Petrol,Romania,2023,91118
Annual,Number,Petrol,Romania,2024,103113
Annual,Number,Petrol,Romania,2025,108321
Annual,Number,Petrol,Serbia,2019,28285
Annual,Number,Petrol,Serbia,2020,27431
Annual,Number,Petrol,Serbia,2021,27768
Annual,Number,Petrol,Serbia,2022,29005
Annual,Number,Petrol,Serbia,2023,30952
Annual,Number,Petrol,Serbia,2024,33180
Annual,Number,Petrol,Serbia,2025,38289
Annual,Number,Petrol,Sweden,2013,108067
Annual,Number,Petrol,Sweden,2014,126019
Annual,Number,Petrol,Sweden,2015,145383
Annual,Number,Petrol,Sweden,2016,177903
Annual,Number,Petrol,Sweden,2017,191048
Annual,Number,Petrol,Sweden,2018,215360
Annual,Number,Petrol,Sweden,2019,221280
Annual,Number,Petrol,Sweden,2020,194265
Annual,Number,Petrol,Sweden,2021,189502
Annual,Number,Petrol,Sweden,2022,153387
Annual,Number,Petrol,Sweden,2023,146412
Annual,Number,Petrol,Sweden,2024,147825
Annual,Number,Petrol,Sweden,2025,151208
Annual,Number,Petrol,Slovenia,2013,23942
Annual,Number,Petrol,Slovenia,2014,23916
Annual,Number,Petrol,Slovenia,2015,29038
Annual,Number,Petrol,Slovenia,2016,31429
Annual,Number,Petrol,Slovenia,2017,38229
Annual,Number,Petrol,Slovenia,2018,48240
Annual,Number,Petrol,Slovenia,2019,47937
Annual,Number,Petrol,Slovenia,2020,33287
Annual,Number,Petrol,Slovenia,2021,37219
Annual,Number,Petrol,Slovenia,2022,32866
Annual,Number,Petrol,Slovenia,2023,36290
Annual,Number,Petrol,Slovenia,2024,40433
Annual,Number,Petrol,Slovenia,2025,42949
Annual,Number,Petrol,Slovakia,2020,55389
Annual,Number,Petrol,Slovakia,2021,58498
Annual,Number,Petrol,Slovakia,2022,59972
Annual,Number,Petrol,Slovakia,2023,64771
Annual,Number,Petrol,Slovakia,2024,67991
Annual,Number,Petrol,Slovakia,2025,69104
Annual,Number,Petrol,Türkiye,2013,256506
Annual,Number,Petrol,Türkiye,2014,210168
Annual,Number,Petrol,Türkiye,2015,270762
Annual,Number,Petrol,Türkiye,2016,271453
Annual,Number,Petrol,Türkiye,2017,259325
Annual,Number,Petrol,Türkiye,2018,179131
Annual,Number,Petrol,Türkiye,2019,152008
Annual,Number,Petrol,Türkiye,2020,319023
Annual,Number,Petrol,Türkiye,2021,429210
Annual,Number,Petrol,Türkiye,2022,439007
Annual,Number,Petrol,Türkiye,2023,704254
Annual,Number,Petrol,Türkiye,2024,778382
Annual,Number,Petrol,Türkiye,2025,819374
Annual,Number,Petrol,Ukraine,2019,36953
Annual,Number,Petrol,Ukraine,2020,57137
Annual,Number,Petrol,Ukraine,2021,73470
Annual,Number,Petrol,Ukraine,2022,25663
Annual,Number,Petrol,Ukraine,2023,36953
Annual,Number,Petrol,Ukraine,2024,37817
Annual,Number,Petrol,Ukraine,2025,39340
Annual,Number,Petrol,United Kingdom,2015,1334875
Annual,Number,Petrol,United Kingdom,2016,1390355
Annual,Number,Petrol,United Kingdom,2017,1446500
Annual,Number,Petrol,United Kingdom,2018,1589618
Annual,Number,Petrol,United Kingdom,2021,1226293
Annual,Number,Petrol,United Kingdom,2022,1194409
Annual,Number,Petrol,United Kingdom,2023,1446669
Annual,Number,Petrol,United Kingdom,2024,1449401
Annual,Number,Petrol,Kosovo*,2017,2928
Annual,Number,Petrol,Kosovo*,2018,2126
Annual,Number,Petrol,Kosovo*,2019,0
Annual,Number,Petrol,Kosovo*,2021,2840
Annual,Number,Petrol,Kosovo*,2025,4853
Annual,Number,Petrol (excluding hybrids)  ,Albania,2019,5726
Annual,Number,Petrol (excluding hybrids)  ,Albania,2020,5580
Annual,Number,Petrol (excluding hybrids)  ,Albania,2021,9168
Annual,Number,Petrol (excluding hybrids)  ,Albania,2022,8294
Annual,Number,Petrol (excluding hybrids)  ,Albania,2023,11605
Annual,Number,Petrol (excluding hybrids)  ,Albania,2024,13569
Annual,Number,Petrol (excluding hybrids)  ,Austria,2013,134276
Annual,Number,Petrol (excluding hybrids)  ,Austria,2014,126503
Annual,Number,Petrol (excluding hybrids)  ,Austria,2015,122832
Annual,Number,Petrol (excluding hybrids)  ,Austria,2016,131756
Annual,Number,Petrol (excluding hybrids)  ,Austria,2017,163701
Annual,Number,Petrol (excluding hybrids)  ,Austria,2018,184150
Annual,Number,Petrol (excluding hybrids)  ,Austria,2019,176706
Annual,Number,Petrol (excluding hybrids)  ,Austria,2020,107771
Annual,Number,Petrol (excluding hybrids)  ,Austria,2021,91478
Annual,Number,Petrol (excluding hybrids)  ,Austria,2022,78567
Annual,Number,Petrol (excluding hybrids)  ,Austria,2023,77354
Annual,Number,Petrol (excluding hybrids)  ,Austria,2024,84004
Annual,Number,Petrol (excluding hybrids)  ,Austria,2025,79457
Annual,Number,Petrol (excluding hybrids)  ,Bosnia and Herzegovina,2013,1967
Annual,Number,Petrol (excluding hybrids)  ,Bosnia and Herzegovina,2014,1831
Annual,Number,Petrol (excluding hybrids)  ,Bosnia and Herzegovina,2015,1823
Annual,Number,Petrol (excluding hybrids)  ,Bosnia and Herzegovina,2016,2321
Annual,Number,Petrol (excluding hybrids)  ,Bosnia and Herzegovina,2017,2769
Annual,Number,Petrol (excluding hybrids)  ,Bosnia and Herzegovina,2018,3220
Annual,Number,Petrol (excluding hybrids)  ,Bosnia and Herzegovina,2019,3667
Annual,Number,Petrol (excluding hybrids)  ,Bosnia and Herzegovina,2020,2800
Annual,Number,Petrol (excluding hybrids)  ,Bosnia and Herzegovina,2021,3408
Annual,Number,Petrol (excluding hybrids)  ,Bosnia and Herzegovina,2022,4154
Annual,Number,Petrol (excluding hybrids)  ,Bosnia and Herzegovina,2023,4635
Annual,Number,Petrol (excluding hybrids)  ,Bosnia and Herzegovina,2024,4388
Annual,Number,Petrol (excluding hybrids)  ,Bosnia and Herzegovina,2025,4771
Annual,Number,Petrol (excluding hybrids)  ,Belgium,2013,164745
Annual,Number,Petrol (excluding hybrids)  ,Belgium,2014,173939
Annual,Number,Petrol (excluding hybrids)  ,Belgium,2015,189947
Annual,Number,Petrol (excluding hybrids)  ,Belgium,2016,240384
Annual,Number,Petrol (excluding hybrids)  ,Belgium,2017,265026
Annual,Number,Petrol (excluding hybrids)  ,Belgium,2018,323774
Annual,Number,Petrol (excluding hybrids)  ,Belgium,2019,336731
Annual,Number,Petrol (excluding hybrids)  ,Belgium,2020,211646
Annual,Number,Petrol (excluding hybrids)  ,Belgium,2021,169019
Annual,Number,Petrol (excluding hybrids)  ,Belgium,2022,145998
Annual,Number,Petrol (excluding hybrids)  ,Belgium,2023,155993
Annual,Number,Petrol (excluding hybrids)  ,Belgium,2024,128583
Annual,Number,Petrol (excluding hybrids)  ,Belgium,2025,96912
Annual,Number,Petrol (excluding hybrids)  ,Bulgaria,2020,17021
Annual,Number,Petrol (excluding hybrids)  ,Bulgaria,2021,20786
Annual,Number,Petrol (excluding hybrids)  ,Bulgaria,2022,21669
Annual,Number,Petrol (excluding hybrids)  ,Bulgaria,2023,28613
Annual,Number,Petrol (excluding hybrids)  ,Bulgaria,2024,32555
Annual,Number,Petrol (excluding hybrids)  ,Bulgaria,2025,38875
Annual,Number,Petrol (excluding hybrids)  ,Switzerland,2013,185120
Annual,Number,Petrol (excluding hybrids)  ,Switzerland,2014,180908
Annual,Number,Petrol (excluding hybrids)  ,Switzerland,2015,185525
Annual,Number,Petrol (excluding hybrids)  ,Switzerland,2016,178730
Annual,Number,Petrol (excluding hybrids)  ,Switzerland,2017,183697
Annual,Number,Petrol (excluding hybrids)  ,Switzerland,2018,188357
Annual,Number,Petrol (excluding hybrids)  ,Switzerland,2019,192156
Annual,Number,Petrol (excluding hybrids)  ,Switzerland,2020,119012
Annual,Number,Petrol (excluding hybrids)  ,Switzerland,2021,100865
Annual,Number,Petrol (excluding hybrids)  ,Switzerland,2022,86309
Annual,Number,Petrol (excluding hybrids)  ,Switzerland,2023,85254
Annual,Number,Petrol (excluding hybrids)  ,Switzerland,2024,71519
Annual,Number,Petrol (excluding hybrids)  ,Switzerland,2025,55972
Annual,Number,Petrol (excluding hybrids)  ,Cyprus,2013,5700
Annual,Number,Petrol (excluding hybrids)  ,Cyprus,2014,4978
Annual,Number,Petrol (excluding hybrids)  ,Cyprus,2015,5715
Annual,Number,Petrol (excluding hybrids)  ,Cyprus,2016,6753
Annual,Number,Petrol (excluding hybrids)  ,Cyprus,2017,6891
Annual,Number,Petrol (excluding hybrids)  ,Cyprus,2018,6874
Annual,Number,Petrol (excluding hybrids)  ,Cyprus,2019,6959
Annual,Number,Petrol (excluding hybrids)  ,Cyprus,2020,5706
Annual,Number,Petrol (excluding hybrids)  ,Cyprus,2021,5997
Annual,Number,Petrol (excluding hybrids)  ,Cyprus,2022,6380
Annual,Number,Petrol (excluding hybrids)  ,Cyprus,2023,7279
Annual,Number,Petrol (excluding hybrids)  ,Cyprus,2024,6394
Annual,Number,Petrol (excluding hybrids)  ,Cyprus,2025,5092
Annual,Number,Petrol (excluding hybrids)  ,Czechia,2020,122584
Annual,Number,Petrol (excluding hybrids)  ,Czechia,2021,138660
Annual,Number,Petrol (excluding hybrids)  ,Czechia,2022,106597
Annual,Number,Petrol (excluding hybrids)  ,Czechia,2023,115051
Annual,Number,Petrol (excluding hybrids)  ,Czechia,2024,139857
Annual,Number,Petrol (excluding hybrids)  ,Czechia,2025,150841
Annual,Number,Petrol (excluding hybrids)  ,Germany,2017,1986488
Annual,Number,Petrol (excluding hybrids)  ,Germany,2018,2142700
Annual,Number,Petrol (excluding hybrids)  ,Germany,2019,2136891
Annual,Number,Petrol (excluding hybrids)  ,Germany,2020,1361723
Annual,Number,Petrol (excluding hybrids)  ,Germany,2021,972588
Annual,Number,Petrol (excluding hybrids)  ,Germany,2022,863445
Annual,Number,Petrol (excluding hybrids)  ,Germany,2023,978660
Annual,Number,Petrol (excluding hybrids)  ,Germany,2024,991948
Annual,Number,Petrol (excluding hybrids)  ,Germany,2025,777641
Annual,Number,Petrol (excluding hybrids)  ,Denmark,2013,122644
Annual,Number,Petrol (excluding hybrids)  ,Denmark,2014,127172
Annual,Number,Petrol (excluding hybrids)  ,Denmark,2015,137698
Annual,Number,Petrol (excluding hybrids)  ,Denmark,2016,140371
Annual,Number,Petrol (excluding hybrids)  ,Denmark,2017,142607
Annual,Number,Petrol (excluding hybrids)  ,Denmark,2018,141318
Annual,Number,Petrol (excluding hybrids)  ,Denmark,2019,155863
Annual,Number,Petrol (excluding hybrids)  ,Denmark,2020,111259
Annual,Number,Petrol (excluding hybrids)  ,Denmark,2021,87137
Annual,Number,Petrol (excluding hybrids)  ,Denmark,2022,52655
Annual,Number,Petrol (excluding hybrids)  ,Denmark,2023,54357
Annual,Number,Petrol (excluding hybrids)  ,Denmark,2024,39506
Annual,Number,Petrol (excluding hybrids)  ,Denmark,2025,23477
Annual,Number,Petrol (excluding hybrids)  ,Estonia,2013,12017
Annual,Number,Petrol (excluding hybrids)  ,Estonia,2014,12746
Annual,Number,Petrol (excluding hybrids)  ,Estonia,2015,13718
Annual,Number,Petrol (excluding hybrids)  ,Estonia,2016,15821
Annual,Number,Petrol (excluding hybrids)  ,Estonia,2017,17991
Annual,Number,Petrol (excluding hybrids)  ,Estonia,2018,18174
Annual,Number,Petrol (excluding hybrids)  ,Estonia,2019,17928
Annual,Number,Petrol (excluding hybrids)  ,Estonia,2020,10582
Annual,Number,Petrol (excluding hybrids)  ,Estonia,2021,10817
Annual,Number,Petrol (excluding hybrids)  ,Estonia,2022,9029
Annual,Number,Petrol (excluding hybrids)  ,Estonia,2023,8914
Annual,Number,Petrol (excluding hybrids)  ,Estonia,2024,6785
Annual,Number,Petrol (excluding hybrids)  ,Estonia,2025,2900
Annual,Number,Petrol (excluding hybrids)  ,Greece,2021,49670
Annual,Number,Petrol (excluding hybrids)  ,Greece,2022,47152
Annual,Number,Petrol (excluding hybrids)  ,Greece,2023,56259
Annual,Number,Petrol (excluding hybrids)  ,Greece,2024,48937
Annual,Number,Petrol (excluding hybrids)  ,Greece,2025,40861
Annual,Number,Petrol (excluding hybrids)  ,Spain,2014,288860
Annual,Number,Petrol (excluding hybrids)  ,Spain,2015,376691
Annual,Number,Petrol (excluding hybrids)  ,Spain,2016,466320
Annual,Number,Petrol (excluding hybrids)  ,Spain,2017,580296
Annual,Number,Petrol (excluding hybrids)  ,Spain,2018,756357
Annual,Number,Petrol (excluding hybrids)  ,Spain,2019,776373
Annual,Number,Petrol (excluding hybrids)  ,Spain,2020,427645
Annual,Number,Petrol (excluding hybrids)  ,Spain,2021,390081
Annual,Number,Petrol (excluding hybrids)  ,Spain,2022,344341
Annual,Number,Petrol (excluding hybrids)  ,Spain,2023,390295
Annual,Number,Petrol (excluding hybrids)  ,Spain,2024,383652
Annual,Number,Petrol (excluding hybrids)  ,Spain,2025,322225
Annual,Number,Petrol (excluding hybrids)  ,European Union - 27 countries (from 2020),2021,3985588
Annual,Number,Petrol (excluding hybrids)  ,European Union - 27 countries (from 2020),2022,3431120
Annual,Number,Petrol (excluding hybrids)  ,European Union - 27 countries (from 2020),2023,3792528
Annual,Number,Petrol (excluding hybrids)  ,European Union - 27 countries (from 2020),2024,3651616
Annual,Number,Petrol (excluding hybrids)  ,European Union - 27 countries (from 2020),2025,2981518
Annual,Number,Petrol (excluding hybrids)  ,Finland,2014,61733
Annual,Number,Petrol (excluding hybrids)  ,Finland,2015,66252
Annual,Number,Petrol (excluding hybrids)  ,Finland,2016,73258
Annual,Number,Petrol (excluding hybrids)  ,Finland,2017,70522
Annual,Number,Petrol (excluding hybrids)  ,Finland,2018,73069
Annual,Number,Petrol (excluding hybrids)  ,Finland,2019,67751
Annual,Number,Petrol (excluding hybrids)  ,Finland,2020,45596
Annual,Number,Petrol (excluding hybrids)  ,Finland,2021,30760
Annual,Number,Petrol (excluding hybrids)  ,Finland,2022,19246
Annual,Number,Petrol (excluding hybrids)  ,Finland,2023,15261
Annual,Number,Petrol (excluding hybrids)  ,Finland,2024,11258
Annual,Number,Petrol (excluding hybrids)  ,Finland,2025,8120
Annual,Number,Petrol (excluding hybrids)  ,France,2013,530054
Annual,Number,Petrol (excluding hybrids)  ,France,2014,589522
Annual,Number,Petrol (excluding hybrids)  ,France,2015,736108
Annual,Number,Petrol (excluding hybrids)  ,France,2016,874838
Annual,Number,Petrol (excluding hybrids)  ,France,2017,1034534
Annual,Number,Petrol (excluding hybrids)  ,France,2018,1224694
Annual,Number,Petrol (excluding hybrids)  ,France,2019,1322937
Annual,Number,Petrol (excluding hybrids)  ,France,2020,802718
Annual,Number,Petrol (excluding hybrids)  ,France,2021,700919
Annual,Number,Petrol (excluding hybrids)  ,France,2022,611179
Annual,Number,Petrol (excluding hybrids)  ,France,2023,672770
Annual,Number,Petrol (excluding hybrids)  ,France,2024,530232
Annual,Number,Petrol (excluding hybrids)  ,France,2025,364517
Annual,Number,Petrol (excluding hybrids)  ,Georgia,2017,1770
Annual,Number,Petrol (excluding hybrids)  ,Georgia,2018,1964
Annual,Number,Petrol (excluding hybrids)  ,Georgia,2019,2260
Annual,Number,Petrol (excluding hybrids)  ,Georgia,2020,961
Annual,Number,Petrol (excluding hybrids)  ,Georgia,2021,1457
Annual,Number,Petrol (excluding hybrids)  ,Georgia,2022,2617
Annual,Number,Petrol (excluding hybrids)  ,Georgia,2023,3233
Annual,Number,Petrol (excluding hybrids)  ,Georgia,2024,3442
Annual,Number,Petrol (excluding hybrids)  ,Georgia,2025,2888
Annual,Number,Petrol (excluding hybrids)  ,Croatia,2020,19803
Annual,Number,Petrol (excluding hybrids)  ,Croatia,2021,23426
Annual,Number,Petrol (excluding hybrids)  ,Croatia,2022,19149
Annual,Number,Petrol (excluding hybrids)  ,Croatia,2023,21040
Annual,Number,Petrol (excluding hybrids)  ,Croatia,2024,29841
Annual,Number,Petrol (excluding hybrids)  ,Croatia,2025,34654
Annual,Number,Petrol (excluding hybrids)  ,Hungary,2013,29966
Annual,Number,Petrol (excluding hybrids)  ,Hungary,2014,37103
Annual,Number,Petrol (excluding hybrids)  ,Hungary,2015,44044
Annual,Number,Petrol (excluding hybrids)  ,Hungary,2016,59943
Annual,Number,Petrol (excluding hybrids)  ,Hungary,2017,74498
Annual,Number,Petrol (excluding hybrids)  ,Hungary,2018,96555
Annual,Number,Petrol (excluding hybrids)  ,Hungary,2019,114709
Annual,Number,Petrol (excluding hybrids)  ,Hungary,2020,62301
Annual,Number,Petrol (excluding hybrids)  ,Hungary,2021,45561
Annual,Number,Petrol (excluding hybrids)  ,Hungary,2022,44330
Annual,Number,Petrol (excluding hybrids)  ,Hungary,2023,37811
Annual,Number,Petrol (excluding hybrids)  ,Hungary,2024,36320
Annual,Number,Petrol (excluding hybrids)  ,Hungary,2025,30920
Annual,Number,Petrol (excluding hybrids)  ,Ireland,2017,40495
Annual,Number,Petrol (excluding hybrids)  ,Ireland,2018,48840
Annual,Number,Petrol (excluding hybrids)  ,Ireland,2019,50318
Annual,Number,Petrol (excluding hybrids)  ,Ireland,2020,33595
Annual,Number,Petrol (excluding hybrids)  ,Ireland,2021,34000
Annual,Number,Petrol (excluding hybrids)  ,Ireland,2022,32095
Annual,Number,Petrol (excluding hybrids)  ,Ireland,2023,40370
Annual,Number,Petrol (excluding hybrids)  ,Ireland,2024,37964
Annual,Number,Petrol (excluding hybrids)  ,Ireland,2025,32319
Annual,Number,Petrol (excluding hybrids)  ,Iceland,2017,10426
Annual,Number,Petrol (excluding hybrids)  ,Iceland,2018,8411
Annual,Number,Petrol (excluding hybrids)  ,Iceland,2019,5379
Annual,Number,Petrol (excluding hybrids)  ,Iceland,2020,2551
Annual,Number,Petrol (excluding hybrids)  ,Iceland,2021,2250
Annual,Number,Petrol (excluding hybrids)  ,Iceland,2022,1985
Annual,Number,Petrol (excluding hybrids)  ,Iceland,2023,1711
Annual,Number,Petrol (excluding hybrids)  ,Iceland,2024,1551
Annual,Number,Petrol (excluding hybrids)  ,Iceland,2025,1239
Annual,Number,Petrol (excluding hybrids)  ,Italy,2013,419045
Annual,Number,Petrol (excluding hybrids)  ,Italy,2014,420708
Annual,Number,Petrol (excluding hybrids)  ,Italy,2015,521450
Annual,Number,Petrol (excluding hybrids)  ,Italy,2016,643165
Annual,Number,Petrol (excluding hybrids)  ,Italy,2017,700072
Annual,Number,Petrol (excluding hybrids)  ,Italy,2018,774685
Annual,Number,Petrol (excluding hybrids)  ,Italy,2019,889685
Annual,Number,Petrol (excluding hybrids)  ,Italy,2020,585470
Annual,Number,Petrol (excluding hybrids)  ,Italy,2021,481746
Annual,Number,Petrol (excluding hybrids)  ,Italy,2022,376485
Annual,Number,Petrol (excluding hybrids)  ,Italy,2023,456263
Annual,Number,Petrol (excluding hybrids)  ,Italy,2024,468763
Annual,Number,Petrol (excluding hybrids)  ,Italy,2025,380197
Annual,Number,Petrol (excluding hybrids)  ,Liechtenstein,2013,1000
Annual,Number,Petrol (excluding hybrids)  ,Liechtenstein,2014,944
Annual,Number,Petrol (excluding hybrids)  ,Liechtenstein,2015,1017
Annual,Number,Petrol (excluding hybrids)  ,Liechtenstein,2016,889
Annual,Number,Petrol (excluding hybrids)  ,Liechtenstein,2017,1032
Annual,Number,Petrol (excluding hybrids)  ,Liechtenstein,2018,1046
Annual,Number,Petrol (excluding hybrids)  ,Liechtenstein,2019,1047
Annual,Number,Petrol (excluding hybrids)  ,Liechtenstein,2020,659
Annual,Number,Petrol (excluding hybrids)  ,Liechtenstein,2021,583
Annual,Number,Petrol (excluding hybrids)  ,Liechtenstein,2022,514
Annual,Number,Petrol (excluding hybrids)  ,Liechtenstein,2023,531
Annual,Number,Petrol (excluding hybrids)  ,Liechtenstein,2024,400
Annual,Number,Petrol (excluding hybrids)  ,Liechtenstein,2025,324
Annual,Number,Petrol (excluding hybrids)  ,Lithuania,2013,5191
Annual,Number,Petrol (excluding hybrids)  ,Lithuania,2014,4676
Annual,Number,Petrol (excluding hybrids)  ,Lithuania,2015,5908
Annual,Number,Petrol (excluding hybrids)  ,Lithuania,2016,8499
Annual,Number,Petrol (excluding hybrids)  ,Lithuania,2017,10661
Annual,Number,Petrol (excluding hybrids)  ,Lithuania,2018,11920
Annual,Number,Petrol (excluding hybrids)  ,Lithuania,2019,14717
Annual,Number,Petrol (excluding hybrids)  ,Lithuania,2020,24924
Annual,Number,Petrol (excluding hybrids)  ,Lithuania,2021,12407
Annual,Number,Petrol (excluding hybrids)  ,Lithuania,2022,10323
Annual,Number,Petrol (excluding hybrids)  ,Lithuania,2023,9966
Annual,Number,Petrol (excluding hybrids)  ,Lithuania,2024,6743
Annual,Number,Petrol (excluding hybrids)  ,Lithuania,2025,7161
Annual,Number,Petrol (excluding hybrids)  ,Luxembourg,2013,11847
Annual,Number,Petrol (excluding hybrids)  ,Luxembourg,2014,13097
Annual,Number,Petrol (excluding hybrids)  ,Luxembourg,2015,13021
Annual,Number,Petrol (excluding hybrids)  ,Luxembourg,2016,16900
Annual,Number,Petrol (excluding hybrids)  ,Luxembourg,2017,22368
Annual,Number,Petrol (excluding hybrids)  ,Luxembourg,2018,25811
Annual,Number,Petrol (excluding hybrids)  ,Luxembourg,2019,27837
Annual,Number,Petrol (excluding hybrids)  ,Luxembourg,2020,19589
Annual,Number,Petrol (excluding hybrids)  ,Luxembourg,2021,16839
Annual,Number,Petrol (excluding hybrids)  ,Luxembourg,2022,14559
Annual,Number,Petrol (excluding hybrids)  ,Luxembourg,2023,16307
Annual,Number,Petrol (excluding hybrids)  ,Luxembourg,2024,13783
Annual,Number,Petrol (excluding hybrids)  ,Luxembourg,2025,12258
Annual,Number,Petrol (excluding hybrids)  ,Latvia,2014,5758
Annual,Number,Petrol (excluding hybrids)  ,Latvia,2015,7202
Annual,Number,Petrol (excluding hybrids)  ,Latvia,2016,9363
Annual,Number,Petrol (excluding hybrids)  ,Latvia,2017,9471
Annual,Number,Petrol (excluding hybrids)  ,Latvia,2018,10222
Annual,Number,Petrol (excluding hybrids)  ,Latvia,2019,11379
Annual,Number,Petrol (excluding hybrids)  ,Latvia,2020,8285
Annual,Number,Petrol (excluding hybrids)  ,Latvia,2021,9788
Annual,Number,Petrol (excluding hybrids)  ,Latvia,2022,7024
Annual,Number,Petrol (excluding hybrids)  ,Latvia,2023,6841
Annual,Number,Petrol (excluding hybrids)  ,Latvia,2024,4619
Annual,Number,Petrol (excluding hybrids)  ,Latvia,2025,4612
Annual,Number,Petrol (excluding hybrids)  ,Montenegro,2016,999
Annual,Number,Petrol (excluding hybrids)  ,Montenegro,2017,1297
Annual,Number,Petrol (excluding hybrids)  ,Montenegro,2018,1600
Annual,Number,Petrol (excluding hybrids)  ,Montenegro,2019,1998
Annual,Number,Petrol (excluding hybrids)  ,Montenegro,2020,562
Annual,Number,Petrol (excluding hybrids)  ,Montenegro,2021,1650
Annual,Number,Petrol (excluding hybrids)  ,Montenegro,2022,1681
Annual,Number,Petrol (excluding hybrids)  ,Montenegro,2023,1024
Annual,Number,Petrol (excluding hybrids)  ,Montenegro,2024,3859
Annual,Number,Petrol (excluding hybrids)  ,Montenegro,2025,3583
Annual,Number,Petrol (excluding hybrids)  ,Malta,2015,4370
Annual,Number,Petrol (excluding hybrids)  ,Malta,2016,4560
Annual,Number,Petrol (excluding hybrids)  ,Malta,2017,4908
Annual,Number,Petrol (excluding hybrids)  ,Malta,2018,4955
Annual,Number,Petrol (excluding hybrids)  ,Malta,2019,4612
Annual,Number,Petrol (excluding hybrids)  ,Malta,2020,2701
Annual,Number,Petrol (excluding hybrids)  ,Malta,2021,2686
Annual,Number,Petrol (excluding hybrids)  ,Malta,2022,2411
Annual,Number,Petrol (excluding hybrids)  ,Malta,2023,2525
Annual,Number,Petrol (excluding hybrids)  ,Malta,2024,2453
Annual,Number,Petrol (excluding hybrids)  ,Malta,2025,1797
Annual,Number,Petrol (excluding hybrids)  ,Netherlands,2019,316274
Annual,Number,Petrol (excluding hybrids)  ,Netherlands,2020,205008
Annual,Number,Petrol (excluding hybrids)  ,Netherlands,2021,146821
Annual,Number,Petrol (excluding hybrids)  ,Netherlands,2022,119401
Annual,Number,Petrol (excluding hybrids)  ,Netherlands,2023,112216
Annual,Number,Petrol (excluding hybrids)  ,Netherlands,2024,83235
Annual,Number,Petrol (excluding hybrids)  ,Netherlands,2025,50717
Annual,Number,Petrol (excluding hybrids)  ,Norway,2016,45894
Annual,Number,Petrol (excluding hybrids)  ,Norway,2017,42492
Annual,Number,Petrol (excluding hybrids)  ,Norway,2018,36392
Annual,Number,Petrol (excluding hybrids)  ,Norway,2019,23294
Annual,Number,Petrol (excluding hybrids)  ,Norway,2020,11753
Annual,Number,Petrol (excluding hybrids)  ,Norway,2021,3760
Annual,Number,Petrol (excluding hybrids)  ,Norway,2022,2284
Annual,Number,Petrol (excluding hybrids)  ,Norway,2023,818
Annual,Number,Petrol (excluding hybrids)  ,Norway,2024,346
Annual,Number,Petrol (excluding hybrids)  ,Norway,2025,208
Annual,Number,Petrol (excluding hybrids)  ,Poland,2013,183184
Annual,Number,Petrol (excluding hybrids)  ,Poland,2014,199788
Annual,Number,Petrol (excluding hybrids)  ,Poland,2015,226638
Annual,Number,Petrol (excluding hybrids)  ,Poland,2016,271388
Annual,Number,Petrol (excluding hybrids)  ,Poland,2017,329538
Annual,Number,Petrol (excluding hybrids)  ,Poland,2018,377113
Annual,Number,Petrol (excluding hybrids)  ,Poland,2019,407613
Annual,Number,Petrol (excluding hybrids)  ,Poland,2020,292487
Annual,Number,Petrol (excluding hybrids)  ,Poland,2021,291872
Annual,Number,Petrol (excluding hybrids)  ,Poland,2022,262875
Annual,Number,Petrol (excluding hybrids)  ,Poland,2023,277876
Annual,Number,Petrol (excluding hybrids)  ,Poland,2024,312024
Annual,Number,Petrol (excluding hybrids)  ,Poland,2025,303686
Annual,Number,Petrol (excluding hybrids)  ,Portugal,2017,74357
Annual,Number,Petrol (excluding hybrids)  ,Portugal,2018,87083
Annual,Number,Petrol (excluding hybrids)  ,Portugal,2019,109847
Annual,Number,Petrol (excluding hybrids)  ,Portugal,2020,63916
Annual,Number,Petrol (excluding hybrids)  ,Portugal,2021,62883
Annual,Number,Petrol (excluding hybrids)  ,Portugal,2022,66058
Annual,Number,Petrol (excluding hybrids)  ,Portugal,2023,72281
Annual,Number,Petrol (excluding hybrids)  ,Portugal,2024,71537
Annual,Number,Petrol (excluding hybrids)  ,Portugal,2025,54852
Annual,Number,Petrol (excluding hybrids)  ,Romania,2013,25617
Annual,Number,Petrol (excluding hybrids)  ,Romania,2014,29362
Annual,Number,Petrol (excluding hybrids)  ,Romania,2015,408
Annual,Number,Petrol (excluding hybrids)  ,Romania,2016,44422
Annual,Number,Petrol (excluding hybrids)  ,Romania,2017,49664
Annual,Number,Petrol (excluding hybrids)  ,Romania,2018,71873
Annual,Number,Petrol (excluding hybrids)  ,Romania,2019,107810
Annual,Number,Petrol (excluding hybrids)  ,Romania,2020,66110
Annual,Number,Petrol (excluding hybrids)  ,Romania,2021,47813
Annual,Number,Petrol (excluding hybrids)  ,Romania,2022,53298
Annual,Number,Petrol (excluding hybrids)  ,Romania,2023,51034
Annual,Number,Petrol (excluding hybrids)  ,Romania,2024,49005
Annual,Number,Petrol (excluding hybrids)  ,Romania,2025,35654
Annual,Number,Petrol (excluding hybrids)  ,Serbia,2019,27948
Annual,Number,Petrol (excluding hybrids)  ,Serbia,2020,26182
Annual,Number,Petrol (excluding hybrids)  ,Serbia,2021,24878
Annual,Number,Petrol (excluding hybrids)  ,Serbia,2022,24786
Annual,Number,Petrol (excluding hybrids)  ,Serbia,2023,24581
Annual,Number,Petrol (excluding hybrids)  ,Serbia,2024,22977
Annual,Number,Petrol (excluding hybrids)  ,Serbia,2025,23282
Annual,Number,Petrol (excluding hybrids)  ,Sweden,2013,102849
Annual,Number,Petrol (excluding hybrids)  ,Sweden,2014,116519
Annual,Number,Petrol (excluding hybrids)  ,Sweden,2015,131576
Annual,Number,Petrol (excluding hybrids)  ,Sweden,2016,155318
Annual,Number,Petrol (excluding hybrids)  ,Sweden,2017,157794
Annual,Number,Petrol (excluding hybrids)  ,Sweden,2018,173813
Annual,Number,Petrol (excluding hybrids)  ,Sweden,2019,169199
Annual,Number,Petrol (excluding hybrids)  ,Sweden,2020,94448
Annual,Number,Petrol (excluding hybrids)  ,Sweden,2021,68405
Annual,Number,Petrol (excluding hybrids)  ,Sweden,2022,46962
Annual,Number,Petrol (excluding hybrids)  ,Sweden,2023,60582
Annual,Number,Petrol (excluding hybrids)  ,Sweden,2024,62677
Annual,Number,Petrol (excluding hybrids)  ,Sweden,2025,58312
Annual,Number,Petrol (excluding hybrids)  ,Slovenia,2013,23942
Annual,Number,Petrol (excluding hybrids)  ,Slovenia,2014,23916
Annual,Number,Petrol (excluding hybrids)  ,Slovenia,2015,29038
Annual,Number,Petrol (excluding hybrids)  ,Slovenia,2016,31429
Annual,Number,Petrol (excluding hybrids)  ,Slovenia,2017,38229
Annual,Number,Petrol (excluding hybrids)  ,Slovenia,2018,48240
Annual,Number,Petrol (excluding hybrids)  ,Slovenia,2019,47937
Annual,Number,Petrol (excluding hybrids)  ,Slovenia,2020,31529
Annual,Number,Petrol (excluding hybrids)  ,Slovenia,2021,31245
Annual,Number,Petrol (excluding hybrids)  ,Slovenia,2022,25989
Annual,Number,Petrol (excluding hybrids)  ,Slovenia,2023,25198
Annual,Number,Petrol (excluding hybrids)  ,Slovenia,2024,26811
Annual,Number,Petrol (excluding hybrids)  ,Slovenia,2025,25372
Annual,Number,Petrol (excluding hybrids)  ,Slovakia,2020,47263
Annual,Number,Petrol (excluding hybrids)  ,Slovakia,2021,42184
Annual,Number,Petrol (excluding hybrids)  ,Slovakia,2022,43903
Annual,Number,Petrol (excluding hybrids)  ,Slovakia,2023,41412
Annual,Number,Petrol (excluding hybrids)  ,Slovakia,2024,42130
Annual,Number,Petrol (excluding hybrids)  ,Slovakia,2025,38089
Annual,Number,Petrol (excluding hybrids)  ,Türkiye,2013,256479
Annual,Number,Petrol (excluding hybrids)  ,Türkiye,2014,210141
Annual,Number,Petrol (excluding hybrids)  ,Türkiye,2015,270634
Annual,Number,Petrol (excluding hybrids)  ,Türkiye,2016,271315
Annual,Number,Petrol (excluding hybrids)  ,Türkiye,2017,258940
Annual,Number,Petrol (excluding hybrids)  ,Türkiye,2018,175515
Annual,Number,Petrol (excluding hybrids)  ,Türkiye,2019,139898
Annual,Number,Petrol (excluding hybrids)  ,Türkiye,2020,300676
Annual,Number,Petrol (excluding hybrids)  ,Türkiye,2021,380973
Annual,Number,Petrol (excluding hybrids)  ,Türkiye,2022,396912
Annual,Number,Petrol (excluding hybrids)  ,Türkiye,2023,625501
Annual,Number,Petrol (excluding hybrids)  ,Türkiye,2024,616699
Annual,Number,Petrol (excluding hybrids)  ,Türkiye,2025,520412
Annual,Number,Petrol (excluding hybrids)  ,Ukraine,2019,28689
Annual,Number,Petrol (excluding hybrids)  ,Ukraine,2020,52907
Annual,Number,Petrol (excluding hybrids)  ,Ukraine,2021,65235
Annual,Number,Petrol (excluding hybrids)  ,Ukraine,2022,21775
Annual,Number,Petrol (excluding hybrids)  ,Ukraine,2023,28689
Annual,Number,Petrol (excluding hybrids)  ,Ukraine,2024,27057
Annual,Number,Petrol (excluding hybrids)  ,Ukraine,2025,25258
Annual,Number,Petrol (excluding hybrids)  ,United Kingdom,2015,1276159
Annual,Number,Petrol (excluding hybrids)  ,United Kingdom,2016,1313385
Annual,Number,Petrol (excluding hybrids)  ,United Kingdom,2017,1342152
Annual,Number,Petrol (excluding hybrids)  ,United Kingdom,2018,1459764
Annual,Number,Petrol (excluding hybrids)  ,United Kingdom,2021,891232
Annual,Number,Petrol (excluding hybrids)  ,United Kingdom,2022,801434
Annual,Number,Petrol (excluding hybrids)  ,United Kingdom,2023,875971
Annual,Number,Petrol (excluding hybrids)  ,United Kingdom,2024,727886
Annual,Number,Petrol (excluding hybrids)  ,Kosovo*,2017,2928
Annual,Number,Petrol (excluding hybrids)  ,Kosovo*,2018,2030
Annual,Number,Petrol (excluding hybrids)  ,Kosovo*,2019,0
Annual,Number,Petrol (excluding hybrids)  ,Kosovo*,2021,2615
Annual,Number,Petrol (excluding hybrids)  ,Kosovo*,2025,3764
Annual,Number,Other renewable fuels,Albania,2013,0
Annual,Number,Other renewable fuels,Albania,2014,0
Annual,Number,Other renewable fuels,Albania,2015,0
Annual,Number,Other renewable fuels,Albania,2016,0
Annual,Number,Other renewable fuels,Albania,2017,0
Annual,Number,Other renewable fuels,Albania,2018,0
Annual,Number,Other renewable fuels,Albania,2019,0
Annual,Number,Other renewable fuels,Albania,2020,0
Annual,Number,Other renewable fuels,Albania,2021,2
Annual,Number,Other renewable fuels,Albania,2022,0
Annual,Number,Other renewable fuels,Albania,2023,0
Annual,Number,Other renewable fuels,Albania,2024,0
Annual,Number,Other renewable fuels,Austria,2013,0
Annual,Number,Other renewable fuels,Austria,2014,0
Annual,Number,Other renewable fuels,Austria,2015,0
Annual,Number,Other renewable fuels,Austria,2016,0
Annual,Number,Other renewable fuels,Austria,2017,0
Annual,Number,Other renewable fuels,Austria,2018,0
Annual,Number,Other renewable fuels,Austria,2019,0
Annual,Number,Other renewable fuels,Austria,2020,0
Annual,Number,Other renewable fuels,Austria,2021,0
Annual,Number,Other renewable fuels,Austria,2022,0
Annual,Number,Other renewable fuels,Austria,2023,0
Annual,Number,Other renewable fuels,Austria,2024,0
Annual,Number,Other renewable fuels,Austria,2025,0
Annual,Number,Other renewable fuels,Bosnia and Herzegovina,2013,0
Annual,Number,Other renewable fuels,Bosnia and Herzegovina,2014,0
Annual,Number,Other renewable fuels,Bosnia and Herzegovina,2015,0
Annual,Number,Other renewable fuels,Bosnia and Herzegovina,2016,0
Annual,Number,Other renewable fuels,Bosnia and Herzegovina,2017,0
Annual,Number,Other renewable fuels,Bosnia and Herzegovina,2018,0
Annual,Number,Other renewable fuels,Bosnia and Herzegovina,2019,0
Annual,Number,Other renewable fuels,Bosnia and Herzegovina,2020,0
Annual,Number,Other renewable fuels,Bosnia and Herzegovina,2021,0
Annual,Number,Other renewable fuels,Bosnia and Herzegovina,2022,0
Annual,Number,Other renewable fuels,Bosnia and Herzegovina,2023,0
Annual,Number,Other renewable fuels,Bosnia and Herzegovina,2024,0
Annual,Number,Other renewable fuels,Bosnia and Herzegovina,2025,1
Annual,Number,Other renewable fuels,Belgium,2013,13
Annual,Number,Other renewable fuels,Belgium,2014,1
Annual,Number,Other renewable fuels,Belgium,2015,1
Annual,Number,Other renewable fuels,Belgium,2016,6
Annual,Number,Other renewable fuels,Belgium,2017,0
Annual,Number,Other renewable fuels,Belgium,2018,2
Annual,Number,Other renewable fuels,Belgium,2019,1
Annual,Number,Other renewable fuels,Belgium,2020,1
Annual,Number,Other renewable fuels,Belgium,2021,0
Annual,Number,Other renewable fuels,Belgium,2022,2
Annual,Number,Other renewable fuels,Belgium,2023,0
Annual,Number,Other renewable fuels,Belgium,2024,1
Annual,Number,Other renewable fuels,Belgium,2025,0
Annual,Number,Other renewable fuels,Bulgaria,2013,0
Annual,Number,Other renewable fuels,Bulgaria,2014,0
Annual,Number,Other renewable fuels,Bulgaria,2015,0
Annual,Number,Other renewable fuels,Bulgaria,2016,0
Annual,Number,Other renewable fuels,Bulgaria,2017,0
Annual,Number,Other renewable fuels,Bulgaria,2018,0
Annual,Number,Other renewable fuels,Bulgaria,2019,0
Annual,Number,Other renewable fuels,Bulgaria,2020,0
Annual,Number,Other renewable fuels,Bulgaria,2021,0
Annual,Number,Other renewable fuels,Bulgaria,2022,0
Annual,Number,Other renewable fuels,Bulgaria,2023,0
Annual,Number,Other renewable fuels,Bulgaria,2024,0
Annual,Number,Other renewable fuels,Switzerland,2013,0
Annual,Number,Other renewable fuels,Switzerland,2014,1
Annual,Number,Other renewable fuels,Switzerland,2015,1
Annual,Number,Other renewable fuels,Switzerland,2016,1
Annual,Number,Other renewable fuels,Switzerland,2017,0
Annual,Number,Other renewable fuels,Switzerland,2018,0
Annual,Number,Other renewable fuels,Switzerland,2019,2
Annual,Number,Other renewable fuels,Switzerland,2020,0
Annual,Number,Other renewable fuels,Switzerland,2021,1
Annual,Number,Other renewable fuels,Switzerland,2022,0
Annual,Number,Other renewable fuels,Switzerland,2023,0
Annual,Number,Other renewable fuels,Switzerland,2024,0
Annual,Number,Other renewable fuels,Switzerland,2025,2
Annual,Number,Other renewable fuels,Cyprus,2013,0
Annual,Number,Other renewable fuels,Cyprus,2014,0
Annual,Number,Other renewable fuels,Cyprus,2015,0
Annual,Number,Other renewable fuels,Cyprus,2016,0
Annual,Number,Other renewable fuels,Cyprus,2017,0
Annual,Number,Other renewable fuels,Cyprus,2018,0
Annual,Number,Other renewable fuels,Cyprus,2019,0
Annual,Number,Other renewable fuels,Cyprus,2020,0
Annual,Number,Other renewable fuels,Cyprus,2021,0
Annual,Number,Other renewable fuels,Cyprus,2022,0
Annual,Number,Other renewable fuels,Cyprus,2023,0
Annual,Number,Other renewable fuels,Cyprus,2024,0
Annual,Number,Other renewable fuels,Cyprus,2025,0
Annual,Number,Other renewable fuels,Czechia,2013,0
Annual,Number,Other renewable fuels,Czechia,2014,0
Annual,Number,Other renewable fuels,Czechia,2015,0
Annual,Number,Other renewable fuels,Czechia,2016,0
Annual,Number,Other renewable fuels,Czechia,2017,0
Annual,Number,Other renewable fuels,Czechia,2018,0
Annual,Number,Other renewable fuels,Czechia,2019,0
Annual,Number,Other renewable fuels,Czechia,2020,0
Annual,Number,Other renewable fuels,Czechia,2021,1
Annual,Number,Other renewable fuels,Czechia,2022,0
Annual,Number,Other renewable fuels,Czechia,2023,1
Annual,Number,Other renewable fuels,Czechia,2024,2
Annual,Number,Other renewable fuels,Czechia,2025,1
Annual,Number,Other renewable fuels,Germany,2013,0
Annual,Number,Other renewable fuels,Germany,2014,0
Annual,Number,Other renewable fuels,Germany,2015,0
Annual,Number,Other renewable fuels,Germany,2016,0
Annual,Number,Other renewable fuels,Germany,2017,0
Annual,Number,Other renewable fuels,Germany,2018,0
Annual,Number,Other renewable fuels,Germany,2019,0
Annual,Number,Other renewable fuels,Germany,2020,0
Annual,Number,Other renewable fuels,Germany,2021,0
Annual,Number,Other renewable fuels,Germany,2022,0
Annual,Number,Other renewable fuels,Germany,2023,0
Annual,Number,Other renewable fuels,Germany,2024,0
Annual,Number,Other renewable fuels,Denmark,2013,0
Annual,Number,Other renewable fuels,Denmark,2014,0
Annual,Number,Other renewable fuels,Denmark,2015,0
Annual,Number,Other renewable fuels,Denmark,2016,0
Annual,Number,Other renewable fuels,Denmark,2017,0
Annual,Number,Other renewable fuels,Denmark,2018,0
Annual,Number,Other renewable fuels,Denmark,2019,0
Annual,Number,Other renewable fuels,Denmark,2020,0
Annual,Number,Other renewable fuels,Denmark,2021,0
Annual,Number,Other renewable fuels,Denmark,2022,0
Annual,Number,Other renewable fuels,Denmark,2023,0
Annual,Number,Other renewable fuels,Denmark,2024,0
Annual,Number,Other renewable fuels,Denmark,2025,0
Annual,Number,Other renewable fuels,Estonia,2013,0
Annual,Number,Other renewable fuels,Estonia,2014,0
Annual,Number,Other renewable fuels,Estonia,2015,0
Annual,Number,Other renewable fuels,Estonia,2016,0
Annual,Number,Other renewable fuels,Estonia,2017,0
Annual,Number,Other renewable fuels,Estonia,2018,0
Annual,Number,Other renewable fuels,Estonia,2019,0
Annual,Number,Other renewable fuels,Estonia,2020,0
Annual,Number,Other renewable fuels,Estonia,2021,0
Annual,Number,Other renewable fuels,Estonia,2022,0
Annual,Number,Other renewable fuels,Estonia,2023,0
Annual,Number,Other renewable fuels,Estonia,2024,0
Annual,Number,Other renewable fuels,Greece,2013,0
Annual,Number,Other renewable fuels,Greece,2014,0
Annual,Number,Other renewable fuels,Greece,2015,0
Annual,Number,Other renewable fuels,Greece,2016,0
Annual,Number,Other renewable fuels,Greece,2017,0
Annual,Number,Other renewable fuels,Greece,2018,0
Annual,Number,Other renewable fuels,Greece,2019,0
Annual,Number,Other renewable fuels,Greece,2020,0
Annual,Number,Other renewable fuels,Greece,2021,0
Annual,Number,Other renewable fuels,Greece,2022,0
Annual,Number,Other renewable fuels,Greece,2023,0
Annual,Number,Other renewable fuels,Greece,2024,0
Annual,Number,Other renewable fuels,Spain,2013,0
Annual,Number,Other renewable fuels,Spain,2014,6
Annual,Number,Other renewable fuels,Spain,2015,5
Annual,Number,Other renewable fuels,Spain,2016,1
Annual,Number,Other renewable fuels,Spain,2017,0
Annual,Number,Other renewable fuels,Spain,2018,0
Annual,Number,Other renewable fuels,Spain,2019,0
Annual,Number,Other renewable fuels,Spain,2020,0
Annual,Number,Other renewable fuels,Spain,2021,1
Annual,Number,Other renewable fuels,Spain,2022,0
Annual,Number,Other renewable fuels,Spain,2023,0
Annual,Number,Other renewable fuels,Spain,2024,0
Annual,Number,Other renewable fuels,Spain,2025,59758
Annual,Number,Other renewable fuels,European Union - 27 countries (from 2020),2013,672
Annual,Number,Other renewable fuels,European Union - 27 countries (from 2020),2014,610
Annual,Number,Other renewable fuels,European Union - 27 countries (from 2020),2015,348
Annual,Number,Other renewable fuels,European Union - 27 countries (from 2020),2016,1086
Annual,Number,Other renewable fuels,European Union - 27 countries (from 2020),2017,12
Annual,Number,Other renewable fuels,European Union - 27 countries (from 2020),2018,55
Annual,Number,Other renewable fuels,European Union - 27 countries (from 2020),2019,80
Annual,Number,Other renewable fuels,European Union - 27 countries (from 2020),2020,61
Annual,Number,Other renewable fuels,European Union - 27 countries (from 2020),2021,21
Annual,Number,Other renewable fuels,European Union - 27 countries (from 2020),2022,34
Annual,Number,Other renewable fuels,European Union - 27 countries (from 2020),2023,4242
Annual,Number,Other renewable fuels,European Union - 27 countries (from 2020),2024,4027
Annual,Number,Other renewable fuels,Finland,2013,402
Annual,Number,Other renewable fuels,Finland,2014,344
Annual,Number,Other renewable fuels,Finland,2015,105
Annual,Number,Other renewable fuels,Finland,2016,14
Annual,Number,Other renewable fuels,Finland,2017,1
Annual,Number,Other renewable fuels,Finland,2018,0
Annual,Number,Other renewable fuels,Finland,2019,0
Annual,Number,Other renewable fuels,Finland,2020,0
Annual,Number,Other renewable fuels,Finland,2021,12
Annual,Number,Other renewable fuels,Finland,2022,27
Annual,Number,Other renewable fuels,Finland,2023,17
Annual,Number,Other renewable fuels,Finland,2024,43
Annual,Number,Other renewable fuels,Finland,2025,24
Annual,Number,Other renewable fuels,France,2013,238
Annual,Number,Other renewable fuels,France,2014,254
Annual,Number,Other renewable fuels,France,2015,231
Annual,Number,Other renewable fuels,France,2016,1062
Annual,Number,Other renewable fuels,France,2017,0
Annual,Number,Other renewable fuels,France,2018,0
Annual,Number,Other renewable fuels,France,2019,0
Annual,Number,Other renewable fuels,France,2020,0
Annual,Number,Other renewable fuels,France,2021,0
Annual,Number,Other renewable fuels,France,2022,0
Annual,Number,Other renewable fuels,France,2023,0
Annual,Number,Other renewable fuels,France,2024,0
Annual,Number,Other renewable fuels,Georgia,2013,0
Annual,Number,Other renewable fuels,Georgia,2014,0
Annual,Number,Other renewable fuels,Georgia,2015,0
Annual,Number,Other renewable fuels,Georgia,2016,0
Annual,Number,Other renewable fuels,Georgia,2017,0
Annual,Number,Other renewable fuels,Georgia,2018,0
Annual,Number,Other renewable fuels,Georgia,2019,0
Annual,Number,Other renewable fuels,Georgia,2020,0
Annual,Number,Other renewable fuels,Georgia,2021,0
Annual,Number,Other renewable fuels,Georgia,2022,0
Annual,Number,Other renewable fuels,Georgia,2023,0
Annual,Number,Other renewable fuels,Georgia,2024,0
Annual,Number,Other renewable fuels,Georgia,2025,0
Annual,Number,Other renewable fuels,Croatia,2013,0
Annual,Number,Other renewable fuels,Croatia,2014,0
Annual,Number,Other renewable fuels,Croatia,2015,0
Annual,Number,Other renewable fuels,Croatia,2016,0
Annual,Number,Other renewable fuels,Croatia,2017,0
Annual,Number,Other renewable fuels,Croatia,2018,0
Annual,Number,Other renewable fuels,Croatia,2019,0
Annual,Number,Other renewable fuels,Croatia,2020,0
Annual,Number,Other renewable fuels,Croatia,2021,0
Annual,Number,Other renewable fuels,Croatia,2022,0
Annual,Number,Other renewable fuels,Croatia,2023,0
Annual,Number,Other renewable fuels,Croatia,2024,0
Annual,Number,Other renewable fuels,Croatia,2025,0
Annual,Number,Other renewable fuels,Hungary,2013,0
Annual,Number,Other renewable fuels,Hungary,2014,0
Annual,Number,Other renewable fuels,Hungary,2015,0
Annual,Number,Other renewable fuels,Hungary,2016,0
Annual,Number,Other renewable fuels,Hungary,2017,0
Annual,Number,Other renewable fuels,Hungary,2018,0
Annual,Number,Other renewable fuels,Hungary,2019,0
Annual,Number,Other renewable fuels,Hungary,2020,0
Annual,Number,Other renewable fuels,Hungary,2021,0
Annual,Number,Other renewable fuels,Hungary,2022,0
Annual,Number,Other renewable fuels,Hungary,2023,0
Annual,Number,Other renewable fuels,Hungary,2024,0
Annual,Number,Other renewable fuels,Ireland,2013,0
Annual,Number,Other renewable fuels,Ireland,2014,0
Annual,Number,Other renewable fuels,Ireland,2015,0
Annual,Number,Other renewable fuels,Ireland,2016,0
Annual,Number,Other renewable fuels,Ireland,2017,0
Annual,Number,Other renewable fuels,Ireland,2018,0
Annual,Number,Other renewable fuels,Ireland,2019,0
Annual,Number,Other renewable fuels,Ireland,2020,0
Annual,Number,Other renewable fuels,Ireland,2021,0
Annual,Number,Other renewable fuels,Ireland,2022,0
Annual,Number,Other renewable fuels,Ireland,2023,0
Annual,Number,Other renewable fuels,Ireland,2024,0
Annual,Number,Other renewable fuels,Iceland,2013,0
Annual,Number,Other renewable fuels,Iceland,2014,0
Annual,Number,Other renewable fuels,Iceland,2015,0
Annual,Number,Other renewable fuels,Iceland,2016,0
Annual,Number,Other renewable fuels,Iceland,2017,0
Annual,Number,Other renewable fuels,Iceland,2018,0
Annual,Number,Other renewable fuels,Iceland,2019,0
Annual,Number,Other renewable fuels,Iceland,2020,0
Annual,Number,Other renewable fuels,Iceland,2021,0
Annual,Number,Other renewable fuels,Iceland,2022,0
Annual,Number,Other renewable fuels,Iceland,2023,0
Annual,Number,Other renewable fuels,Iceland,2024,0
Annual,Number,Other renewable fuels,Iceland,2025,0
Annual,Number,Other renewable fuels,Italy,2013,0
Annual,Number,Other renewable fuels,Italy,2014,0
Annual,Number,Other renewable fuels,Italy,2015,0
Annual,Number,Other renewable fuels,Italy,2016,0
Annual,Number,Other renewable fuels,Italy,2017,0
Annual,Number,Other renewable fuels,Italy,2018,0
Annual,Number,Other renewable fuels,Italy,2019,0
Annual,Number,Other renewable fuels,Italy,2020,0
Annual,Number,Other renewable fuels,Italy,2021,0
Annual,Number,Other renewable fuels,Italy,2022,0
Annual,Number,Other renewable fuels,Italy,2023,33
Annual,Number,Other renewable fuels,Italy,2024,0
Annual,Number,Other renewable fuels,Liechtenstein,2013,0
Annual,Number,Other renewable fuels,Liechtenstein,2014,0
Annual,Number,Other renewable fuels,Liechtenstein,2015,0
Annual,Number,Other renewable fuels,Liechtenstein,2016,0
Annual,Number,Other renewable fuels,Liechtenstein,2017,0
Annual,Number,Other renewable fuels,Liechtenstein,2018,0
Annual,Number,Other renewable fuels,Liechtenstein,2019,0
Annual,Number,Other renewable fuels,Liechtenstein,2020,0
Annual,Number,Other renewable fuels,Liechtenstein,2021,0
Annual,Number,Other renewable fuels,Liechtenstein,2022,0
Annual,Number,Other renewable fuels,Liechtenstein,2023,0
Annual,Number,Other renewable fuels,Liechtenstein,2024,0
Annual,Number,Other renewable fuels,Liechtenstein,2025,0
Annual,Number,Other renewable fuels,Lithuania,2013,0
Annual,Number,Other renewable fuels,Lithuania,2014,0
Annual,Number,Other renewable fuels,Lithuania,2015,0
Annual,Number,Other renewable fuels,Lithuania,2016,0
Annual,Number,Other renewable fuels,Lithuania,2017,0
Annual,Number,Other renewable fuels,Lithuania,2018,0
Annual,Number,Other renewable fuels,Lithuania,2019,0
Annual,Number,Other renewable fuels,Lithuania,2020,0
Annual,Number,Other renewable fuels,Lithuania,2021,0
Annual,Number,Other renewable fuels,Lithuania,2022,0
Annual,Number,Other renewable fuels,Lithuania,2023,0
Annual,Number,Other renewable fuels,Lithuania,2024,0
Annual,Number,Other renewable fuels,Lithuania,2025,0
Annual,Number,Other renewable fuels,Luxembourg,2013,0
Annual,Number,Other renewable fuels,Luxembourg,2014,0
Annual,Number,Other renewable fuels,Luxembourg,2015,0
Annual,Number,Other renewable fuels,Luxembourg,2016,0
Annual,Number,Other renewable fuels,Luxembourg,2017,0
Annual,Number,Other renewable fuels,Luxembourg,2018,0
Annual,Number,Other renewable fuels,Luxembourg,2019,0
Annual,Number,Other renewable fuels,Luxembourg,2020,0
Annual,Number,Other renewable fuels,Luxembourg,2021,0
Annual,Number,Other renewable fuels,Luxembourg,2022,0
Annual,Number,Other renewable fuels,Luxembourg,2023,0
Annual,Number,Other renewable fuels,Luxembourg,2024,0
Annual,Number,Other renewable fuels,Luxembourg,2025,1
Annual,Number,Other renewable fuels,Latvia,2013,0
Annual,Number,Other renewable fuels,Latvia,2014,0
Annual,Number,Other renewable fuels,Latvia,2015,0
Annual,Number,Other renewable fuels,Latvia,2016,0
Annual,Number,Other renewable fuels,Latvia,2017,0
Annual,Number,Other renewable fuels,Latvia,2018,0
Annual,Number,Other renewable fuels,Latvia,2019,0
Annual,Number,Other renewable fuels,Latvia,2020,0
Annual,Number,Other renewable fuels,Latvia,2021,0
Annual,Number,Other renewable fuels,Latvia,2022,0
Annual,Number,Other renewable fuels,Latvia,2023,0
Annual,Number,Other renewable fuels,Latvia,2024,0
Annual,Number,Other renewable fuels,Latvia,2025,0
Annual,Number,Other renewable fuels,Moldova,2013,0
Annual,Number,Other renewable fuels,Moldova,2014,0
Annual,Number,Other renewable fuels,Moldova,2015,0
Annual,Number,Other renewable fuels,Moldova,2016,0
Annual,Number,Other renewable fuels,Moldova,2017,0
Annual,Number,Other renewable fuels,Moldova,2018,0
Annual,Number,Other renewable fuels,Moldova,2019,0
Annual,Number,Other renewable fuels,Moldova,2020,0
Annual,Number,Other renewable fuels,Moldova,2021,0
Annual,Number,Other renewable fuels,Moldova,2022,0
Annual,Number,Other renewable fuels,Moldova,2023,0
Annual,Number,Other renewable fuels,Moldova,2024,0
Annual,Number,Other renewable fuels,Montenegro,2013,0
Annual,Number,Other renewable fuels,Montenegro,2014,0
Annual,Number,Other renewable fuels,Montenegro,2015,0
Annual,Number,Other renewable fuels,Montenegro,2016,0
Annual,Number,Other renewable fuels,Montenegro,2017,0
Annual,Number,Other renewable fuels,Montenegro,2018,0
Annual,Number,Other renewable fuels,Montenegro,2019,0
Annual,Number,Other renewable fuels,Montenegro,2020,0
Annual,Number,Other renewable fuels,Montenegro,2021,0
Annual,Number,Other renewable fuels,Montenegro,2022,0
Annual,Number,Other renewable fuels,Montenegro,2023,0
Annual,Number,Other renewable fuels,Montenegro,2024,0
Annual,Number,Other renewable fuels,North Macedonia,2013,0
Annual,Number,Other renewable fuels,North Macedonia,2014,0
Annual,Number,Other renewable fuels,North Macedonia,2015,0
Annual,Number,Other renewable fuels,North Macedonia,2016,0
Annual,Number,Other renewable fuels,North Macedonia,2017,0
Annual,Number,Other renewable fuels,North Macedonia,2018,0
Annual,Number,Other renewable fuels,North Macedonia,2019,0
Annual,Number,Other renewable fuels,North Macedonia,2020,0
Annual,Number,Other renewable fuels,North Macedonia,2021,0
Annual,Number,Other renewable fuels,North Macedonia,2022,0
Annual,Number,Other renewable fuels,North Macedonia,2023,0
Annual,Number,Other renewable fuels,North Macedonia,2024,0
Annual,Number,Other renewable fuels,Malta,2013,0
Annual,Number,Other renewable fuels,Malta,2014,0
Annual,Number,Other renewable fuels,Malta,2015,0
Annual,Number,Other renewable fuels,Malta,2016,0
Annual,Number,Other renewable fuels,Malta,2017,0
Annual,Number,Other renewable fuels,Malta,2018,0
Annual,Number,Other renewable fuels,Malta,2019,0
Annual,Number,Other renewable fuels,Malta,2020,0
Annual,Number,Other renewable fuels,Malta,2021,0
Annual,Number,Other renewable fuels,Malta,2022,0
Annual,Number,Other renewable fuels,Malta,2023,0
Annual,Number,Other renewable fuels,Malta,2024,0
Annual,Number,Other renewable fuels,Malta,2025,0
Annual,Number,Other renewable fuels,Netherlands,2013,0
Annual,Number,Other renewable fuels,Netherlands,2014,0
Annual,Number,Other renewable fuels,Netherlands,2015,0
Annual,Number,Other renewable fuels,Netherlands,2016,0
Annual,Number,Other renewable fuels,Netherlands,2017,0
Annual,Number,Other renewable fuels,Netherlands,2018,0
Annual,Number,Other renewable fuels,Netherlands,2019,0
Annual,Number,Other renewable fuels,Netherlands,2020,0
Annual,Number,Other renewable fuels,Netherlands,2021,0
Annual,Number,Other renewable fuels,Netherlands,2022,0
Annual,Number,Other renewable fuels,Netherlands,2023,0
Annual,Number,Other renewable fuels,Netherlands,2024,0
Annual,Number,Other renewable fuels,Netherlands,2025,0
Annual,Number,Other renewable fuels,Norway,2013,0
Annual,Number,Other renewable fuels,Norway,2014,0
Annual,Number,Other renewable fuels,Norway,2015,0
Annual,Number,Other renewable fuels,Norway,2016,0
Annual,Number,Other renewable fuels,Norway,2017,0
Annual,Number,Other renewable fuels,Norway,2018,0
Annual,Number,Other renewable fuels,Norway,2019,0
Annual,Number,Other renewable fuels,Norway,2020,2
Annual,Number,Other renewable fuels,Norway,2021,0
Annual,Number,Other renewable fuels,Norway,2022,0
Annual,Number,Other renewable fuels,Norway,2023,0
Annual,Number,Other renewable fuels,Norway,2024,0
Annual,Number,Other renewable fuels,Norway,2025,0
Annual,Number,Other renewable fuels,Poland,2013,16
Annual,Number,Other renewable fuels,Poland,2014,1
Annual,Number,Other renewable fuels,Poland,2015,2
Annual,Number,Other renewable fuels,Poland,2016,2
Annual,Number,Other renewable fuels,Poland,2017,11
Annual,Number,Other renewable fuels,Poland,2018,49
Annual,Number,Other renewable fuels,Poland,2019,76
Annual,Number,Other renewable fuels,Poland,2020,58
Annual,Number,Other renewable fuels,Poland,2021,0
Annual,Number,Other renewable fuels,Poland,2022,0
Annual,Number,Other renewable fuels,Poland,2023,0
Annual,Number,Other renewable fuels,Poland,2024,0
Annual,Number,Other renewable fuels,Portugal,2013,0
Annual,Number,Other renewable fuels,Portugal,2014,0
Annual,Number,Other renewable fuels,Portugal,2015,0
Annual,Number,Other renewable fuels,Portugal,2016,0
Annual,Number,Other renewable fuels,Portugal,2017,0
Annual,Number,Other renewable fuels,Portugal,2018,0
Annual,Number,Other renewable fuels,Portugal,2019,0
Annual,Number,Other renewable fuels,Portugal,2020,0
Annual,Number,Other renewable fuels,Portugal,2021,0
Annual,Number,Other renewable fuels,Portugal,2022,0
Annual,Number,Other renewable fuels,Portugal,2023,0
Annual,Number,Other renewable fuels,Portugal,2024,0
Annual,Number,Other renewable fuels,Portugal,2025,9
Annual,Number,Other renewable fuels,Romania,2013,0
Annual,Number,Other renewable fuels,Romania,2014,0
Annual,Number,Other renewable fuels,Romania,2015,0
Annual,Number,Other renewable fuels,Romania,2016,0
Annual,Number,Other renewable fuels,Romania,2017,0
Annual,Number,Other renewable fuels,Romania,2018,0
Annual,Number,Other renewable fuels,Romania,2019,0
Annual,Number,Other renewable fuels,Romania,2020,0
Annual,Number,Other renewable fuels,Romania,2021,0
Annual,Number,Other renewable fuels,Romania,2022,0
Annual,Number,Other renewable fuels,Romania,2023,0
Annual,Number,Other renewable fuels,Romania,2024,0
Annual,Number,Other renewable fuels,Serbia,2013,0
Annual,Number,Other renewable fuels,Serbia,2014,0
Annual,Number,Other renewable fuels,Serbia,2015,0
Annual,Number,Other renewable fuels,Serbia,2016,0
Annual,Number,Other renewable fuels,Serbia,2017,0
Annual,Number,Other renewable fuels,Serbia,2018,0
Annual,Number,Other renewable fuels,Serbia,2019,0
Annual,Number,Other renewable fuels,Serbia,2020,0
Annual,Number,Other renewable fuels,Serbia,2021,0
Annual,Number,Other renewable fuels,Serbia,2022,0
Annual,Number,Other renewable fuels,Serbia,2023,0
Annual,Number,Other renewable fuels,Serbia,2024,0
Annual,Number,Other renewable fuels,Serbia,2025,3
Annual,Number,Other renewable fuels,Sweden,2013,3
Annual,Number,Other renewable fuels,Sweden,2014,4
Annual,Number,Other renewable fuels,Sweden,2015,4
Annual,Number,Other renewable fuels,Sweden,2016,1
Annual,Number,Other renewable fuels,Sweden,2017,0
Annual,Number,Other renewable fuels,Sweden,2018,4
Annual,Number,Other renewable fuels,Sweden,2019,3
Annual,Number,Other renewable fuels,Sweden,2020,2
Annual,Number,Other renewable fuels,Sweden,2021,7
Annual,Number,Other renewable fuels,Sweden,2022,5
Annual,Number,Other renewable fuels,Sweden,2023,4191
Annual,Number,Other renewable fuels,Sweden,2024,3981
Annual,Number,Other renewable fuels,Sweden,2025,1898
Annual,Number,Other renewable fuels,Slovenia,2013,0
Annual,Number,Other renewable fuels,Slovenia,2014,0
Annual,Number,Other renewable fuels,Slovenia,2015,0
Annual,Number,Other renewable fuels,Slovenia,2016,0
Annual,Number,Other renewable fuels,Slovenia,2017,0
Annual,Number,Other renewable fuels,Slovenia,2018,0
Annual,Number,Other renewable fuels,Slovenia,2019,0
Annual,Number,Other renewable fuels,Slovenia,2020,0
Annual,Number,Other renewable fuels,Slovenia,2021,0
Annual,Number,Other renewable fuels,Slovenia,2022,0
Annual,Number,Other renewable fuels,Slovenia,2023,0
Annual,Number,Other renewable fuels,Slovenia,2024,0
Annual,Number,Other renewable fuels,Slovakia,2013,0
Annual,Number,Other renewable fuels,Slovakia,2014,0
Annual,Number,Other renewable fuels,Slovakia,2015,0
Annual,Number,Other renewable fuels,Slovakia,2016,0
Annual,Number,Other renewable fuels,Slovakia,2017,0
Annual,Number,Other renewable fuels,Slovakia,2018,0
Annual,Number,Other renewable fuels,Slovakia,2019,0
Annual,Number,Other renewable fuels,Slovakia,2020,0
Annual,Number,Other renewable fuels,Slovakia,2021,0
Annual,Number,Other renewable fuels,Slovakia,2022,0
Annual,Number,Other renewable fuels,Slovakia,2023,0
Annual,Number,Other renewable fuels,Slovakia,2024,0
Annual,Number,Other renewable fuels,Türkiye,2013,0
Annual,Number,Other renewable fuels,Türkiye,2014,0
Annual,Number,Other renewable fuels,Türkiye,2015,0
Annual,Number,Other renewable fuels,Türkiye,2016,0
Annual,Number,Other renewable fuels,Türkiye,2017,0
Annual,Number,Other renewable fuels,Türkiye,2018,0
Annual,Number,Other renewable fuels,Türkiye,2019,0
Annual,Number,Other renewable fuels,Türkiye,2020,0
Annual,Number,Other renewable fuels,Türkiye,2021,0
Annual,Number,Other renewable fuels,Türkiye,2022,0
Annual,Number,Other renewable fuels,Türkiye,2023,0
Annual,Number,Other renewable fuels,Türkiye,2024,0
Annual,Number,Other renewable fuels,Türkiye,2025,6
Annual,Number,Other renewable fuels,Ukraine,2013,0
Annual,Number,Other renewable fuels,Ukraine,2014,0
Annual,Number,Other renewable fuels,Ukraine,2015,0
Annual,Number,Other renewable fuels,Ukraine,2016,0
Annual,Number,Other renewable fuels,Ukraine,2017,0
Annual,Number,Other renewable fuels,Ukraine,2018,0
Annual,Number,Other renewable fuels,Ukraine,2019,0
Annual,Number,Other renewable fuels,Ukraine,2020,0
Annual,Number,Other renewable fuels,Ukraine,2021,0
Annual,Number,Other renewable fuels,Ukraine,2022,0
Annual,Number,Other renewable fuels,Ukraine,2023,0
Annual,Number,Other renewable fuels,Ukraine,2024,0
Annual,Number,Other renewable fuels,United Kingdom,2013,0
Annual,Number,Other renewable fuels,United Kingdom,2014,0
Annual,Number,Other renewable fuels,United Kingdom,2015,0
Annual,Number,Other renewable fuels,United Kingdom,2016,0
Annual,Number,Other renewable fuels,United Kingdom,2017,0
Annual,Number,Other renewable fuels,United Kingdom,2018,0
Annual,Number,Other renewable fuels,United Kingdom,2019,0
Annual,Number,Other renewable fuels,United Kingdom,2020,0
Annual,Number,Other renewable fuels,United Kingdom,2021,0
Annual,Number,Other renewable fuels,United Kingdom,2022,0
Annual,Number,Other renewable fuels,United Kingdom,2023,0
Annual,Number,Other renewable fuels,United Kingdom,2024,0
Annual,Number,Other renewable fuels,Kosovo*,2013,0
Annual,Number,Other renewable fuels,Kosovo*,2014,0
Annual,Number,Other renewable fuels,Kosovo*,2015,0
Annual,Number,Other renewable fuels,Kosovo*,2016,0
Annual,Number,Other renewable fuels,Kosovo*,2017,0
Annual,Number,Other renewable fuels,Kosovo*,2018,1
Annual,Number,Other renewable fuels,Kosovo*,2019,0
Annual,Number,Other renewable fuels,Kosovo*,2020,0
Annual,Number,Other renewable fuels,Kosovo*,2021,0
Annual,Number,Other renewable fuels,Kosovo*,2022,0
Annual,Number,Other renewable fuels,Kosovo*,2023,0
Annual,Number,Other renewable fuels,Kosovo*,2024,0
Annual,Number,Other renewable fuels,Kosovo*,2025,0
Annual,Number,Total,Albania,2019,42681
Annual,Number,Total,Albania,2020,43661
Annual,Number,Total,Albania,2021,58208
Annual,Number,Total,Albania,2022,49459
Annual,Number,Total,Albania,2023,66004
Annual,Number,Total,Albania,2024,82931
Annual,Number,Total,Austria,2013,319035
Annual,Number,Total,Austria,2014,303318
Annual,Number,Total,Austria,2015,308555
Annual,Number,Total,Austria,2016,329604
Annual,Number,Total,Austria,2017,353320
Annual,Number,Total,Austria,2018,341068
Annual,Number,Total,Austria,2019,329363
Annual,Number,Total,Austria,2020,248740
Annual,Number,Total,Austria,2021,239803
Annual,Number,Total,Austria,2022,215050
Annual,Number,Total,Austria,2023,239150
Annual,Number,Total,Austria,2024,253789
Annual,Number,Total,Austria,2025,284978
Annual,Number,Total,Bosnia and Herzegovina,2013,6055
Annual,Number,Total,Bosnia and Herzegovina,2014,5976
Annual,Number,Total,Bosnia and Herzegovina,2015,5709
Annual,Number,Total,Bosnia and Herzegovina,2016,7450
Annual,Number,Total,Bosnia and Herzegovina,2017,8164
Annual,Number,Total,Bosnia and Herzegovina,2018,8476
Annual,Number,Total,Bosnia and Herzegovina,2019,8680
Annual,Number,Total,Bosnia and Herzegovina,2020,6505
Annual,Number,Total,Bosnia and Herzegovina,2021,7337
Annual,Number,Total,Bosnia and Herzegovina,2022,7967
Annual,Number,Total,Bosnia and Herzegovina,2023,9027
Annual,Number,Total,Bosnia and Herzegovina,2024,9150
Annual,Number,Total,Bosnia and Herzegovina,2025,9964
Annual,Number,Total,Belgium,2013,490369
Annual,Number,Total,Belgium,2014,487711
Annual,Number,Total,Belgium,2015,506284
Annual,Number,Total,Belgium,2016,546142
Annual,Number,Total,Belgium,2017,553692
Annual,Number,Total,Belgium,2018,557487
Annual,Number,Total,Belgium,2019,558003
Annual,Number,Total,Belgium,2020,439038
Annual,Number,Total,Belgium,2021,392769
Annual,Number,Total,Belgium,2022,374597
Annual,Number,Total,Belgium,2023,484639
Annual,Number,Total,Belgium,2024,456303
Annual,Number,Total,Belgium,2025,422041
Annual,Number,Total,Bulgaria,2013,15114
Annual,Number,Total,Bulgaria,2014,16626
Annual,Number,Total,Bulgaria,2015,17271
Annual,Number,Total,Bulgaria,2016,20386
Annual,Number,Total,Bulgaria,2017,25995
Annual,Number,Total,Bulgaria,2018,28584
Annual,Number,Total,Bulgaria,2019,32885
Annual,Number,Total,Bulgaria,2020,20429
Annual,Number,Total,Bulgaria,2021,24467
Annual,Number,Total,Bulgaria,2022,28568
Annual,Number,Total,Bulgaria,2023,37476
Annual,Number,Total,Bulgaria,2024,42799
Annual,Number,Total,Bulgaria,2025,49182
Annual,Number,Total,Switzerland,2013,313353
Annual,Number,Total,Switzerland,2014,307403
Annual,Number,Total,Switzerland,2015,330985
Annual,Number,Total,Switzerland,2016,323620
Annual,Number,Total,Switzerland,2017,319765
Annual,Number,Total,Switzerland,2018,304663
Annual,Number,Total,Switzerland,2019,318065
Annual,Number,Total,Switzerland,2020,245510
Annual,Number,Total,Switzerland,2021,250901
Annual,Number,Total,Switzerland,2022,236751
Annual,Number,Total,Switzerland,2023,263514
Annual,Number,Total,Switzerland,2024,252547
Annual,Number,Total,Switzerland,2025,237382
Annual,Number,Total,Cyprus,2013,7047
Annual,Number,Total,Cyprus,2014,8271
Annual,Number,Total,Cyprus,2015,10078
Annual,Number,Total,Cyprus,2016,12468
Annual,Number,Total,Cyprus,2017,13118
Annual,Number,Total,Cyprus,2018,13126
Annual,Number,Total,Cyprus,2019,12601
Annual,Number,Total,Cyprus,2020,10237
Annual,Number,Total,Cyprus,2021,10611
Annual,Number,Total,Cyprus,2022,11577
Annual,Number,Total,Cyprus,2023,14637
Annual,Number,Total,Cyprus,2024,15061
Annual,Number,Total,Cyprus,2025,14633
Annual,Number,Total,Czechia,2013,164627
Annual,Number,Total,Czechia,2014,192923
Annual,Number,Total,Czechia,2015,229731
Annual,Number,Total,Czechia,2016,257854
Annual,Number,Total,Czechia,2017,269622
Annual,Number,Total,Czechia,2018,259525
Annual,Number,Total,Czechia,2019,247567
Annual,Number,Total,Czechia,2020,198400
Annual,Number,Total,Czechia,2021,205397
Annual,Number,Total,Czechia,2022,177644
Annual,Number,Total,Czechia,2023,212662
Annual,Number,Total,Czechia,2024,217520
Annual,Number,Total,Czechia,2025,228529
Annual,Number,Total,Germany,2013,2952431
Annual,Number,Total,Germany,2014,3036773
Annual,Number,Total,Germany,2015,3206042
Annual,Number,Total,Germany,2016,3285904
Annual,Number,Total,Germany,2017,3441262
Annual,Number,Total,Germany,2018,3435778
Annual,Number,Total,Germany,2019,3607258
Annual,Number,Total,Germany,2020,2917678
Annual,Number,Total,Germany,2021,2622132
Annual,Number,Total,Germany,2022,2651357
Annual,Number,Total,Germany,2023,2844609
Annual,Number,Total,Germany,2024,2817331
Annual,Number,Total,Germany,2025,2857591
Annual,Number,Total,Denmark,2013,180642
Annual,Number,Total,Denmark,2014,188406
Annual,Number,Total,Denmark,2015,206653
Annual,Number,Total,Denmark,2016,222469
Annual,Number,Total,Denmark,2017,221473
Annual,Number,Total,Denmark,2018,218475
Annual,Number,Total,Denmark,2019,225620
Annual,Number,Total,Denmark,2020,198979
Annual,Number,Total,Denmark,2021,186592
Annual,Number,Total,Denmark,2022,149285
Annual,Number,Total,Denmark,2023,173374
Annual,Number,Total,Denmark,2024,173461
Annual,Number,Total,Denmark,2025,186631
Annual,Number,Total,Estonia,2013,19690
Annual,Number,Total,Estonia,2014,21128
Annual,Number,Total,Estonia,2015,21064
Annual,Number,Total,Estonia,2016,23020
Annual,Number,Total,Estonia,2017,25621
Annual,Number,Total,Estonia,2018,26299
Annual,Number,Total,Estonia,2019,27579
Annual,Number,Total,Estonia,2020,19295
Annual,Number,Total,Estonia,2021,22610
Annual,Number,Total,Estonia,2022,20558
Annual,Number,Total,Estonia,2023,22986
Annual,Number,Total,Estonia,2024,25744
Annual,Number,Total,Estonia,2025,13141
Annual,Number,Total,Greece,2013,58659
Annual,Number,Total,Greece,2014,70810
Annual,Number,Total,Greece,2015,75497
Annual,Number,Total,Greece,2016,78790
Annual,Number,Total,Greece,2017,88001
Annual,Number,Total,Greece,2018,103322
Annual,Number,Total,Greece,2019,114007
Annual,Number,Total,Greece,2020,79597
Annual,Number,Total,Greece,2021,100274
Annual,Number,Total,Greece,2022,105219
Annual,Number,Total,Greece,2023,134465
Annual,Number,Total,Greece,2024,136984
Annual,Number,Total,Greece,2025,144036
Annual,Number,Total,Spain,2013,742305
Annual,Number,Total,Spain,2014,890125
Annual,Number,Total,Spain,2015,1047782
Annual,Number,Total,Spain,2016,1228412
Annual,Number,Total,Spain,2017,1339232
Annual,Number,Total,Spain,2018,1439270
Annual,Number,Total,Spain,2019,1372821
Annual,Number,Total,Spain,2020,927523
Annual,Number,Total,Spain,2021,918831
Annual,Number,Total,Spain,2022,851525
Annual,Number,Total,Spain,2023,983721
Annual,Number,Total,Spain,2024,1067172
Annual,Number,Total,Spain,2025,1206838
Annual,Number,Total,European Union - 27 countries (from 2020),2013,9637545
Annual,Number,Total,European Union - 27 countries (from 2020),2014,10109718
Annual,Number,Total,European Union - 27 countries (from 2020),2015,11107413
Annual,Number,Total,European Union - 27 countries (from 2020),2016,11982392
Annual,Number,Total,European Union - 27 countries (from 2020),2017,12795786
Annual,Number,Total,European Union - 27 countries (from 2020),2018,13017959
Annual,Number,Total,European Union - 27 countries (from 2020),2019,13235768
Annual,Number,Total,European Union - 27 countries (from 2020),2020,10131016
Annual,Number,Total,European Union - 27 countries (from 2020),2021,9881857
Annual,Number,Total,European Union - 27 countries (from 2020),2022,9360702
Annual,Number,Total,European Union - 27 countries (from 2020),2023,10654676
Annual,Number,Total,European Union - 27 countries (from 2020),2024,10759893
Annual,Number,Total,European Union - 27 countries (from 2020),2025,10937447
Annual,Number,Total,Finland,2013,103450
Annual,Number,Total,Finland,2014,106235
Annual,Number,Total,Finland,2015,108819
Annual,Number,Total,Finland,2016,119000
Annual,Number,Total,Finland,2017,118587
Annual,Number,Total,Finland,2018,120505
Annual,Number,Total,Finland,2019,114202
Annual,Number,Total,Finland,2020,96418
Annual,Number,Total,Finland,2021,98485
Annual,Number,Total,Finland,2022,81700
Annual,Number,Total,Finland,2023,87509
Annual,Number,Total,Finland,2024,74075
Annual,Number,Total,Finland,2025,71891
Annual,Number,Total,France,2013,1756953
Annual,Number,Total,France,2014,1765855
Annual,Number,Total,France,2015,1886229
Annual,Number,Total,France,2016,1984471
Annual,Number,Total,France,2017,2157670
Annual,Number,Total,France,2018,2223581
Annual,Number,Total,France,2019,2258277
Annual,Number,Total,France,2020,1693530
Annual,Number,Total,France,2021,1708675
Annual,Number,Total,France,2022,1576950
Annual,Number,Total,France,2023,1841326
Annual,Number,Total,France,2024,1781580
Annual,Number,Total,France,2025,1690293
Annual,Number,Total,Georgia,2017,2731
Annual,Number,Total,Georgia,2018,3432
Annual,Number,Total,Georgia,2019,4153
Annual,Number,Total,Georgia,2020,2396
Annual,Number,Total,Georgia,2021,3551
Annual,Number,Total,Georgia,2022,5419
Annual,Number,Total,Georgia,2023,6422
Annual,Number,Total,Georgia,2024,8473
Annual,Number,Total,Georgia,2025,8579
Annual,Number,Total,Croatia,2013,27802
Annual,Number,Total,Croatia,2014,33997
Annual,Number,Total,Croatia,2015,34820
Annual,Number,Total,Croatia,2016,43015
Annual,Number,Total,Croatia,2017,50412
Annual,Number,Total,Croatia,2018,59856
Annual,Number,Total,Croatia,2019,62975
Annual,Number,Total,Croatia,2020,36047
Annual,Number,Total,Croatia,2021,35246
Annual,Number,Total,Croatia,2022,37044
Annual,Number,Total,Croatia,2023,43866
Annual,Number,Total,Croatia,2024,47806
Annual,Number,Total,Croatia,2025,52917
Annual,Number,Total,Hungary,2013,56510
Annual,Number,Total,Hungary,2014,68016
Annual,Number,Total,Hungary,2015,77414
Annual,Number,Total,Hungary,2016,96735
Annual,Number,Total,Hungary,2017,116305
Annual,Number,Total,Hungary,2018,136755
Annual,Number,Total,Hungary,2019,158167
Annual,Number,Total,Hungary,2020,128196
Annual,Number,Total,Hungary,2021,122080
Annual,Number,Total,Hungary,2022,111631
Annual,Number,Total,Hungary,2023,107860
Annual,Number,Total,Hungary,2024,121674
Annual,Number,Total,Hungary,2025,129440
Annual,Number,Total,Ireland,2013,74960
Annual,Number,Total,Ireland,2014,84136
Annual,Number,Total,Ireland,2015,129959
Annual,Number,Total,Ireland,2016,149763
Annual,Number,Total,Ireland,2017,133579
Annual,Number,Total,Ireland,2018,128549
Annual,Number,Total,Ireland,2019,126104
Annual,Number,Total,Ireland,2020,92393
Annual,Number,Total,Ireland,2021,108615
Annual,Number,Total,Ireland,2022,107620
Annual,Number,Total,Ireland,2023,125530
Annual,Number,Total,Ireland,2024,125138
Annual,Number,Total,Ireland,2025,127372
Annual,Number,Total,Iceland,2013,7274
Annual,Number,Total,Iceland,2014,9536
Annual,Number,Total,Iceland,2015,14029
Annual,Number,Total,Iceland,2016,18442
Annual,Number,Total,Iceland,2017,25900
Annual,Number,Total,Iceland,2018,21227
Annual,Number,Total,Iceland,2019,13636
Annual,Number,Total,Iceland,2020,10622
Annual,Number,Total,Iceland,2021,15787
Annual,Number,Total,Iceland,2022,16673
Annual,Number,Total,Iceland,2023,17543
Annual,Number,Total,Iceland,2024,10233
Annual,Number,Total,Iceland,2025,14547
Annual,Number,Total,Italy,2013,1311334
Annual,Number,Total,Italy,2014,1376185
Annual,Number,Total,Italy,2015,1593857
Annual,Number,Total,Italy,2016,1848841
Annual,Number,Total,Italy,2017,1993826
Annual,Number,Total,Italy,2018,1944312
Annual,Number,Total,Italy,2019,1948479
Annual,Number,Total,Italy,2020,1437259
Annual,Number,Total,Italy,2021,1518876
Annual,Number,Total,Italy,2022,1335690
Annual,Number,Total,Italy,2023,1581156
Annual,Number,Total,Italy,2024,1592098
Annual,Number,Total,Italy,2025,1550451
Annual,Number,Total,Liechtenstein,2013,1920
Annual,Number,Total,Liechtenstein,2014,1800
Annual,Number,Total,Liechtenstein,2015,2049
Annual,Number,Total,Liechtenstein,2016,1984
Annual,Number,Total,Liechtenstein,2017,2024
Annual,Number,Total,Liechtenstein,2018,1849
Annual,Number,Total,Liechtenstein,2019,1953
Annual,Number,Total,Liechtenstein,2020,1510
Annual,Number,Total,Liechtenstein,2021,1627
Annual,Number,Total,Liechtenstein,2022,1524
Annual,Number,Total,Liechtenstein,2023,1590
Annual,Number,Total,Liechtenstein,2024,1567
Annual,Number,Total,Liechtenstein,2025,1411
Annual,Number,Total,Lithuania,2013,12257
Annual,Number,Total,Lithuania,2014,11699
Annual,Number,Total,Lithuania,2015,13757
Annual,Number,Total,Lithuania,2016,16402
Annual,Number,Total,Lithuania,2017,19083
Annual,Number,Total,Lithuania,2018,21678
Annual,Number,Total,Lithuania,2019,25609
Annual,Number,Total,Lithuania,2020,40878
Annual,Number,Total,Lithuania,2021,28209
Annual,Number,Total,Lithuania,2022,24115
Annual,Number,Total,Lithuania,2023,26866
Annual,Number,Total,Lithuania,2024,27857
Annual,Number,Total,Lithuania,2025,36063
Annual,Number,Total,Luxembourg,2013,46624
Annual,Number,Total,Luxembourg,2014,49793
Annual,Number,Total,Luxembourg,2015,46473
Annual,Number,Total,Luxembourg,2016,50561
Annual,Number,Total,Luxembourg,2017,52775
Annual,Number,Total,Luxembourg,2018,52811
Annual,Number,Total,Luxembourg,2019,55008
Annual,Number,Total,Luxembourg,2020,45189
Annual,Number,Total,Luxembourg,2021,44372
Annual,Number,Total,Luxembourg,2022,42094
Annual,Number,Total,Luxembourg,2023,49155
Annual,Number,Total,Luxembourg,2024,46635
Annual,Number,Total,Luxembourg,2025,47530
Annual,Number,Total,Latvia,2013,11070
Annual,Number,Total,Latvia,2014,13173
Annual,Number,Total,Latvia,2015,14291
Annual,Number,Total,Latvia,2016,16768
Annual,Number,Total,Latvia,2017,17064
Annual,Number,Total,Latvia,2018,17185
Annual,Number,Total,Latvia,2019,18537
Annual,Number,Total,Latvia,2020,13725
Annual,Number,Total,Latvia,2021,14621
Annual,Number,Total,Latvia,2022,16715
Annual,Number,Total,Latvia,2023,18451
Annual,Number,Total,Latvia,2024,17135
Annual,Number,Total,Latvia,2025,22568
Annual,Number,Total,Moldova,2013,29698
Annual,Number,Total,Moldova,2014,24843
Annual,Number,Total,Moldova,2015,17031
Annual,Number,Total,Moldova,2016,17208
Annual,Number,Total,Moldova,2017,42225
Annual,Number,Total,Moldova,2018,27009
Annual,Number,Total,Moldova,2019,32733
Annual,Number,Total,Moldova,2020,30339
Annual,Number,Total,Moldova,2021,41021
Annual,Number,Total,Moldova,2022,31391
Annual,Number,Total,Moldova,2023,46033
Annual,Number,Total,Moldova,2024,53226
Annual,Number,Total,Moldova,2025,55095
Annual,Number,Total,Montenegro,2014,1864
Annual,Number,Total,Montenegro,2015,2217
Annual,Number,Total,Montenegro,2016,2300
Annual,Number,Total,Montenegro,2017,2979
Annual,Number,Total,Montenegro,2018,3225
Annual,Number,Total,Montenegro,2019,3196
Annual,Number,Total,Montenegro,2020,3981
Annual,Number,Total,Montenegro,2021,2990
Annual,Number,Total,Montenegro,2022,4066
Annual,Number,Total,Montenegro,2023,2975
Annual,Number,Total,Montenegro,2024,7136
Annual,Number,Total,Montenegro,2025,7285
Annual,Number,Total,North Macedonia,2013,31927
Annual,Number,Total,North Macedonia,2014,29766
Annual,Number,Total,North Macedonia,2015,29308
Annual,Number,Total,North Macedonia,2016,30423
Annual,Number,Total,North Macedonia,2017,26609
Annual,Number,Total,North Macedonia,2018,33072
Annual,Number,Total,North Macedonia,2019,39217
Annual,Number,Total,North Macedonia,2020,29952
Annual,Number,Total,North Macedonia,2021,39427
Annual,Number,Total,North Macedonia,2022,28018
Annual,Number,Total,North Macedonia,2023,35509
Annual,Number,Total,North Macedonia,2024,44151
Annual,Number,Total,North Macedonia,2025,42159
Annual,Number,Total,Malta,2013,5749
Annual,Number,Total,Malta,2014,6451
Annual,Number,Total,Malta,2015,7168
Annual,Number,Total,Malta,2016,7306
Annual,Number,Total,Malta,2017,7776
Annual,Number,Total,Malta,2018,8175
Annual,Number,Total,Malta,2019,7698
Annual,Number,Total,Malta,2020,4602
Annual,Number,Total,Malta,2021,5250
Annual,Number,Total,Malta,2022,6429
Annual,Number,Total,Malta,2023,7464
Annual,Number,Total,Malta,2024,7683
Annual,Number,Total,Malta,2025,6537
Annual,Number,Total,Netherlands,2013,416717
Annual,Number,Total,Netherlands,2014,387568
Annual,Number,Total,Netherlands,2015,448906
Annual,Number,Total,Netherlands,2016,382512
Annual,Number,Total,Netherlands,2017,414306
Annual,Number,Total,Netherlands,2018,443529
Annual,Number,Total,Netherlands,2019,445218
Annual,Number,Total,Netherlands,2020,355432
Annual,Number,Total,Netherlands,2021,322318
Annual,Number,Total,Netherlands,2022,312070
Annual,Number,Total,Netherlands,2023,369635
Annual,Number,Total,Netherlands,2024,381463
Annual,Number,Total,Netherlands,2025,387578
Annual,Number,Total,Norway,2013,150018
Annual,Number,Total,Norway,2014,149963
Annual,Number,Total,Norway,2015,158577
Annual,Number,Total,Norway,2016,160404
Annual,Number,Total,Norway,2017,167692
Annual,Number,Total,Norway,2018,158837
Annual,Number,Total,Norway,2019,148682
Annual,Number,Total,Norway,2020,157503
Annual,Number,Total,Norway,2021,182618
Annual,Number,Total,Norway,2022,180864
Annual,Number,Total,Norway,2023,128731
Annual,Number,Total,Norway,2024,130653
Annual,Number,Total,Norway,2025,182031
Annual,Number,Total,Poland,2013,290983
Annual,Number,Total,Poland,2014,327709
Annual,Number,Total,Poland,2015,356337
Annual,Number,Total,Poland,2016,418058
Annual,Number,Total,Poland,2017,490651
Annual,Number,Total,Poland,2018,540396
Annual,Number,Total,Poland,2019,561153
Annual,Number,Total,Poland,2020,432394
Annual,Number,Total,Poland,2021,450831
Annual,Number,Total,Poland,2022,421565
Annual,Number,Total,Poland,2023,477258
Annual,Number,Total,Poland,2024,554248
Annual,Number,Total,Poland,2025,600504
Annual,Number,Total,Portugal,2013,105921
Annual,Number,Total,Portugal,2014,142826
Annual,Number,Total,Portugal,2015,178495
Annual,Number,Total,Portugal,2016,207330
Annual,Number,Total,Portugal,2017,224037
Annual,Number,Total,Portugal,2018,228139
Annual,Number,Total,Portugal,2019,223674
Annual,Number,Total,Portugal,2020,145270
Annual,Number,Total,Portugal,2021,146641
Annual,Number,Total,Portugal,2022,158258
Annual,Number,Total,Portugal,2023,200237
Annual,Number,Total,Portugal,2024,210411
Annual,Number,Total,Portugal,2025,224886
Annual,Number,Total,Romania,2013,57700
Annual,Number,Total,Romania,2014,70175
Annual,Number,Total,Romania,2015,81175
Annual,Number,Total,Romania,2016,95181
Annual,Number,Total,Romania,2017,106873
Annual,Number,Total,Romania,2018,130921
Annual,Number,Total,Romania,2019,161564
Annual,Number,Total,Romania,2020,126329
Annual,Number,Total,Romania,2021,121210
Annual,Number,Total,Romania,2022,129324
Annual,Number,Total,Romania,2023,144609
Annual,Number,Total,Romania,2024,151105
Annual,Number,Total,Romania,2025,156800
Annual,Number,Total,Serbia,2015,30572
Annual,Number,Total,Serbia,2016,34461
Annual,Number,Total,Serbia,2017,40461
Annual,Number,Total,Serbia,2018,43954
Annual,Number,Total,Serbia,2019,49926
Annual,Number,Total,Serbia,2020,45061
Annual,Number,Total,Serbia,2021,41301
Annual,Number,Total,Serbia,2022,42256
Annual,Number,Total,Serbia,2023,45960
Annual,Number,Total,Serbia,2024,49282
Annual,Number,Total,Serbia,2025,52826
Annual,Number,Total,Sweden,2013,292162
Annual,Number,Total,Sweden,2014,324030
Annual,Number,Total,Sweden,2015,361908
Annual,Number,Total,Sweden,2016,387997
Annual,Number,Total,Sweden,2017,392717
Annual,Number,Total,Sweden,2018,365513
Annual,Number,Total,Sweden,2019,366946
Annual,Number,Total,Sweden,2020,293771
Annual,Number,Total,Sweden,2021,303906
Annual,Number,Total,Sweden,2022,289779
Annual,Number,Total,Sweden,2023,290768
Annual,Number,Total,Sweden,2024,270744
Annual,Number,Total,Sweden,2025,274694
Annual,Number,Total,Slovenia,2013,51968
Annual,Number,Total,Slovenia,2014,54086
Annual,Number,Total,Slovenia,2015,60668
Annual,Number,Total,Slovenia,2016,64899
Annual,Number,Total,Slovenia,2017,72477
Annual,Number,Total,Slovenia,2018,74518
Annual,Number,Total,Slovenia,2019,72710
Annual,Number,Total,Slovenia,2020,53367
Annual,Number,Total,Slovenia,2021,53428
Annual,Number,Total,Slovenia,2022,45679
Annual,Number,Total,Slovenia,2023,48455
Annual,Number,Total,Slovenia,2024,52533
Annual,Number,Total,Slovenia,2025,57758
Annual,Number,Total,Slovakia,2013,65466
Annual,Number,Total,Slovakia,2014,71693
Annual,Number,Total,Slovakia,2015,78180
Annual,Number,Total,Slovakia,2016,88504
Annual,Number,Total,Slovakia,2017,96312
Annual,Number,Total,Slovakia,2018,98602
Annual,Number,Total,Slovakia,2019,101743
Annual,Number,Total,Slovakia,2020,76300
Annual,Number,Total,Slovakia,2021,75608
Annual,Number,Total,Slovakia,2022,78659
Annual,Number,Total,Slovakia,2023,86812
Annual,Number,Total,Slovakia,2024,91544
Annual,Number,Total,Slovakia,2025,92565
Annual,Number,Total,Türkiye,2013,654905
Annual,Number,Total,Türkiye,2014,585814
Annual,Number,Total,Türkiye,2015,746395
Annual,Number,Total,Türkiye,2016,746074
Annual,Number,Total,Türkiye,2017,741902
Annual,Number,Total,Türkiye,2018,526235
Annual,Number,Total,Türkiye,2019,386748
Annual,Number,Total,Türkiye,2020,601525
Annual,Number,Total,Türkiye,2021,614037
Annual,Number,Total,Türkiye,2022,566280
Annual,Number,Total,Türkiye,2023,945768
Annual,Number,Total,Türkiye,2024,1014830
Annual,Number,Total,Türkiye,2025,1120427
Annual,Number,Total,Ukraine,2019,62951
Annual,Number,Total,Ukraine,2020,88797
Annual,Number,Total,Ukraine,2021,107771
Annual,Number,Total,Ukraine,2022,39090
Annual,Number,Total,Ukraine,2023,62951
Annual,Number,Total,Ukraine,2024,68757
Annual,Number,Total,Ukraine,2025,79929
Annual,Number,Total,United Kingdom,2013,2264737
Annual,Number,Total,United Kingdom,2014,2476435
Annual,Number,Total,United Kingdom,2015,2602146
Annual,Number,Total,United Kingdom,2016,2665251
Annual,Number,Total,United Kingdom,2017,2509330
Annual,Number,Total,United Kingdom,2018,2341505
Annual,Number,Total,United Kingdom,2019,2311140
Annual,Number,Total,United Kingdom,2020,1631064
Annual,Number,Total,United Kingdom,2021,1640224
Annual,Number,Total,United Kingdom,2022,1613141
Annual,Number,Total,United Kingdom,2023,1899737
Annual,Number,Total,United Kingdom,2024,1950341
Annual,Number,Total,Kosovo*,2017,19500
Annual,Number,Total,Kosovo*,2018,9842
Annual,Number,Total,Kosovo*,2019,22587
Annual,Number,Total,Kosovo*,2021,27171
Annual,Number,Total,Kosovo*,2025,39378
